ISO-10303-21;
HEADER;
FILE_DESCRIPTION(('Open CASCADE Model'),'2;1');
FILE_NAME('Open CASCADE Shape Model','2026-10-06T13:00:52',('Author'),(
    'Open CASCADE'),'Open CASCADE STEP processor 7.9','Open CASCADE 7.9'
  ,'Unknown');
FILE_SCHEMA(('AUTOMOTIVE_DESIGN { 1 0 10303 214 1 1 1 1 }'));
ENDSEC;
DATA;
#1 = APPLICATION_PROTOCOL_DEFINITION('international standard',
  'automotive_design',2000,#2);
#2 = APPLICATION_CONTEXT(
  'core data for automotive mechanical design processes');
#3 = SHAPE_DEFINITION_REPRESENTATION(#4,#10);
#4 = PRODUCT_DEFINITION_SHAPE('','',#5);
#5 = PRODUCT_DEFINITION('design','',#6,#9);
#6 = PRODUCT_DEFINITION_FORMATION('','',#7);
#7 = PRODUCT('Open CASCADE STEP translator 7.9 8',
  'Open CASCADE STEP translator 7.9 8','',(#8));
#8 = PRODUCT_CONTEXT('',#2,'mechanical');
#9 = PRODUCT_DEFINITION_CONTEXT('part definition',#2,'design');
#10 = ADVANCED_BREP_SHAPE_REPRESENTATION('',(#11,#15),#2798);
#11 = AXIS2_PLACEMENT_3D('',#12,#13,#14);
#12 = CARTESIAN_POINT('',(0.,0.,0.));
#13 = DIRECTION('',(0.,0.,1.));
#14 = DIRECTION('',(1.,0.,-0.));
#15 = MANIFOLD_SOLID_BREP('',#16);
#16 = CLOSED_SHELL('',(#17,#1037,#1076,#1106,#1182,#1231,#1280,#1307,
    #1383,#1432,#1481,#1508,#1584,#1633,#1682,#1709,#1785,#1834,#1883,
    #1910,#1986,#2035,#2084,#2111,#2187,#2236,#2285,#2312,#2388,#2437,
    #2486,#2513,#2589,#2638,#2687,#2714,#2742,#2749,#2756,#2763,#2770,
    #2777,#2784,#2791));
#17 = ADVANCED_FACE('',(#18,#109,#225,#341,#457,#573,#689,#805,#921),#31
  ,.F.);
#18 = FACE_BOUND('',#19,.F.);
#19 = EDGE_LOOP('',(#20,#58,#81,#108));
#20 = ORIENTED_EDGE('',*,*,#21,.T.);
#21 = EDGE_CURVE('',#22,#22,#24,.T.);
#22 = VERTEX_POINT('',#23);
#23 = CARTESIAN_POINT('',(-2.22044604925E-15,67.,20.));
#24 = SURFACE_CURVE('',#25,(#30,#42),.PCURVE_S1.);
#25 = CIRCLE('',#26,67.);
#26 = AXIS2_PLACEMENT_3D('',#27,#28,#29);
#27 = CARTESIAN_POINT('',(-2.22044604925E-15,0.,20.));
#28 = DIRECTION('',(1.110223024625E-16,0.,-1.));
#29 = DIRECTION('',(0.,1.,0.));
#30 = PCURVE('',#31,#36);
#31 = CYLINDRICAL_SURFACE('',#32,67.);
#32 = AXIS2_PLACEMENT_3D('',#33,#34,#35);
#33 = CARTESIAN_POINT('',(-2.22044604925E-15,0.,20.));
#34 = DIRECTION('',(1.110223024625E-16,0.,-1.));
#35 = DIRECTION('',(0.,1.,0.));
#36 = DEFINITIONAL_REPRESENTATION('',(#37),#41);
#37 = LINE('',#38,#39);
#38 = CARTESIAN_POINT('',(0.,0.));
#39 = VECTOR('',#40,1.);
#40 = DIRECTION('',(1.,0.));
#41 = ( GEOMETRIC_REPRESENTATION_CONTEXT(2) 
PARAMETRIC_REPRESENTATION_CONTEXT() REPRESENTATION_CONTEXT('2D SPACE',''
  ) );
#42 = PCURVE('',#43,#48);
#43 = PLANE('',#44);
#44 = AXIS2_PLACEMENT_3D('',#45,#46,#47);
#45 = CARTESIAN_POINT('',(-2.22044604925E-15,0.,20.));
#46 = DIRECTION('',(-1.110223024625E-16,-0.,1.));
#47 = DIRECTION('',(-0.,-1.,-0.));
#48 = DEFINITIONAL_REPRESENTATION('',(#49),#57);
#49 = ( BOUNDED_CURVE() B_SPLINE_CURVE(2,(#50,#51,#52,#53,#54,#55,#56),
.UNSPECIFIED.,.T.,.F.) B_SPLINE_CURVE_WITH_KNOTS((1,2,2,2,2,1),(
    -2.094395102393,0.,2.094395102393,4.188790204786,6.28318530718,
8.377580409573),.UNSPECIFIED.) CURVE() GEOMETRIC_REPRESENTATION_ITEM() 
RATIONAL_B_SPLINE_CURVE((1.,0.5,1.,0.5,1.,0.5,1.)) REPRESENTATION_ITEM(
  '') );
#50 = CARTESIAN_POINT('',(-67.,0.));
#51 = CARTESIAN_POINT('',(-67.,116.04740410711));
#52 = CARTESIAN_POINT('',(33.5,58.023702053557));
#53 = CARTESIAN_POINT('',(134.,1.641026710857E-14));
#54 = CARTESIAN_POINT('',(33.5,-58.02370205355));
#55 = CARTESIAN_POINT('',(-67.,-116.0474041071));
#56 = CARTESIAN_POINT('',(-67.,0.));
#57 = ( GEOMETRIC_REPRESENTATION_CONTEXT(2) 
PARAMETRIC_REPRESENTATION_CONTEXT() REPRESENTATION_CONTEXT('2D SPACE',''
  ) );
#58 = ORIENTED_EDGE('',*,*,#59,.T.);
#59 = EDGE_CURVE('',#22,#60,#62,.T.);
#60 = VERTEX_POINT('',#61);
#61 = CARTESIAN_POINT('',(2.22044604925E-15,67.,-20.));
#62 = SEAM_CURVE('',#63,(#67,#74),.PCURVE_S1.);
#63 = LINE('',#64,#65);
#64 = CARTESIAN_POINT('',(-2.22044604925E-15,67.,20.));
#65 = VECTOR('',#66,1.);
#66 = DIRECTION('',(1.110223024625E-16,0.,-1.));
#67 = PCURVE('',#31,#68);
#68 = DEFINITIONAL_REPRESENTATION('',(#69),#73);
#69 = LINE('',#70,#71);
#70 = CARTESIAN_POINT('',(0.,0.));
#71 = VECTOR('',#72,1.);
#72 = DIRECTION('',(0.,1.));
#73 = ( GEOMETRIC_REPRESENTATION_CONTEXT(2) 
PARAMETRIC_REPRESENTATION_CONTEXT() REPRESENTATION_CONTEXT('2D SPACE',''
  ) );
#74 = PCURVE('',#31,#75);
#75 = DEFINITIONAL_REPRESENTATION('',(#76),#80);
#76 = LINE('',#77,#78);
#77 = CARTESIAN_POINT('',(6.28318530718,0.));
#78 = VECTOR('',#79,1.);
#79 = DIRECTION('',(0.,1.));
#80 = ( GEOMETRIC_REPRESENTATION_CONTEXT(2) 
PARAMETRIC_REPRESENTATION_CONTEXT() REPRESENTATION_CONTEXT('2D SPACE',''
  ) );
#81 = ORIENTED_EDGE('',*,*,#82,.F.);
#82 = EDGE_CURVE('',#60,#60,#83,.T.);
#83 = SURFACE_CURVE('',#84,(#89,#96),.PCURVE_S1.);
#84 = CIRCLE('',#85,67.);
#85 = AXIS2_PLACEMENT_3D('',#86,#87,#88);
#86 = CARTESIAN_POINT('',(2.22044604925E-15,0.,-20.));
#87 = DIRECTION('',(1.110223024625E-16,0.,-1.));
#88 = DIRECTION('',(0.,1.,0.));
#89 = PCURVE('',#31,#90);
#90 = DEFINITIONAL_REPRESENTATION('',(#91),#95);
#91 = LINE('',#92,#93);
#92 = CARTESIAN_POINT('',(0.,40.));
#93 = VECTOR('',#94,1.);
#94 = DIRECTION('',(1.,0.));
#95 = ( GEOMETRIC_REPRESENTATION_CONTEXT(2) 
PARAMETRIC_REPRESENTATION_CONTEXT() REPRESENTATION_CONTEXT('2D SPACE',''
  ) );
#96 = PCURVE('',#97,#102);
#97 = PLANE('',#98);
#98 = AXIS2_PLACEMENT_3D('',#99,#100,#101);
#99 = CARTESIAN_POINT('',(2.22044604925E-15,0.,-20.));
#100 = DIRECTION('',(1.110223024625E-16,0.,-1.));
#101 = DIRECTION('',(-0.,1.,0.));
#102 = DEFINITIONAL_REPRESENTATION('',(#103),#107);
#103 = CIRCLE('',#104,67.);
#104 = AXIS2_PLACEMENT_2D('',#105,#106);
#105 = CARTESIAN_POINT('',(0.,0.));
#106 = DIRECTION('',(1.,-0.));
#107 = ( GEOMETRIC_REPRESENTATION_CONTEXT(2) 
PARAMETRIC_REPRESENTATION_CONTEXT() REPRESENTATION_CONTEXT('2D SPACE',''
  ) );
#108 = ORIENTED_EDGE('',*,*,#59,.F.);
#109 = FACE_BOUND('',#110,.F.);
#110 = EDGE_LOOP('',(#111,#142,#170,#199));
#111 = ORIENTED_EDGE('',*,*,#112,.F.);
#112 = EDGE_CURVE('',#113,#115,#117,.T.);
#113 = VERTEX_POINT('',#114);
#114 = CARTESIAN_POINT('',(23.030527656329,62.917364819826,16.));
#115 = VERTEX_POINT('',#116);
#116 = CARTESIAN_POINT('',(28.204253038392,60.774337598581,16.));
#117 = SURFACE_CURVE('',#118,(#123,#130),.PCURVE_S1.);
#118 = CIRCLE('',#119,67.);
#119 = AXIS2_PLACEMENT_3D('',#120,#121,#122);
#120 = CARTESIAN_POINT('',(-1.7763568394E-15,0.,16.));
#121 = DIRECTION('',(1.110223024625E-16,0.,-1.));
#122 = DIRECTION('',(0.,1.,0.));
#123 = PCURVE('',#31,#124);
#124 = DEFINITIONAL_REPRESENTATION('',(#125),#129);
#125 = LINE('',#126,#127);
#126 = CARTESIAN_POINT('',(0.,4.));
#127 = VECTOR('',#128,1.);
#128 = DIRECTION('',(1.,0.));
#129 = ( GEOMETRIC_REPRESENTATION_CONTEXT(2) 
PARAMETRIC_REPRESENTATION_CONTEXT() REPRESENTATION_CONTEXT('2D SPACE',''
  ) );
#130 = PCURVE('',#131,#136);
#131 = PLANE('',#132);
#132 = AXIS2_PLACEMENT_3D('',#133,#134,#135);
#133 = CARTESIAN_POINT('',(27.040334019161,57.964388516849,16.));
#134 = DIRECTION('',(1.110223024625E-16,0.,-1.));
#135 = DIRECTION('',(0.382683432365,0.923879532511,4.248639577543E-17));
#136 = DEFINITIONAL_REPRESENTATION('',(#137),#141);
#137 = CIRCLE('',#138,67.);
#138 = AXIS2_PLACEMENT_2D('',#139,#140);
#139 = CARTESIAN_POINT('',(-63.9,-2.8));
#140 = DIRECTION('',(0.923879532511,-0.382683432365));
#141 = ( GEOMETRIC_REPRESENTATION_CONTEXT(2) 
PARAMETRIC_REPRESENTATION_CONTEXT() REPRESENTATION_CONTEXT('2D SPACE',''
  ) );
#142 = ORIENTED_EDGE('',*,*,#143,.T.);
#143 = EDGE_CURVE('',#113,#144,#146,.T.);
#144 = VERTEX_POINT('',#145);
#145 = CARTESIAN_POINT('',(23.030527656329,62.917364819826,-16.));
#146 = SURFACE_CURVE('',#147,(#151,#158),.PCURVE_S1.);
#147 = LINE('',#148,#149);
#148 = CARTESIAN_POINT('',(23.030527656329,62.917364819826,20.));
#149 = VECTOR('',#150,1.);
#150 = DIRECTION('',(1.110223024625E-16,0.,-1.));
#151 = PCURVE('',#31,#152);
#152 = DEFINITIONAL_REPRESENTATION('',(#153),#157);
#153 = LINE('',#154,#155);
#154 = CARTESIAN_POINT('',(0.350895862735,0.));
#155 = VECTOR('',#156,1.);
#156 = DIRECTION('',(0.,1.));
#157 = ( GEOMETRIC_REPRESENTATION_CONTEXT(2) 
PARAMETRIC_REPRESENTATION_CONTEXT() REPRESENTATION_CONTEXT('2D SPACE',''
  ) );
#158 = PCURVE('',#159,#164);
#159 = PLANE('',#160);
#160 = AXIS2_PLACEMENT_3D('',#161,#162,#163);
#161 = CARTESIAN_POINT('',(21.866608637098,60.107415738093,16.));
#162 = DIRECTION('',(-0.923879532511,0.382683432365,-1.025712328974E-16)
  );
#163 = DIRECTION('',(0.382683432365,0.923879532511,4.248639577543E-17));
#164 = DEFINITIONAL_REPRESENTATION('',(#165),#169);
#165 = LINE('',#166,#167);
#166 = CARTESIAN_POINT('',(3.041466969286,-4.));
#167 = VECTOR('',#168,1.);
#168 = DIRECTION('',(0.,1.));
#169 = ( GEOMETRIC_REPRESENTATION_CONTEXT(2) 
PARAMETRIC_REPRESENTATION_CONTEXT() REPRESENTATION_CONTEXT('2D SPACE',''
  ) );
#170 = ORIENTED_EDGE('',*,*,#171,.T.);
#171 = EDGE_CURVE('',#144,#172,#174,.T.);
#172 = VERTEX_POINT('',#173);
#173 = CARTESIAN_POINT('',(28.204253038392,60.774337598581,-16.));
#174 = SURFACE_CURVE('',#175,(#180,#187),.PCURVE_S1.);
#175 = CIRCLE('',#176,67.);
#176 = AXIS2_PLACEMENT_3D('',#177,#178,#179);
#177 = CARTESIAN_POINT('',(1.7763568394E-15,0.,-16.));
#178 = DIRECTION('',(1.110223024625E-16,0.,-1.));
#179 = DIRECTION('',(0.,1.,0.));
#180 = PCURVE('',#31,#181);
#181 = DEFINITIONAL_REPRESENTATION('',(#182),#186);
#182 = LINE('',#183,#184);
#183 = CARTESIAN_POINT('',(0.,36.));
#184 = VECTOR('',#185,1.);
#185 = DIRECTION('',(1.,0.));
#186 = ( GEOMETRIC_REPRESENTATION_CONTEXT(2) 
PARAMETRIC_REPRESENTATION_CONTEXT() REPRESENTATION_CONTEXT('2D SPACE',''
  ) );
#187 = PCURVE('',#188,#193);
#188 = PLANE('',#189);
#189 = AXIS2_PLACEMENT_3D('',#190,#191,#192);
#190 = CARTESIAN_POINT('',(27.040334019161,57.964388516849,-16.));
#191 = DIRECTION('',(1.110223024625E-16,0.,-1.));
#192 = DIRECTION('',(0.382683432365,0.923879532511,4.248639577543E-17));
#193 = DEFINITIONAL_REPRESENTATION('',(#194),#198);
#194 = CIRCLE('',#195,67.);
#195 = AXIS2_PLACEMENT_2D('',#196,#197);
#196 = CARTESIAN_POINT('',(-63.9,-2.8));
#197 = DIRECTION('',(0.923879532511,-0.382683432365));
#198 = ( GEOMETRIC_REPRESENTATION_CONTEXT(2) 
PARAMETRIC_REPRESENTATION_CONTEXT() REPRESENTATION_CONTEXT('2D SPACE',''
  ) );
#199 = ORIENTED_EDGE('',*,*,#200,.F.);
#200 = EDGE_CURVE('',#115,#172,#201,.T.);
#201 = SURFACE_CURVE('',#202,(#206,#213),.PCURVE_S1.);
#202 = LINE('',#203,#204);
#203 = CARTESIAN_POINT('',(28.204253038392,60.774337598581,20.));
#204 = VECTOR('',#205,1.);
#205 = DIRECTION('',(1.110223024625E-16,0.,-1.));
#206 = PCURVE('',#31,#207);
#207 = DEFINITIONAL_REPRESENTATION('',(#208),#212);
#208 = LINE('',#209,#210);
#209 = CARTESIAN_POINT('',(0.434502300662,0.));
#210 = VECTOR('',#211,1.);
#211 = DIRECTION('',(0.,1.));
#212 = ( GEOMETRIC_REPRESENTATION_CONTEXT(2) 
PARAMETRIC_REPRESENTATION_CONTEXT() REPRESENTATION_CONTEXT('2D SPACE',''
  ) );
#213 = PCURVE('',#214,#219);
#214 = PLANE('',#215);
#215 = AXIS2_PLACEMENT_3D('',#216,#217,#218);
#216 = CARTESIAN_POINT('',(27.040334019161,57.964388516849,16.));
#217 = DIRECTION('',(-0.923879532511,0.382683432365,-1.025712328974E-16)
  );
#218 = DIRECTION('',(0.382683432365,0.923879532511,4.248639577543E-17));
#219 = DEFINITIONAL_REPRESENTATION('',(#220),#224);
#220 = LINE('',#221,#222);
#221 = CARTESIAN_POINT('',(3.041466969286,-4.));
#222 = VECTOR('',#223,1.);
#223 = DIRECTION('',(0.,1.));
#224 = ( GEOMETRIC_REPRESENTATION_CONTEXT(2) 
PARAMETRIC_REPRESENTATION_CONTEXT() REPRESENTATION_CONTEXT('2D SPACE',''
  ) );
#225 = FACE_BOUND('',#226,.F.);
#226 = EDGE_LOOP('',(#227,#258,#286,#315));
#227 = ORIENTED_EDGE('',*,*,#228,.F.);
#228 = EDGE_CURVE('',#229,#231,#233,.T.);
#229 = VERTEX_POINT('',#230);
#230 = CARTESIAN_POINT('',(60.774337598581,28.204253038392,16.));
#231 = VERTEX_POINT('',#232);
#232 = CARTESIAN_POINT('',(62.917364819826,23.030527656329,16.));
#233 = SURFACE_CURVE('',#234,(#239,#246),.PCURVE_S1.);
#234 = CIRCLE('',#235,67.);
#235 = AXIS2_PLACEMENT_3D('',#236,#237,#238);
#236 = CARTESIAN_POINT('',(-1.7763568394E-15,0.,16.));
#237 = DIRECTION('',(1.110223024625E-16,0.,-1.));
#238 = DIRECTION('',(0.,1.,0.));
#239 = PCURVE('',#31,#240);
#240 = DEFINITIONAL_REPRESENTATION('',(#241),#245);
#241 = LINE('',#242,#243);
#242 = CARTESIAN_POINT('',(0.,4.));
#243 = VECTOR('',#244,1.);
#244 = DIRECTION('',(1.,0.));
#245 = ( GEOMETRIC_REPRESENTATION_CONTEXT(2) 
PARAMETRIC_REPRESENTATION_CONTEXT() REPRESENTATION_CONTEXT('2D SPACE',''
  ) );
#246 = PCURVE('',#247,#252);
#247 = PLANE('',#248);
#248 = AXIS2_PLACEMENT_3D('',#249,#250,#251);
#249 = CARTESIAN_POINT('',(60.107415738093,21.866608637098,16.));
#250 = DIRECTION('',(1.110223024625E-16,0.,-1.));
#251 = DIRECTION('',(0.923879532511,0.382683432365,1.025712328974E-16));
#252 = DEFINITIONAL_REPRESENTATION('',(#253),#257);
#253 = CIRCLE('',#254,67.);
#254 = AXIS2_PLACEMENT_2D('',#255,#256);
#255 = CARTESIAN_POINT('',(-63.9,-2.8));
#256 = DIRECTION('',(0.382683432365,-0.923879532511));
#257 = ( GEOMETRIC_REPRESENTATION_CONTEXT(2) 
PARAMETRIC_REPRESENTATION_CONTEXT() REPRESENTATION_CONTEXT('2D SPACE',''
  ) );
#258 = ORIENTED_EDGE('',*,*,#259,.T.);
#259 = EDGE_CURVE('',#229,#260,#262,.T.);
#260 = VERTEX_POINT('',#261);
#261 = CARTESIAN_POINT('',(60.774337598581,28.204253038392,-16.));
#262 = SURFACE_CURVE('',#263,(#267,#274),.PCURVE_S1.);
#263 = LINE('',#264,#265);
#264 = CARTESIAN_POINT('',(60.774337598581,28.204253038392,20.));
#265 = VECTOR('',#266,1.);
#266 = DIRECTION('',(1.110223024625E-16,0.,-1.));
#267 = PCURVE('',#31,#268);
#268 = DEFINITIONAL_REPRESENTATION('',(#269),#273);
#269 = LINE('',#270,#271);
#270 = CARTESIAN_POINT('',(1.136294026133,0.));
#271 = VECTOR('',#272,1.);
#272 = DIRECTION('',(0.,1.));
#273 = ( GEOMETRIC_REPRESENTATION_CONTEXT(2) 
PARAMETRIC_REPRESENTATION_CONTEXT() REPRESENTATION_CONTEXT('2D SPACE',''
  ) );
#274 = PCURVE('',#275,#280);
#275 = PLANE('',#276);
#276 = AXIS2_PLACEMENT_3D('',#277,#278,#279);
#277 = CARTESIAN_POINT('',(57.964388516849,27.040334019161,16.));
#278 = DIRECTION('',(-0.382683432365,0.923879532511,-4.248639577543E-17)
  );
#279 = DIRECTION('',(0.923879532511,0.382683432365,1.025712328974E-16));
#280 = DEFINITIONAL_REPRESENTATION('',(#281),#285);
#281 = LINE('',#282,#283);
#282 = CARTESIAN_POINT('',(3.041466969286,-4.));
#283 = VECTOR('',#284,1.);
#284 = DIRECTION('',(0.,1.));
#285 = ( GEOMETRIC_REPRESENTATION_CONTEXT(2) 
PARAMETRIC_REPRESENTATION_CONTEXT() REPRESENTATION_CONTEXT('2D SPACE',''
  ) );
#286 = ORIENTED_EDGE('',*,*,#287,.T.);
#287 = EDGE_CURVE('',#260,#288,#290,.T.);
#288 = VERTEX_POINT('',#289);
#289 = CARTESIAN_POINT('',(62.917364819826,23.030527656329,-16.));
#290 = SURFACE_CURVE('',#291,(#296,#303),.PCURVE_S1.);
#291 = CIRCLE('',#292,67.);
#292 = AXIS2_PLACEMENT_3D('',#293,#294,#295);
#293 = CARTESIAN_POINT('',(1.7763568394E-15,0.,-16.));
#294 = DIRECTION('',(1.110223024625E-16,0.,-1.));
#295 = DIRECTION('',(0.,1.,0.));
#296 = PCURVE('',#31,#297);
#297 = DEFINITIONAL_REPRESENTATION('',(#298),#302);
#298 = LINE('',#299,#300);
#299 = CARTESIAN_POINT('',(0.,36.));
#300 = VECTOR('',#301,1.);
#301 = DIRECTION('',(1.,0.));
#302 = ( GEOMETRIC_REPRESENTATION_CONTEXT(2) 
PARAMETRIC_REPRESENTATION_CONTEXT() REPRESENTATION_CONTEXT('2D SPACE',''
  ) );
#303 = PCURVE('',#304,#309);
#304 = PLANE('',#305);
#305 = AXIS2_PLACEMENT_3D('',#306,#307,#308);
#306 = CARTESIAN_POINT('',(60.107415738093,21.866608637098,-16.));
#307 = DIRECTION('',(1.110223024625E-16,0.,-1.));
#308 = DIRECTION('',(0.923879532511,0.382683432365,1.025712328974E-16));
#309 = DEFINITIONAL_REPRESENTATION('',(#310),#314);
#310 = CIRCLE('',#311,67.);
#311 = AXIS2_PLACEMENT_2D('',#312,#313);
#312 = CARTESIAN_POINT('',(-63.9,-2.8));
#313 = DIRECTION('',(0.382683432365,-0.923879532511));
#314 = ( GEOMETRIC_REPRESENTATION_CONTEXT(2) 
PARAMETRIC_REPRESENTATION_CONTEXT() REPRESENTATION_CONTEXT('2D SPACE',''
  ) );
#315 = ORIENTED_EDGE('',*,*,#316,.F.);
#316 = EDGE_CURVE('',#231,#288,#317,.T.);
#317 = SURFACE_CURVE('',#318,(#322,#329),.PCURVE_S1.);
#318 = LINE('',#319,#320);
#319 = CARTESIAN_POINT('',(62.917364819826,23.030527656329,20.));
#320 = VECTOR('',#321,1.);
#321 = DIRECTION('',(1.110223024625E-16,0.,-1.));
#322 = PCURVE('',#31,#323);
#323 = DEFINITIONAL_REPRESENTATION('',(#324),#328);
#324 = LINE('',#325,#326);
#325 = CARTESIAN_POINT('',(1.21990046406,0.));
#326 = VECTOR('',#327,1.);
#327 = DIRECTION('',(0.,1.));
#328 = ( GEOMETRIC_REPRESENTATION_CONTEXT(2) 
PARAMETRIC_REPRESENTATION_CONTEXT() REPRESENTATION_CONTEXT('2D SPACE',''
  ) );
#329 = PCURVE('',#330,#335);
#330 = PLANE('',#331);
#331 = AXIS2_PLACEMENT_3D('',#332,#333,#334);
#332 = CARTESIAN_POINT('',(60.107415738093,21.866608637098,16.));
#333 = DIRECTION('',(-0.382683432365,0.923879532511,-4.248639577543E-17)
  );
#334 = DIRECTION('',(0.923879532511,0.382683432365,1.025712328974E-16));
#335 = DEFINITIONAL_REPRESENTATION('',(#336),#340);
#336 = LINE('',#337,#338);
#337 = CARTESIAN_POINT('',(3.041466969286,-4.));
#338 = VECTOR('',#339,1.);
#339 = DIRECTION('',(0.,1.));
#340 = ( GEOMETRIC_REPRESENTATION_CONTEXT(2) 
PARAMETRIC_REPRESENTATION_CONTEXT() REPRESENTATION_CONTEXT('2D SPACE',''
  ) );
#341 = FACE_BOUND('',#342,.F.);
#342 = EDGE_LOOP('',(#343,#374,#402,#431));
#343 = ORIENTED_EDGE('',*,*,#344,.F.);
#344 = EDGE_CURVE('',#345,#347,#349,.T.);
#345 = VERTEX_POINT('',#346);
#346 = CARTESIAN_POINT('',(62.917364819826,-23.03052765632,16.));
#347 = VERTEX_POINT('',#348);
#348 = CARTESIAN_POINT('',(60.774337598581,-28.20425303839,16.));
#349 = SURFACE_CURVE('',#350,(#355,#362),.PCURVE_S1.);
#350 = CIRCLE('',#351,67.);
#351 = AXIS2_PLACEMENT_3D('',#352,#353,#354);
#352 = CARTESIAN_POINT('',(-1.7763568394E-15,0.,16.));
#353 = DIRECTION('',(1.110223024625E-16,0.,-1.));
#354 = DIRECTION('',(0.,1.,0.));
#355 = PCURVE('',#31,#356);
#356 = DEFINITIONAL_REPRESENTATION('',(#357),#361);
#357 = LINE('',#358,#359);
#358 = CARTESIAN_POINT('',(0.,4.));
#359 = VECTOR('',#360,1.);
#360 = DIRECTION('',(1.,0.));
#361 = ( GEOMETRIC_REPRESENTATION_CONTEXT(2) 
PARAMETRIC_REPRESENTATION_CONTEXT() REPRESENTATION_CONTEXT('2D SPACE',''
  ) );
#362 = PCURVE('',#363,#368);
#363 = PLANE('',#364);
#364 = AXIS2_PLACEMENT_3D('',#365,#366,#367);
#365 = CARTESIAN_POINT('',(57.964388516849,-27.04033401916,16.));
#366 = DIRECTION('',(1.110223024625E-16,0.,-1.));
#367 = DIRECTION('',(0.923879532511,-0.382683432365,1.025712328974E-16)
  );
#368 = DEFINITIONAL_REPRESENTATION('',(#369),#373);
#369 = CIRCLE('',#370,67.);
#370 = AXIS2_PLACEMENT_2D('',#371,#372);
#371 = CARTESIAN_POINT('',(-63.9,-2.8));
#372 = DIRECTION('',(-0.382683432365,-0.923879532511));
#373 = ( GEOMETRIC_REPRESENTATION_CONTEXT(2) 
PARAMETRIC_REPRESENTATION_CONTEXT() REPRESENTATION_CONTEXT('2D SPACE',''
  ) );
#374 = ORIENTED_EDGE('',*,*,#375,.T.);
#375 = EDGE_CURVE('',#345,#376,#378,.T.);
#376 = VERTEX_POINT('',#377);
#377 = CARTESIAN_POINT('',(62.917364819826,-23.03052765632,-16.));
#378 = SURFACE_CURVE('',#379,(#383,#390),.PCURVE_S1.);
#379 = LINE('',#380,#381);
#380 = CARTESIAN_POINT('',(62.917364819826,-23.03052765632,20.));
#381 = VECTOR('',#382,1.);
#382 = DIRECTION('',(1.110223024625E-16,0.,-1.));
#383 = PCURVE('',#31,#384);
#384 = DEFINITIONAL_REPRESENTATION('',(#385),#389);
#385 = LINE('',#386,#387);
#386 = CARTESIAN_POINT('',(1.92169218953,0.));
#387 = VECTOR('',#388,1.);
#388 = DIRECTION('',(0.,1.));
#389 = ( GEOMETRIC_REPRESENTATION_CONTEXT(2) 
PARAMETRIC_REPRESENTATION_CONTEXT() REPRESENTATION_CONTEXT('2D SPACE',''
  ) );
#390 = PCURVE('',#391,#396);
#391 = PLANE('',#392);
#392 = AXIS2_PLACEMENT_3D('',#393,#394,#395);
#393 = CARTESIAN_POINT('',(60.107415738093,-21.86660863709,16.));
#394 = DIRECTION('',(0.382683432365,0.923879532511,4.248639577543E-17));
#395 = DIRECTION('',(0.923879532511,-0.382683432365,1.025712328974E-16)
  );
#396 = DEFINITIONAL_REPRESENTATION('',(#397),#401);
#397 = LINE('',#398,#399);
#398 = CARTESIAN_POINT('',(3.041466969286,-4.));
#399 = VECTOR('',#400,1.);
#400 = DIRECTION('',(0.,1.));
#401 = ( GEOMETRIC_REPRESENTATION_CONTEXT(2) 
PARAMETRIC_REPRESENTATION_CONTEXT() REPRESENTATION_CONTEXT('2D SPACE',''
  ) );
#402 = ORIENTED_EDGE('',*,*,#403,.T.);
#403 = EDGE_CURVE('',#376,#404,#406,.T.);
#404 = VERTEX_POINT('',#405);
#405 = CARTESIAN_POINT('',(60.774337598581,-28.20425303839,-16.));
#406 = SURFACE_CURVE('',#407,(#412,#419),.PCURVE_S1.);
#407 = CIRCLE('',#408,67.);
#408 = AXIS2_PLACEMENT_3D('',#409,#410,#411);
#409 = CARTESIAN_POINT('',(1.7763568394E-15,0.,-16.));
#410 = DIRECTION('',(1.110223024625E-16,0.,-1.));
#411 = DIRECTION('',(0.,1.,0.));
#412 = PCURVE('',#31,#413);
#413 = DEFINITIONAL_REPRESENTATION('',(#414),#418);
#414 = LINE('',#415,#416);
#415 = CARTESIAN_POINT('',(0.,36.));
#416 = VECTOR('',#417,1.);
#417 = DIRECTION('',(1.,0.));
#418 = ( GEOMETRIC_REPRESENTATION_CONTEXT(2) 
PARAMETRIC_REPRESENTATION_CONTEXT() REPRESENTATION_CONTEXT('2D SPACE',''
  ) );
#419 = PCURVE('',#420,#425);
#420 = PLANE('',#421);
#421 = AXIS2_PLACEMENT_3D('',#422,#423,#424);
#422 = CARTESIAN_POINT('',(57.964388516849,-27.04033401916,-16.));
#423 = DIRECTION('',(1.110223024625E-16,0.,-1.));
#424 = DIRECTION('',(0.923879532511,-0.382683432365,1.025712328974E-16)
  );
#425 = DEFINITIONAL_REPRESENTATION('',(#426),#430);
#426 = CIRCLE('',#427,67.);
#427 = AXIS2_PLACEMENT_2D('',#428,#429);
#428 = CARTESIAN_POINT('',(-63.9,-2.8));
#429 = DIRECTION('',(-0.382683432365,-0.923879532511));
#430 = ( GEOMETRIC_REPRESENTATION_CONTEXT(2) 
PARAMETRIC_REPRESENTATION_CONTEXT() REPRESENTATION_CONTEXT('2D SPACE',''
  ) );
#431 = ORIENTED_EDGE('',*,*,#432,.F.);
#432 = EDGE_CURVE('',#347,#404,#433,.T.);
#433 = SURFACE_CURVE('',#434,(#438,#445),.PCURVE_S1.);
#434 = LINE('',#435,#436);
#435 = CARTESIAN_POINT('',(60.774337598581,-28.20425303839,20.));
#436 = VECTOR('',#437,1.);
#437 = DIRECTION('',(1.110223024625E-16,0.,-1.));
#438 = PCURVE('',#31,#439);
#439 = DEFINITIONAL_REPRESENTATION('',(#440),#444);
#440 = LINE('',#441,#442);
#441 = CARTESIAN_POINT('',(2.005298627457,0.));
#442 = VECTOR('',#443,1.);
#443 = DIRECTION('',(0.,1.));
#444 = ( GEOMETRIC_REPRESENTATION_CONTEXT(2) 
PARAMETRIC_REPRESENTATION_CONTEXT() REPRESENTATION_CONTEXT('2D SPACE',''
  ) );
#445 = PCURVE('',#446,#451);
#446 = PLANE('',#447);
#447 = AXIS2_PLACEMENT_3D('',#448,#449,#450);
#448 = CARTESIAN_POINT('',(57.964388516849,-27.04033401916,16.));
#449 = DIRECTION('',(0.382683432365,0.923879532511,4.248639577543E-17));
#450 = DIRECTION('',(0.923879532511,-0.382683432365,1.025712328974E-16)
  );
#451 = DEFINITIONAL_REPRESENTATION('',(#452),#456);
#452 = LINE('',#453,#454);
#453 = CARTESIAN_POINT('',(3.041466969286,-4.));
#454 = VECTOR('',#455,1.);
#455 = DIRECTION('',(0.,1.));
#456 = ( GEOMETRIC_REPRESENTATION_CONTEXT(2) 
PARAMETRIC_REPRESENTATION_CONTEXT() REPRESENTATION_CONTEXT('2D SPACE',''
  ) );
#457 = FACE_BOUND('',#458,.F.);
#458 = EDGE_LOOP('',(#459,#490,#518,#547));
#459 = ORIENTED_EDGE('',*,*,#460,.F.);
#460 = EDGE_CURVE('',#461,#463,#465,.T.);
#461 = VERTEX_POINT('',#462);
#462 = CARTESIAN_POINT('',(28.204253038392,-60.77433759858,16.));
#463 = VERTEX_POINT('',#464);
#464 = CARTESIAN_POINT('',(23.030527656329,-62.91736481982,16.));
#465 = SURFACE_CURVE('',#466,(#471,#478),.PCURVE_S1.);
#466 = CIRCLE('',#467,67.);
#467 = AXIS2_PLACEMENT_3D('',#468,#469,#470);
#468 = CARTESIAN_POINT('',(-1.7763568394E-15,0.,16.));
#469 = DIRECTION('',(1.110223024625E-16,0.,-1.));
#470 = DIRECTION('',(0.,1.,0.));
#471 = PCURVE('',#31,#472);
#472 = DEFINITIONAL_REPRESENTATION('',(#473),#477);
#473 = LINE('',#474,#475);
#474 = CARTESIAN_POINT('',(0.,4.));
#475 = VECTOR('',#476,1.);
#476 = DIRECTION('',(1.,0.));
#477 = ( GEOMETRIC_REPRESENTATION_CONTEXT(2) 
PARAMETRIC_REPRESENTATION_CONTEXT() REPRESENTATION_CONTEXT('2D SPACE',''
  ) );
#478 = PCURVE('',#479,#484);
#479 = PLANE('',#480);
#480 = AXIS2_PLACEMENT_3D('',#481,#482,#483);
#481 = CARTESIAN_POINT('',(21.866608637098,-60.10741573809,16.));
#482 = DIRECTION('',(1.110223024625E-16,0.,-1.));
#483 = DIRECTION('',(0.382683432365,-0.923879532511,4.248639577543E-17)
  );
#484 = DEFINITIONAL_REPRESENTATION('',(#485),#489);
#485 = CIRCLE('',#486,67.);
#486 = AXIS2_PLACEMENT_2D('',#487,#488);
#487 = CARTESIAN_POINT('',(-63.9,-2.8));
#488 = DIRECTION('',(-0.923879532511,-0.382683432365));
#489 = ( GEOMETRIC_REPRESENTATION_CONTEXT(2) 
PARAMETRIC_REPRESENTATION_CONTEXT() REPRESENTATION_CONTEXT('2D SPACE',''
  ) );
#490 = ORIENTED_EDGE('',*,*,#491,.T.);
#491 = EDGE_CURVE('',#461,#492,#494,.T.);
#492 = VERTEX_POINT('',#493);
#493 = CARTESIAN_POINT('',(28.204253038392,-60.77433759858,-16.));
#494 = SURFACE_CURVE('',#495,(#499,#506),.PCURVE_S1.);
#495 = LINE('',#496,#497);
#496 = CARTESIAN_POINT('',(28.204253038392,-60.77433759858,20.));
#497 = VECTOR('',#498,1.);
#498 = DIRECTION('',(1.110223024625E-16,0.,-1.));
#499 = PCURVE('',#31,#500);
#500 = DEFINITIONAL_REPRESENTATION('',(#501),#505);
#501 = LINE('',#502,#503);
#502 = CARTESIAN_POINT('',(2.707090352928,0.));
#503 = VECTOR('',#504,1.);
#504 = DIRECTION('',(0.,1.));
#505 = ( GEOMETRIC_REPRESENTATION_CONTEXT(2) 
PARAMETRIC_REPRESENTATION_CONTEXT() REPRESENTATION_CONTEXT('2D SPACE',''
  ) );
#506 = PCURVE('',#507,#512);
#507 = PLANE('',#508);
#508 = AXIS2_PLACEMENT_3D('',#509,#510,#511);
#509 = CARTESIAN_POINT('',(27.040334019161,-57.96438851684,16.));
#510 = DIRECTION('',(0.923879532511,0.382683432365,1.025712328974E-16));
#511 = DIRECTION('',(0.382683432365,-0.923879532511,4.248639577543E-17)
  );
#512 = DEFINITIONAL_REPRESENTATION('',(#513),#517);
#513 = LINE('',#514,#515);
#514 = CARTESIAN_POINT('',(3.041466969286,-4.));
#515 = VECTOR('',#516,1.);
#516 = DIRECTION('',(0.,1.));
#517 = ( GEOMETRIC_REPRESENTATION_CONTEXT(2) 
PARAMETRIC_REPRESENTATION_CONTEXT() REPRESENTATION_CONTEXT('2D SPACE',''
  ) );
#518 = ORIENTED_EDGE('',*,*,#519,.T.);
#519 = EDGE_CURVE('',#492,#520,#522,.T.);
#520 = VERTEX_POINT('',#521);
#521 = CARTESIAN_POINT('',(23.030527656329,-62.91736481982,-16.));
#522 = SURFACE_CURVE('',#523,(#528,#535),.PCURVE_S1.);
#523 = CIRCLE('',#524,67.);
#524 = AXIS2_PLACEMENT_3D('',#525,#526,#527);
#525 = CARTESIAN_POINT('',(1.7763568394E-15,0.,-16.));
#526 = DIRECTION('',(1.110223024625E-16,0.,-1.));
#527 = DIRECTION('',(0.,1.,0.));
#528 = PCURVE('',#31,#529);
#529 = DEFINITIONAL_REPRESENTATION('',(#530),#534);
#530 = LINE('',#531,#532);
#531 = CARTESIAN_POINT('',(0.,36.));
#532 = VECTOR('',#533,1.);
#533 = DIRECTION('',(1.,0.));
#534 = ( GEOMETRIC_REPRESENTATION_CONTEXT(2) 
PARAMETRIC_REPRESENTATION_CONTEXT() REPRESENTATION_CONTEXT('2D SPACE',''
  ) );
#535 = PCURVE('',#536,#541);
#536 = PLANE('',#537);
#537 = AXIS2_PLACEMENT_3D('',#538,#539,#540);
#538 = CARTESIAN_POINT('',(21.866608637098,-60.10741573809,-16.));
#539 = DIRECTION('',(1.110223024625E-16,0.,-1.));
#540 = DIRECTION('',(0.382683432365,-0.923879532511,4.248639577543E-17)
  );
#541 = DEFINITIONAL_REPRESENTATION('',(#542),#546);
#542 = CIRCLE('',#543,67.);
#543 = AXIS2_PLACEMENT_2D('',#544,#545);
#544 = CARTESIAN_POINT('',(-63.9,-2.8));
#545 = DIRECTION('',(-0.923879532511,-0.382683432365));
#546 = ( GEOMETRIC_REPRESENTATION_CONTEXT(2) 
PARAMETRIC_REPRESENTATION_CONTEXT() REPRESENTATION_CONTEXT('2D SPACE',''
  ) );
#547 = ORIENTED_EDGE('',*,*,#548,.F.);
#548 = EDGE_CURVE('',#463,#520,#549,.T.);
#549 = SURFACE_CURVE('',#550,(#554,#561),.PCURVE_S1.);
#550 = LINE('',#551,#552);
#551 = CARTESIAN_POINT('',(23.030527656329,-62.91736481982,20.));
#552 = VECTOR('',#553,1.);
#553 = DIRECTION('',(1.110223024625E-16,0.,-1.));
#554 = PCURVE('',#31,#555);
#555 = DEFINITIONAL_REPRESENTATION('',(#556),#560);
#556 = LINE('',#557,#558);
#557 = CARTESIAN_POINT('',(2.790696790854,0.));
#558 = VECTOR('',#559,1.);
#559 = DIRECTION('',(0.,1.));
#560 = ( GEOMETRIC_REPRESENTATION_CONTEXT(2) 
PARAMETRIC_REPRESENTATION_CONTEXT() REPRESENTATION_CONTEXT('2D SPACE',''
  ) );
#561 = PCURVE('',#562,#567);
#562 = PLANE('',#563);
#563 = AXIS2_PLACEMENT_3D('',#564,#565,#566);
#564 = CARTESIAN_POINT('',(21.866608637098,-60.10741573809,16.));
#565 = DIRECTION('',(0.923879532511,0.382683432365,1.025712328974E-16));
#566 = DIRECTION('',(0.382683432365,-0.923879532511,4.248639577543E-17)
  );
#567 = DEFINITIONAL_REPRESENTATION('',(#568),#572);
#568 = LINE('',#569,#570);
#569 = CARTESIAN_POINT('',(3.041466969286,-4.));
#570 = VECTOR('',#571,1.);
#571 = DIRECTION('',(0.,1.));
#572 = ( GEOMETRIC_REPRESENTATION_CONTEXT(2) 
PARAMETRIC_REPRESENTATION_CONTEXT() REPRESENTATION_CONTEXT('2D SPACE',''
  ) );
#573 = FACE_BOUND('',#574,.F.);
#574 = EDGE_LOOP('',(#575,#606,#634,#663));
#575 = ORIENTED_EDGE('',*,*,#576,.F.);
#576 = EDGE_CURVE('',#577,#579,#581,.T.);
#577 = VERTEX_POINT('',#578);
#578 = CARTESIAN_POINT('',(-23.03052765632,-62.91736481982,16.));
#579 = VERTEX_POINT('',#580);
#580 = CARTESIAN_POINT('',(-28.20425303839,-60.77433759858,16.));
#581 = SURFACE_CURVE('',#582,(#587,#594),.PCURVE_S1.);
#582 = CIRCLE('',#583,67.);
#583 = AXIS2_PLACEMENT_3D('',#584,#585,#586);
#584 = CARTESIAN_POINT('',(-1.7763568394E-15,0.,16.));
#585 = DIRECTION('',(1.110223024625E-16,0.,-1.));
#586 = DIRECTION('',(0.,1.,0.));
#587 = PCURVE('',#31,#588);
#588 = DEFINITIONAL_REPRESENTATION('',(#589),#593);
#589 = LINE('',#590,#591);
#590 = CARTESIAN_POINT('',(0.,4.));
#591 = VECTOR('',#592,1.);
#592 = DIRECTION('',(1.,0.));
#593 = ( GEOMETRIC_REPRESENTATION_CONTEXT(2) 
PARAMETRIC_REPRESENTATION_CONTEXT() REPRESENTATION_CONTEXT('2D SPACE',''
  ) );
#594 = PCURVE('',#595,#600);
#595 = PLANE('',#596);
#596 = AXIS2_PLACEMENT_3D('',#597,#598,#599);
#597 = CARTESIAN_POINT('',(-27.04033401916,-57.96438851684,16.));
#598 = DIRECTION('',(1.110223024625E-16,0.,-1.));
#599 = DIRECTION('',(-0.382683432365,-0.923879532511,-4.248639577543E-17
    ));
#600 = DEFINITIONAL_REPRESENTATION('',(#601),#605);
#601 = CIRCLE('',#602,67.);
#602 = AXIS2_PLACEMENT_2D('',#603,#604);
#603 = CARTESIAN_POINT('',(-63.9,-2.8));
#604 = DIRECTION('',(-0.923879532511,0.382683432365));
#605 = ( GEOMETRIC_REPRESENTATION_CONTEXT(2) 
PARAMETRIC_REPRESENTATION_CONTEXT() REPRESENTATION_CONTEXT('2D SPACE',''
  ) );
#606 = ORIENTED_EDGE('',*,*,#607,.T.);
#607 = EDGE_CURVE('',#577,#608,#610,.T.);
#608 = VERTEX_POINT('',#609);
#609 = CARTESIAN_POINT('',(-23.03052765632,-62.91736481982,-16.));
#610 = SURFACE_CURVE('',#611,(#615,#622),.PCURVE_S1.);
#611 = LINE('',#612,#613);
#612 = CARTESIAN_POINT('',(-23.03052765632,-62.91736481982,20.));
#613 = VECTOR('',#614,1.);
#614 = DIRECTION('',(1.110223024625E-16,0.,-1.));
#615 = PCURVE('',#31,#616);
#616 = DEFINITIONAL_REPRESENTATION('',(#617),#621);
#617 = LINE('',#618,#619);
#618 = CARTESIAN_POINT('',(3.492488516325,0.));
#619 = VECTOR('',#620,1.);
#620 = DIRECTION('',(0.,1.));
#621 = ( GEOMETRIC_REPRESENTATION_CONTEXT(2) 
PARAMETRIC_REPRESENTATION_CONTEXT() REPRESENTATION_CONTEXT('2D SPACE',''
  ) );
#622 = PCURVE('',#623,#628);
#623 = PLANE('',#624);
#624 = AXIS2_PLACEMENT_3D('',#625,#626,#627);
#625 = CARTESIAN_POINT('',(-21.86660863709,-60.10741573809,16.));
#626 = DIRECTION('',(0.923879532511,-0.382683432365,1.025712328974E-16)
  );
#627 = DIRECTION('',(-0.382683432365,-0.923879532511,-4.248639577543E-17
    ));
#628 = DEFINITIONAL_REPRESENTATION('',(#629),#633);
#629 = LINE('',#630,#631);
#630 = CARTESIAN_POINT('',(3.041466969286,-4.));
#631 = VECTOR('',#632,1.);
#632 = DIRECTION('',(0.,1.));
#633 = ( GEOMETRIC_REPRESENTATION_CONTEXT(2) 
PARAMETRIC_REPRESENTATION_CONTEXT() REPRESENTATION_CONTEXT('2D SPACE',''
  ) );
#634 = ORIENTED_EDGE('',*,*,#635,.T.);
#635 = EDGE_CURVE('',#608,#636,#638,.T.);
#636 = VERTEX_POINT('',#637);
#637 = CARTESIAN_POINT('',(-28.20425303839,-60.77433759858,-16.));
#638 = SURFACE_CURVE('',#639,(#644,#651),.PCURVE_S1.);
#639 = CIRCLE('',#640,67.);
#640 = AXIS2_PLACEMENT_3D('',#641,#642,#643);
#641 = CARTESIAN_POINT('',(1.7763568394E-15,0.,-16.));
#642 = DIRECTION('',(1.110223024625E-16,0.,-1.));
#643 = DIRECTION('',(0.,1.,0.));
#644 = PCURVE('',#31,#645);
#645 = DEFINITIONAL_REPRESENTATION('',(#646),#650);
#646 = LINE('',#647,#648);
#647 = CARTESIAN_POINT('',(0.,36.));
#648 = VECTOR('',#649,1.);
#649 = DIRECTION('',(1.,0.));
#650 = ( GEOMETRIC_REPRESENTATION_CONTEXT(2) 
PARAMETRIC_REPRESENTATION_CONTEXT() REPRESENTATION_CONTEXT('2D SPACE',''
  ) );
#651 = PCURVE('',#652,#657);
#652 = PLANE('',#653);
#653 = AXIS2_PLACEMENT_3D('',#654,#655,#656);
#654 = CARTESIAN_POINT('',(-27.04033401916,-57.96438851684,-16.));
#655 = DIRECTION('',(1.110223024625E-16,0.,-1.));
#656 = DIRECTION('',(-0.382683432365,-0.923879532511,-4.248639577543E-17
    ));
#657 = DEFINITIONAL_REPRESENTATION('',(#658),#662);
#658 = CIRCLE('',#659,67.);
#659 = AXIS2_PLACEMENT_2D('',#660,#661);
#660 = CARTESIAN_POINT('',(-63.9,-2.8));
#661 = DIRECTION('',(-0.923879532511,0.382683432365));
#662 = ( GEOMETRIC_REPRESENTATION_CONTEXT(2) 
PARAMETRIC_REPRESENTATION_CONTEXT() REPRESENTATION_CONTEXT('2D SPACE',''
  ) );
#663 = ORIENTED_EDGE('',*,*,#664,.F.);
#664 = EDGE_CURVE('',#579,#636,#665,.T.);
#665 = SURFACE_CURVE('',#666,(#670,#677),.PCURVE_S1.);
#666 = LINE('',#667,#668);
#667 = CARTESIAN_POINT('',(-28.20425303839,-60.77433759858,20.));
#668 = VECTOR('',#669,1.);
#669 = DIRECTION('',(1.110223024625E-16,0.,-1.));
#670 = PCURVE('',#31,#671);
#671 = DEFINITIONAL_REPRESENTATION('',(#672),#676);
#672 = LINE('',#673,#674);
#673 = CARTESIAN_POINT('',(3.576094954252,0.));
#674 = VECTOR('',#675,1.);
#675 = DIRECTION('',(0.,1.));
#676 = ( GEOMETRIC_REPRESENTATION_CONTEXT(2) 
PARAMETRIC_REPRESENTATION_CONTEXT() REPRESENTATION_CONTEXT('2D SPACE',''
  ) );
#677 = PCURVE('',#678,#683);
#678 = PLANE('',#679);
#679 = AXIS2_PLACEMENT_3D('',#680,#681,#682);
#680 = CARTESIAN_POINT('',(-27.04033401916,-57.96438851684,16.));
#681 = DIRECTION('',(0.923879532511,-0.382683432365,1.025712328974E-16)
  );
#682 = DIRECTION('',(-0.382683432365,-0.923879532511,-4.248639577543E-17
    ));
#683 = DEFINITIONAL_REPRESENTATION('',(#684),#688);
#684 = LINE('',#685,#686);
#685 = CARTESIAN_POINT('',(3.041466969286,-4.));
#686 = VECTOR('',#687,1.);
#687 = DIRECTION('',(0.,1.));
#688 = ( GEOMETRIC_REPRESENTATION_CONTEXT(2) 
PARAMETRIC_REPRESENTATION_CONTEXT() REPRESENTATION_CONTEXT('2D SPACE',''
  ) );
#689 = FACE_BOUND('',#690,.F.);
#690 = EDGE_LOOP('',(#691,#722,#750,#779));
#691 = ORIENTED_EDGE('',*,*,#692,.F.);
#692 = EDGE_CURVE('',#693,#695,#697,.T.);
#693 = VERTEX_POINT('',#694);
#694 = CARTESIAN_POINT('',(-60.77433759858,-28.20425303839,16.));
#695 = VERTEX_POINT('',#696);
#696 = CARTESIAN_POINT('',(-62.91736481982,-23.03052765632,16.));
#697 = SURFACE_CURVE('',#698,(#703,#710),.PCURVE_S1.);
#698 = CIRCLE('',#699,67.);
#699 = AXIS2_PLACEMENT_3D('',#700,#701,#702);
#700 = CARTESIAN_POINT('',(-1.7763568394E-15,0.,16.));
#701 = DIRECTION('',(1.110223024625E-16,0.,-1.));
#702 = DIRECTION('',(0.,1.,0.));
#703 = PCURVE('',#31,#704);
#704 = DEFINITIONAL_REPRESENTATION('',(#705),#709);
#705 = LINE('',#706,#707);
#706 = CARTESIAN_POINT('',(0.,4.));
#707 = VECTOR('',#708,1.);
#708 = DIRECTION('',(1.,0.));
#709 = ( GEOMETRIC_REPRESENTATION_CONTEXT(2) 
PARAMETRIC_REPRESENTATION_CONTEXT() REPRESENTATION_CONTEXT('2D SPACE',''
  ) );
#710 = PCURVE('',#711,#716);
#711 = PLANE('',#712);
#712 = AXIS2_PLACEMENT_3D('',#713,#714,#715);
#713 = CARTESIAN_POINT('',(-60.10741573809,-21.86660863709,16.));
#714 = DIRECTION('',(1.110223024625E-16,0.,-1.));
#715 = DIRECTION('',(-0.923879532511,-0.382683432365,-1.025712328974E-16
    ));
#716 = DEFINITIONAL_REPRESENTATION('',(#717),#721);
#717 = CIRCLE('',#718,67.);
#718 = AXIS2_PLACEMENT_2D('',#719,#720);
#719 = CARTESIAN_POINT('',(-63.9,-2.8));
#720 = DIRECTION('',(-0.382683432365,0.923879532511));
#721 = ( GEOMETRIC_REPRESENTATION_CONTEXT(2) 
PARAMETRIC_REPRESENTATION_CONTEXT() REPRESENTATION_CONTEXT('2D SPACE',''
  ) );
#722 = ORIENTED_EDGE('',*,*,#723,.T.);
#723 = EDGE_CURVE('',#693,#724,#726,.T.);
#724 = VERTEX_POINT('',#725);
#725 = CARTESIAN_POINT('',(-60.77433759858,-28.20425303839,-16.));
#726 = SURFACE_CURVE('',#727,(#731,#738),.PCURVE_S1.);
#727 = LINE('',#728,#729);
#728 = CARTESIAN_POINT('',(-60.77433759858,-28.20425303839,20.));
#729 = VECTOR('',#730,1.);
#730 = DIRECTION('',(1.110223024625E-16,0.,-1.));
#731 = PCURVE('',#31,#732);
#732 = DEFINITIONAL_REPRESENTATION('',(#733),#737);
#733 = LINE('',#734,#735);
#734 = CARTESIAN_POINT('',(4.277886679723,0.));
#735 = VECTOR('',#736,1.);
#736 = DIRECTION('',(0.,1.));
#737 = ( GEOMETRIC_REPRESENTATION_CONTEXT(2) 
PARAMETRIC_REPRESENTATION_CONTEXT() REPRESENTATION_CONTEXT('2D SPACE',''
  ) );
#738 = PCURVE('',#739,#744);
#739 = PLANE('',#740);
#740 = AXIS2_PLACEMENT_3D('',#741,#742,#743);
#741 = CARTESIAN_POINT('',(-57.96438851684,-27.04033401916,16.));
#742 = DIRECTION('',(0.382683432365,-0.923879532511,4.248639577543E-17)
  );
#743 = DIRECTION('',(-0.923879532511,-0.382683432365,-1.025712328974E-16
    ));
#744 = DEFINITIONAL_REPRESENTATION('',(#745),#749);
#745 = LINE('',#746,#747);
#746 = CARTESIAN_POINT('',(3.041466969286,-4.));
#747 = VECTOR('',#748,1.);
#748 = DIRECTION('',(0.,1.));
#749 = ( GEOMETRIC_REPRESENTATION_CONTEXT(2) 
PARAMETRIC_REPRESENTATION_CONTEXT() REPRESENTATION_CONTEXT('2D SPACE',''
  ) );
#750 = ORIENTED_EDGE('',*,*,#751,.T.);
#751 = EDGE_CURVE('',#724,#752,#754,.T.);
#752 = VERTEX_POINT('',#753);
#753 = CARTESIAN_POINT('',(-62.91736481982,-23.03052765632,-16.));
#754 = SURFACE_CURVE('',#755,(#760,#767),.PCURVE_S1.);
#755 = CIRCLE('',#756,67.);
#756 = AXIS2_PLACEMENT_3D('',#757,#758,#759);
#757 = CARTESIAN_POINT('',(1.7763568394E-15,0.,-16.));
#758 = DIRECTION('',(1.110223024625E-16,0.,-1.));
#759 = DIRECTION('',(0.,1.,0.));
#760 = PCURVE('',#31,#761);
#761 = DEFINITIONAL_REPRESENTATION('',(#762),#766);
#762 = LINE('',#763,#764);
#763 = CARTESIAN_POINT('',(0.,36.));
#764 = VECTOR('',#765,1.);
#765 = DIRECTION('',(1.,0.));
#766 = ( GEOMETRIC_REPRESENTATION_CONTEXT(2) 
PARAMETRIC_REPRESENTATION_CONTEXT() REPRESENTATION_CONTEXT('2D SPACE',''
  ) );
#767 = PCURVE('',#768,#773);
#768 = PLANE('',#769);
#769 = AXIS2_PLACEMENT_3D('',#770,#771,#772);
#770 = CARTESIAN_POINT('',(-60.10741573809,-21.86660863709,-16.));
#771 = DIRECTION('',(1.110223024625E-16,0.,-1.));
#772 = DIRECTION('',(-0.923879532511,-0.382683432365,-1.025712328974E-16
    ));
#773 = DEFINITIONAL_REPRESENTATION('',(#774),#778);
#774 = CIRCLE('',#775,67.);
#775 = AXIS2_PLACEMENT_2D('',#776,#777);
#776 = CARTESIAN_POINT('',(-63.9,-2.8));
#777 = DIRECTION('',(-0.382683432365,0.923879532511));
#778 = ( GEOMETRIC_REPRESENTATION_CONTEXT(2) 
PARAMETRIC_REPRESENTATION_CONTEXT() REPRESENTATION_CONTEXT('2D SPACE',''
  ) );
#779 = ORIENTED_EDGE('',*,*,#780,.F.);
#780 = EDGE_CURVE('',#695,#752,#781,.T.);
#781 = SURFACE_CURVE('',#782,(#786,#793),.PCURVE_S1.);
#782 = LINE('',#783,#784);
#783 = CARTESIAN_POINT('',(-62.91736481982,-23.03052765632,20.));
#784 = VECTOR('',#785,1.);
#785 = DIRECTION('',(1.110223024625E-16,0.,-1.));
#786 = PCURVE('',#31,#787);
#787 = DEFINITIONAL_REPRESENTATION('',(#788),#792);
#788 = LINE('',#789,#790);
#789 = CARTESIAN_POINT('',(4.361493117649,0.));
#790 = VECTOR('',#791,1.);
#791 = DIRECTION('',(0.,1.));
#792 = ( GEOMETRIC_REPRESENTATION_CONTEXT(2) 
PARAMETRIC_REPRESENTATION_CONTEXT() REPRESENTATION_CONTEXT('2D SPACE',''
  ) );
#793 = PCURVE('',#794,#799);
#794 = PLANE('',#795);
#795 = AXIS2_PLACEMENT_3D('',#796,#797,#798);
#796 = CARTESIAN_POINT('',(-60.10741573809,-21.86660863709,16.));
#797 = DIRECTION('',(0.382683432365,-0.923879532511,4.248639577543E-17)
  );
#798 = DIRECTION('',(-0.923879532511,-0.382683432365,-1.025712328974E-16
    ));
#799 = DEFINITIONAL_REPRESENTATION('',(#800),#804);
#800 = LINE('',#801,#802);
#801 = CARTESIAN_POINT('',(3.041466969286,-4.));
#802 = VECTOR('',#803,1.);
#803 = DIRECTION('',(0.,1.));
#804 = ( GEOMETRIC_REPRESENTATION_CONTEXT(2) 
PARAMETRIC_REPRESENTATION_CONTEXT() REPRESENTATION_CONTEXT('2D SPACE',''
  ) );
#805 = FACE_BOUND('',#806,.F.);
#806 = EDGE_LOOP('',(#807,#838,#866,#895));
#807 = ORIENTED_EDGE('',*,*,#808,.F.);
#808 = EDGE_CURVE('',#809,#811,#813,.T.);
#809 = VERTEX_POINT('',#810);
#810 = CARTESIAN_POINT('',(-62.91736481982,23.030527656329,16.));
#811 = VERTEX_POINT('',#812);
#812 = CARTESIAN_POINT('',(-60.77433759858,28.204253038392,16.));
#813 = SURFACE_CURVE('',#814,(#819,#826),.PCURVE_S1.);
#814 = CIRCLE('',#815,67.);
#815 = AXIS2_PLACEMENT_3D('',#816,#817,#818);
#816 = CARTESIAN_POINT('',(-1.7763568394E-15,0.,16.));
#817 = DIRECTION('',(1.110223024625E-16,0.,-1.));
#818 = DIRECTION('',(0.,1.,0.));
#819 = PCURVE('',#31,#820);
#820 = DEFINITIONAL_REPRESENTATION('',(#821),#825);
#821 = LINE('',#822,#823);
#822 = CARTESIAN_POINT('',(0.,4.));
#823 = VECTOR('',#824,1.);
#824 = DIRECTION('',(1.,0.));
#825 = ( GEOMETRIC_REPRESENTATION_CONTEXT(2) 
PARAMETRIC_REPRESENTATION_CONTEXT() REPRESENTATION_CONTEXT('2D SPACE',''
  ) );
#826 = PCURVE('',#827,#832);
#827 = PLANE('',#828);
#828 = AXIS2_PLACEMENT_3D('',#829,#830,#831);
#829 = CARTESIAN_POINT('',(-57.96438851684,27.040334019161,16.));
#830 = DIRECTION('',(1.110223024625E-16,0.,-1.));
#831 = DIRECTION('',(-0.923879532511,0.382683432365,-1.025712328974E-16)
  );
#832 = DEFINITIONAL_REPRESENTATION('',(#833),#837);
#833 = CIRCLE('',#834,67.);
#834 = AXIS2_PLACEMENT_2D('',#835,#836);
#835 = CARTESIAN_POINT('',(-63.9,-2.8));
#836 = DIRECTION('',(0.382683432365,0.923879532511));
#837 = ( GEOMETRIC_REPRESENTATION_CONTEXT(2) 
PARAMETRIC_REPRESENTATION_CONTEXT() REPRESENTATION_CONTEXT('2D SPACE',''
  ) );
#838 = ORIENTED_EDGE('',*,*,#839,.T.);
#839 = EDGE_CURVE('',#809,#840,#842,.T.);
#840 = VERTEX_POINT('',#841);
#841 = CARTESIAN_POINT('',(-62.91736481982,23.030527656329,-16.));
#842 = SURFACE_CURVE('',#843,(#847,#854),.PCURVE_S1.);
#843 = LINE('',#844,#845);
#844 = CARTESIAN_POINT('',(-62.91736481982,23.030527656329,20.));
#845 = VECTOR('',#846,1.);
#846 = DIRECTION('',(1.110223024625E-16,0.,-1.));
#847 = PCURVE('',#31,#848);
#848 = DEFINITIONAL_REPRESENTATION('',(#849),#853);
#849 = LINE('',#850,#851);
#850 = CARTESIAN_POINT('',(5.06328484312,0.));
#851 = VECTOR('',#852,1.);
#852 = DIRECTION('',(0.,1.));
#853 = ( GEOMETRIC_REPRESENTATION_CONTEXT(2) 
PARAMETRIC_REPRESENTATION_CONTEXT() REPRESENTATION_CONTEXT('2D SPACE',''
  ) );
#854 = PCURVE('',#855,#860);
#855 = PLANE('',#856);
#856 = AXIS2_PLACEMENT_3D('',#857,#858,#859);
#857 = CARTESIAN_POINT('',(-60.10741573809,21.866608637098,16.));
#858 = DIRECTION('',(-0.382683432365,-0.923879532511,-4.248639577543E-17
    ));
#859 = DIRECTION('',(-0.923879532511,0.382683432365,-1.025712328974E-16)
  );
#860 = DEFINITIONAL_REPRESENTATION('',(#861),#865);
#861 = LINE('',#862,#863);
#862 = CARTESIAN_POINT('',(3.041466969286,-4.));
#863 = VECTOR('',#864,1.);
#864 = DIRECTION('',(0.,1.));
#865 = ( GEOMETRIC_REPRESENTATION_CONTEXT(2) 
PARAMETRIC_REPRESENTATION_CONTEXT() REPRESENTATION_CONTEXT('2D SPACE',''
  ) );
#866 = ORIENTED_EDGE('',*,*,#867,.T.);
#867 = EDGE_CURVE('',#840,#868,#870,.T.);
#868 = VERTEX_POINT('',#869);
#869 = CARTESIAN_POINT('',(-60.77433759858,28.204253038392,-16.));
#870 = SURFACE_CURVE('',#871,(#876,#883),.PCURVE_S1.);
#871 = CIRCLE('',#872,67.);
#872 = AXIS2_PLACEMENT_3D('',#873,#874,#875);
#873 = CARTESIAN_POINT('',(1.7763568394E-15,0.,-16.));
#874 = DIRECTION('',(1.110223024625E-16,0.,-1.));
#875 = DIRECTION('',(0.,1.,0.));
#876 = PCURVE('',#31,#877);
#877 = DEFINITIONAL_REPRESENTATION('',(#878),#882);
#878 = LINE('',#879,#880);
#879 = CARTESIAN_POINT('',(0.,36.));
#880 = VECTOR('',#881,1.);
#881 = DIRECTION('',(1.,0.));
#882 = ( GEOMETRIC_REPRESENTATION_CONTEXT(2) 
PARAMETRIC_REPRESENTATION_CONTEXT() REPRESENTATION_CONTEXT('2D SPACE',''
  ) );
#883 = PCURVE('',#884,#889);
#884 = PLANE('',#885);
#885 = AXIS2_PLACEMENT_3D('',#886,#887,#888);
#886 = CARTESIAN_POINT('',(-57.96438851684,27.040334019161,-16.));
#887 = DIRECTION('',(1.110223024625E-16,0.,-1.));
#888 = DIRECTION('',(-0.923879532511,0.382683432365,-1.025712328974E-16)
  );
#889 = DEFINITIONAL_REPRESENTATION('',(#890),#894);
#890 = CIRCLE('',#891,67.);
#891 = AXIS2_PLACEMENT_2D('',#892,#893);
#892 = CARTESIAN_POINT('',(-63.9,-2.8));
#893 = DIRECTION('',(0.382683432365,0.923879532511));
#894 = ( GEOMETRIC_REPRESENTATION_CONTEXT(2) 
PARAMETRIC_REPRESENTATION_CONTEXT() REPRESENTATION_CONTEXT('2D SPACE',''
  ) );
#895 = ORIENTED_EDGE('',*,*,#896,.F.);
#896 = EDGE_CURVE('',#811,#868,#897,.T.);
#897 = SURFACE_CURVE('',#898,(#902,#909),.PCURVE_S1.);
#898 = LINE('',#899,#900);
#899 = CARTESIAN_POINT('',(-60.77433759858,28.204253038392,20.));
#900 = VECTOR('',#901,1.);
#901 = DIRECTION('',(1.110223024625E-16,0.,-1.));
#902 = PCURVE('',#31,#903);
#903 = DEFINITIONAL_REPRESENTATION('',(#904),#908);
#904 = LINE('',#905,#906);
#905 = CARTESIAN_POINT('',(5.146891281047,0.));
#906 = VECTOR('',#907,1.);
#907 = DIRECTION('',(0.,1.));
#908 = ( GEOMETRIC_REPRESENTATION_CONTEXT(2) 
PARAMETRIC_REPRESENTATION_CONTEXT() REPRESENTATION_CONTEXT('2D SPACE',''
  ) );
#909 = PCURVE('',#910,#915);
#910 = PLANE('',#911);
#911 = AXIS2_PLACEMENT_3D('',#912,#913,#914);
#912 = CARTESIAN_POINT('',(-57.96438851684,27.040334019161,16.));
#913 = DIRECTION('',(-0.382683432365,-0.923879532511,-4.248639577543E-17
    ));
#914 = DIRECTION('',(-0.923879532511,0.382683432365,-1.025712328974E-16)
  );
#915 = DEFINITIONAL_REPRESENTATION('',(#916),#920);
#916 = LINE('',#917,#918);
#917 = CARTESIAN_POINT('',(3.041466969286,-4.));
#918 = VECTOR('',#919,1.);
#919 = DIRECTION('',(0.,1.));
#920 = ( GEOMETRIC_REPRESENTATION_CONTEXT(2) 
PARAMETRIC_REPRESENTATION_CONTEXT() REPRESENTATION_CONTEXT('2D SPACE',''
  ) );
#921 = FACE_BOUND('',#922,.F.);
#922 = EDGE_LOOP('',(#923,#954,#982,#1011));
#923 = ORIENTED_EDGE('',*,*,#924,.F.);
#924 = EDGE_CURVE('',#925,#927,#929,.T.);
#925 = VERTEX_POINT('',#926);
#926 = CARTESIAN_POINT('',(-28.20425303839,60.774337598581,16.));
#927 = VERTEX_POINT('',#928);
#928 = CARTESIAN_POINT('',(-23.03052765632,62.917364819826,16.));
#929 = SURFACE_CURVE('',#930,(#935,#942),.PCURVE_S1.);
#930 = CIRCLE('',#931,67.);
#931 = AXIS2_PLACEMENT_3D('',#932,#933,#934);
#932 = CARTESIAN_POINT('',(-1.7763568394E-15,0.,16.));
#933 = DIRECTION('',(1.110223024625E-16,0.,-1.));
#934 = DIRECTION('',(0.,1.,0.));
#935 = PCURVE('',#31,#936);
#936 = DEFINITIONAL_REPRESENTATION('',(#937),#941);
#937 = LINE('',#938,#939);
#938 = CARTESIAN_POINT('',(0.,4.));
#939 = VECTOR('',#940,1.);
#940 = DIRECTION('',(1.,0.));
#941 = ( GEOMETRIC_REPRESENTATION_CONTEXT(2) 
PARAMETRIC_REPRESENTATION_CONTEXT() REPRESENTATION_CONTEXT('2D SPACE',''
  ) );
#942 = PCURVE('',#943,#948);
#943 = PLANE('',#944);
#944 = AXIS2_PLACEMENT_3D('',#945,#946,#947);
#945 = CARTESIAN_POINT('',(-21.86660863709,60.107415738093,16.));
#946 = DIRECTION('',(1.110223024625E-16,0.,-1.));
#947 = DIRECTION('',(-0.382683432365,0.923879532511,-4.248639577543E-17)
  );
#948 = DEFINITIONAL_REPRESENTATION('',(#949),#953);
#949 = CIRCLE('',#950,67.);
#950 = AXIS2_PLACEMENT_2D('',#951,#952);
#951 = CARTESIAN_POINT('',(-63.9,-2.8));
#952 = DIRECTION('',(0.923879532511,0.382683432365));
#953 = ( GEOMETRIC_REPRESENTATION_CONTEXT(2) 
PARAMETRIC_REPRESENTATION_CONTEXT() REPRESENTATION_CONTEXT('2D SPACE',''
  ) );
#954 = ORIENTED_EDGE('',*,*,#955,.T.);
#955 = EDGE_CURVE('',#925,#956,#958,.T.);
#956 = VERTEX_POINT('',#957);
#957 = CARTESIAN_POINT('',(-28.20425303839,60.774337598581,-16.));
#958 = SURFACE_CURVE('',#959,(#963,#970),.PCURVE_S1.);
#959 = LINE('',#960,#961);
#960 = CARTESIAN_POINT('',(-28.20425303839,60.774337598581,20.));
#961 = VECTOR('',#962,1.);
#962 = DIRECTION('',(1.110223024625E-16,0.,-1.));
#963 = PCURVE('',#31,#964);
#964 = DEFINITIONAL_REPRESENTATION('',(#965),#969);
#965 = LINE('',#966,#967);
#966 = CARTESIAN_POINT('',(5.848683006517,0.));
#967 = VECTOR('',#968,1.);
#968 = DIRECTION('',(0.,1.));
#969 = ( GEOMETRIC_REPRESENTATION_CONTEXT(2) 
PARAMETRIC_REPRESENTATION_CONTEXT() REPRESENTATION_CONTEXT('2D SPACE',''
  ) );
#970 = PCURVE('',#971,#976);
#971 = PLANE('',#972);
#972 = AXIS2_PLACEMENT_3D('',#973,#974,#975);
#973 = CARTESIAN_POINT('',(-27.04033401916,57.964388516849,16.));
#974 = DIRECTION('',(-0.923879532511,-0.382683432365,-1.025712328974E-16
    ));
#975 = DIRECTION('',(-0.382683432365,0.923879532511,-4.248639577543E-17)
  );
#976 = DEFINITIONAL_REPRESENTATION('',(#977),#981);
#977 = LINE('',#978,#979);
#978 = CARTESIAN_POINT('',(3.041466969286,-4.));
#979 = VECTOR('',#980,1.);
#980 = DIRECTION('',(0.,1.));
#981 = ( GEOMETRIC_REPRESENTATION_CONTEXT(2) 
PARAMETRIC_REPRESENTATION_CONTEXT() REPRESENTATION_CONTEXT('2D SPACE',''
  ) );
#982 = ORIENTED_EDGE('',*,*,#983,.T.);
#983 = EDGE_CURVE('',#956,#984,#986,.T.);
#984 = VERTEX_POINT('',#985);
#985 = CARTESIAN_POINT('',(-23.03052765632,62.917364819826,-16.));
#986 = SURFACE_CURVE('',#987,(#992,#999),.PCURVE_S1.);
#987 = CIRCLE('',#988,67.);
#988 = AXIS2_PLACEMENT_3D('',#989,#990,#991);
#989 = CARTESIAN_POINT('',(1.7763568394E-15,0.,-16.));
#990 = DIRECTION('',(1.110223024625E-16,0.,-1.));
#991 = DIRECTION('',(0.,1.,0.));
#992 = PCURVE('',#31,#993);
#993 = DEFINITIONAL_REPRESENTATION('',(#994),#998);
#994 = LINE('',#995,#996);
#995 = CARTESIAN_POINT('',(0.,36.));
#996 = VECTOR('',#997,1.);
#997 = DIRECTION('',(1.,0.));
#998 = ( GEOMETRIC_REPRESENTATION_CONTEXT(2) 
PARAMETRIC_REPRESENTATION_CONTEXT() REPRESENTATION_CONTEXT('2D SPACE',''
  ) );
#999 = PCURVE('',#1000,#1005);
#1000 = PLANE('',#1001);
#1001 = AXIS2_PLACEMENT_3D('',#1002,#1003,#1004);
#1002 = CARTESIAN_POINT('',(-21.86660863709,60.107415738093,-16.));
#1003 = DIRECTION('',(1.110223024625E-16,0.,-1.));
#1004 = DIRECTION('',(-0.382683432365,0.923879532511,-4.248639577543E-17
    ));
#1005 = DEFINITIONAL_REPRESENTATION('',(#1006),#1010);
#1006 = CIRCLE('',#1007,67.);
#1007 = AXIS2_PLACEMENT_2D('',#1008,#1009);
#1008 = CARTESIAN_POINT('',(-63.9,-2.8));
#1009 = DIRECTION('',(0.923879532511,0.382683432365));
#1010 = ( GEOMETRIC_REPRESENTATION_CONTEXT(2) 
PARAMETRIC_REPRESENTATION_CONTEXT() REPRESENTATION_CONTEXT('2D SPACE',''
  ) );
#1011 = ORIENTED_EDGE('',*,*,#1012,.F.);
#1012 = EDGE_CURVE('',#927,#984,#1013,.T.);
#1013 = SURFACE_CURVE('',#1014,(#1018,#1025),.PCURVE_S1.);
#1014 = LINE('',#1015,#1016);
#1015 = CARTESIAN_POINT('',(-23.03052765632,62.917364819826,20.));
#1016 = VECTOR('',#1017,1.);
#1017 = DIRECTION('',(1.110223024625E-16,0.,-1.));
#1018 = PCURVE('',#31,#1019);
#1019 = DEFINITIONAL_REPRESENTATION('',(#1020),#1024);
#1020 = LINE('',#1021,#1022);
#1021 = CARTESIAN_POINT('',(5.932289444444,0.));
#1022 = VECTOR('',#1023,1.);
#1023 = DIRECTION('',(0.,1.));
#1024 = ( GEOMETRIC_REPRESENTATION_CONTEXT(2) 
PARAMETRIC_REPRESENTATION_CONTEXT() REPRESENTATION_CONTEXT('2D SPACE',''
  ) );
#1025 = PCURVE('',#1026,#1031);
#1026 = PLANE('',#1027);
#1027 = AXIS2_PLACEMENT_3D('',#1028,#1029,#1030);
#1028 = CARTESIAN_POINT('',(-21.86660863709,60.107415738093,16.));
#1029 = DIRECTION('',(-0.923879532511,-0.382683432365,
    -1.025712328974E-16));
#1030 = DIRECTION('',(-0.382683432365,0.923879532511,-4.248639577543E-17
    ));
#1031 = DEFINITIONAL_REPRESENTATION('',(#1032),#1036);
#1032 = LINE('',#1033,#1034);
#1033 = CARTESIAN_POINT('',(3.041466969286,-4.));
#1034 = VECTOR('',#1035,1.);
#1035 = DIRECTION('',(0.,1.));
#1036 = ( GEOMETRIC_REPRESENTATION_CONTEXT(2) 
PARAMETRIC_REPRESENTATION_CONTEXT() REPRESENTATION_CONTEXT('2D SPACE',''
  ) );
#1037 = ADVANCED_FACE('',(#1038,#1073),#43,.T.);
#1038 = FACE_BOUND('',#1039,.F.);
#1039 = EDGE_LOOP('',(#1040));
#1040 = ORIENTED_EDGE('',*,*,#1041,.T.);
#1041 = EDGE_CURVE('',#1042,#1042,#1044,.T.);
#1042 = VERTEX_POINT('',#1043);
#1043 = CARTESIAN_POINT('',(-2.22044604925E-15,75.,20.));
#1044 = SURFACE_CURVE('',#1045,(#1050,#1061),.PCURVE_S1.);
#1045 = CIRCLE('',#1046,75.);
#1046 = AXIS2_PLACEMENT_3D('',#1047,#1048,#1049);
#1047 = CARTESIAN_POINT('',(-2.22044604925E-15,0.,20.));
#1048 = DIRECTION('',(1.110223024625E-16,0.,-1.));
#1049 = DIRECTION('',(0.,1.,0.));
#1050 = PCURVE('',#43,#1051);
#1051 = DEFINITIONAL_REPRESENTATION('',(#1052),#1060);
#1052 = ( BOUNDED_CURVE() B_SPLINE_CURVE(2,(#1053,#1054,#1055,#1056,
#1057,#1058,#1059),.UNSPECIFIED.,.T.,.F.) B_SPLINE_CURVE_WITH_KNOTS((1,2
    ,2,2,2,1),(-2.094395102393,0.,2.094395102393,4.188790204786,
6.28318530718,8.377580409573),.UNSPECIFIED.) CURVE() 
GEOMETRIC_REPRESENTATION_ITEM() RATIONAL_B_SPLINE_CURVE((1.,0.5,1.,0.5,
1.,0.5,1.)) REPRESENTATION_ITEM('') );
#1053 = CARTESIAN_POINT('',(-75.,0.));
#1054 = CARTESIAN_POINT('',(-75.,129.90381056766));
#1055 = CARTESIAN_POINT('',(37.5,64.951905283833));
#1056 = CARTESIAN_POINT('',(150.,1.836970198721E-14));
#1057 = CARTESIAN_POINT('',(37.5,-64.95190528383));
#1058 = CARTESIAN_POINT('',(-75.,-129.9038105676));
#1059 = CARTESIAN_POINT('',(-75.,0.));
#1060 = ( GEOMETRIC_REPRESENTATION_CONTEXT(2) 
PARAMETRIC_REPRESENTATION_CONTEXT() REPRESENTATION_CONTEXT('2D SPACE',''
  ) );
#1061 = PCURVE('',#1062,#1067);
#1062 = TOROIDAL_SURFACE('',#1063,120.87663069544,50.046630695444);
#1063 = AXIS2_PLACEMENT_3D('',#1064,#1065,#1066);
#1064 = CARTESIAN_POINT('',(-9.860761315263E-32,0.,8.881784197001E-16));
#1065 = DIRECTION('',(1.110223024625E-16,0.,-1.));
#1066 = DIRECTION('',(0.,1.,0.));
#1067 = DEFINITIONAL_REPRESENTATION('',(#1068),#1072);
#1068 = LINE('',#1069,#1070);
#1069 = CARTESIAN_POINT('',(0.,3.55270288889));
#1070 = VECTOR('',#1071,1.);
#1071 = DIRECTION('',(1.,0.));
#1072 = ( GEOMETRIC_REPRESENTATION_CONTEXT(2) 
PARAMETRIC_REPRESENTATION_CONTEXT() REPRESENTATION_CONTEXT('2D SPACE',''
  ) );
#1073 = FACE_BOUND('',#1074,.F.);
#1074 = EDGE_LOOP('',(#1075));
#1075 = ORIENTED_EDGE('',*,*,#21,.F.);
#1076 = ADVANCED_FACE('',(#1077,#1080),#97,.T.);
#1077 = FACE_BOUND('',#1078,.F.);
#1078 = EDGE_LOOP('',(#1079));
#1079 = ORIENTED_EDGE('',*,*,#82,.T.);
#1080 = FACE_BOUND('',#1081,.F.);
#1081 = EDGE_LOOP('',(#1082));
#1082 = ORIENTED_EDGE('',*,*,#1083,.F.);
#1083 = EDGE_CURVE('',#1084,#1084,#1086,.T.);
#1084 = VERTEX_POINT('',#1085);
#1085 = CARTESIAN_POINT('',(2.22044604925E-15,75.,-20.));
#1086 = SURFACE_CURVE('',#1087,(#1092,#1099),.PCURVE_S1.);
#1087 = CIRCLE('',#1088,75.);
#1088 = AXIS2_PLACEMENT_3D('',#1089,#1090,#1091);
#1089 = CARTESIAN_POINT('',(2.22044604925E-15,0.,-20.));
#1090 = DIRECTION('',(1.110223024625E-16,0.,-1.));
#1091 = DIRECTION('',(0.,1.,0.));
#1092 = PCURVE('',#97,#1093);
#1093 = DEFINITIONAL_REPRESENTATION('',(#1094),#1098);
#1094 = CIRCLE('',#1095,75.);
#1095 = AXIS2_PLACEMENT_2D('',#1096,#1097);
#1096 = CARTESIAN_POINT('',(0.,0.));
#1097 = DIRECTION('',(1.,-0.));
#1098 = ( GEOMETRIC_REPRESENTATION_CONTEXT(2) 
PARAMETRIC_REPRESENTATION_CONTEXT() REPRESENTATION_CONTEXT('2D SPACE',''
  ) );
#1099 = PCURVE('',#1062,#1100);
#1100 = DEFINITIONAL_REPRESENTATION('',(#1101),#1105);
#1101 = LINE('',#1102,#1103);
#1102 = CARTESIAN_POINT('',(0.,2.73048241829));
#1103 = VECTOR('',#1104,1.);
#1104 = DIRECTION('',(1.,0.));
#1105 = ( GEOMETRIC_REPRESENTATION_CONTEXT(2) 
PARAMETRIC_REPRESENTATION_CONTEXT() REPRESENTATION_CONTEXT('2D SPACE',''
  ) );
#1106 = ADVANCED_FACE('',(#1107),#131,.F.);
#1107 = FACE_BOUND('',#1108,.F.);
#1108 = EDGE_LOOP('',(#1109,#1132,#1160,#1181));
#1109 = ORIENTED_EDGE('',*,*,#1110,.F.);
#1110 = EDGE_CURVE('',#1111,#115,#1113,.T.);
#1111 = VERTEX_POINT('',#1112);
#1112 = CARTESIAN_POINT('',(27.040334019161,57.964388516849,16.));
#1113 = SURFACE_CURVE('',#1114,(#1118,#1125),.PCURVE_S1.);
#1114 = LINE('',#1115,#1116);
#1115 = CARTESIAN_POINT('',(27.040334019161,57.964388516849,16.));
#1116 = VECTOR('',#1117,1.);
#1117 = DIRECTION('',(0.382683432365,0.923879532511,4.248639577543E-17)
  );
#1118 = PCURVE('',#131,#1119);
#1119 = DEFINITIONAL_REPRESENTATION('',(#1120),#1124);
#1120 = LINE('',#1121,#1122);
#1121 = CARTESIAN_POINT('',(0.,0.));
#1122 = VECTOR('',#1123,1.);
#1123 = DIRECTION('',(1.,4.357881996053E-33));
#1124 = ( GEOMETRIC_REPRESENTATION_CONTEXT(2) 
PARAMETRIC_REPRESENTATION_CONTEXT() REPRESENTATION_CONTEXT('2D SPACE',''
  ) );
#1125 = PCURVE('',#214,#1126);
#1126 = DEFINITIONAL_REPRESENTATION('',(#1127),#1131);
#1127 = LINE('',#1128,#1129);
#1128 = CARTESIAN_POINT('',(0.,0.));
#1129 = VECTOR('',#1130,1.);
#1130 = DIRECTION('',(1.,0.));
#1131 = ( GEOMETRIC_REPRESENTATION_CONTEXT(2) 
PARAMETRIC_REPRESENTATION_CONTEXT() REPRESENTATION_CONTEXT('2D SPACE',''
  ) );
#1132 = ORIENTED_EDGE('',*,*,#1133,.T.);
#1133 = EDGE_CURVE('',#1111,#1134,#1136,.T.);
#1134 = VERTEX_POINT('',#1135);
#1135 = CARTESIAN_POINT('',(21.866608637098,60.107415738093,16.));
#1136 = SURFACE_CURVE('',#1137,(#1141,#1148),.PCURVE_S1.);
#1137 = LINE('',#1138,#1139);
#1138 = CARTESIAN_POINT('',(27.040334019161,57.964388516849,16.));
#1139 = VECTOR('',#1140,1.);
#1140 = DIRECTION('',(-0.923879532511,0.382683432365,-1.025712328974E-16
    ));
#1141 = PCURVE('',#131,#1142);
#1142 = DEFINITIONAL_REPRESENTATION('',(#1143),#1147);
#1143 = LINE('',#1144,#1145);
#1144 = CARTESIAN_POINT('',(0.,0.));
#1145 = VECTOR('',#1146,1.);
#1146 = DIRECTION('',(-4.357881996053E-33,-1.));
#1147 = ( GEOMETRIC_REPRESENTATION_CONTEXT(2) 
PARAMETRIC_REPRESENTATION_CONTEXT() REPRESENTATION_CONTEXT('2D SPACE',''
  ) );
#1148 = PCURVE('',#1149,#1154);
#1149 = PLANE('',#1150);
#1150 = AXIS2_PLACEMENT_3D('',#1151,#1152,#1153);
#1151 = CARTESIAN_POINT('',(27.040334019161,57.964388516849,16.));
#1152 = DIRECTION('',(0.382683432365,0.923879532511,4.248639577543E-17)
  );
#1153 = DIRECTION('',(1.110223024625E-16,0.,-1.));
#1154 = DEFINITIONAL_REPRESENTATION('',(#1155),#1159);
#1155 = LINE('',#1156,#1157);
#1156 = CARTESIAN_POINT('',(0.,0.));
#1157 = VECTOR('',#1158,1.);
#1158 = DIRECTION('',(0.,1.));
#1159 = ( GEOMETRIC_REPRESENTATION_CONTEXT(2) 
PARAMETRIC_REPRESENTATION_CONTEXT() REPRESENTATION_CONTEXT('2D SPACE',''
  ) );
#1160 = ORIENTED_EDGE('',*,*,#1161,.T.);
#1161 = EDGE_CURVE('',#1134,#113,#1162,.T.);
#1162 = SURFACE_CURVE('',#1163,(#1167,#1174),.PCURVE_S1.);
#1163 = LINE('',#1164,#1165);
#1164 = CARTESIAN_POINT('',(21.866608637098,60.107415738093,16.));
#1165 = VECTOR('',#1166,1.);
#1166 = DIRECTION('',(0.382683432365,0.923879532511,4.248639577543E-17)
  );
#1167 = PCURVE('',#131,#1168);
#1168 = DEFINITIONAL_REPRESENTATION('',(#1169),#1173);
#1169 = LINE('',#1170,#1171);
#1170 = CARTESIAN_POINT('',(4.884981308351E-15,-5.6));
#1171 = VECTOR('',#1172,1.);
#1172 = DIRECTION('',(1.,4.357881996053E-33));
#1173 = ( GEOMETRIC_REPRESENTATION_CONTEXT(2) 
PARAMETRIC_REPRESENTATION_CONTEXT() REPRESENTATION_CONTEXT('2D SPACE',''
  ) );
#1174 = PCURVE('',#159,#1175);
#1175 = DEFINITIONAL_REPRESENTATION('',(#1176),#1180);
#1176 = LINE('',#1177,#1178);
#1177 = CARTESIAN_POINT('',(0.,0.));
#1178 = VECTOR('',#1179,1.);
#1179 = DIRECTION('',(1.,0.));
#1180 = ( GEOMETRIC_REPRESENTATION_CONTEXT(2) 
PARAMETRIC_REPRESENTATION_CONTEXT() REPRESENTATION_CONTEXT('2D SPACE',''
  ) );
#1181 = ORIENTED_EDGE('',*,*,#112,.T.);
#1182 = ADVANCED_FACE('',(#1183),#159,.T.);
#1183 = FACE_BOUND('',#1184,.T.);
#1184 = EDGE_LOOP('',(#1185,#1208,#1229,#1230));
#1185 = ORIENTED_EDGE('',*,*,#1186,.F.);
#1186 = EDGE_CURVE('',#1187,#144,#1189,.T.);
#1187 = VERTEX_POINT('',#1188);
#1188 = CARTESIAN_POINT('',(21.866608637098,60.107415738093,-16.));
#1189 = SURFACE_CURVE('',#1190,(#1194,#1201),.PCURVE_S1.);
#1190 = LINE('',#1191,#1192);
#1191 = CARTESIAN_POINT('',(21.866608637098,60.107415738093,-16.));
#1192 = VECTOR('',#1193,1.);
#1193 = DIRECTION('',(0.382683432365,0.923879532511,4.248639577543E-17)
  );
#1194 = PCURVE('',#159,#1195);
#1195 = DEFINITIONAL_REPRESENTATION('',(#1196),#1200);
#1196 = LINE('',#1197,#1198);
#1197 = CARTESIAN_POINT('',(0.,32.));
#1198 = VECTOR('',#1199,1.);
#1199 = DIRECTION('',(1.,0.));
#1200 = ( GEOMETRIC_REPRESENTATION_CONTEXT(2) 
PARAMETRIC_REPRESENTATION_CONTEXT() REPRESENTATION_CONTEXT('2D SPACE',''
  ) );
#1201 = PCURVE('',#188,#1202);
#1202 = DEFINITIONAL_REPRESENTATION('',(#1203),#1207);
#1203 = LINE('',#1204,#1205);
#1204 = CARTESIAN_POINT('',(4.884981308351E-15,-5.6));
#1205 = VECTOR('',#1206,1.);
#1206 = DIRECTION('',(1.,4.357881996053E-33));
#1207 = ( GEOMETRIC_REPRESENTATION_CONTEXT(2) 
PARAMETRIC_REPRESENTATION_CONTEXT() REPRESENTATION_CONTEXT('2D SPACE',''
  ) );
#1208 = ORIENTED_EDGE('',*,*,#1209,.F.);
#1209 = EDGE_CURVE('',#1134,#1187,#1210,.T.);
#1210 = SURFACE_CURVE('',#1211,(#1215,#1222),.PCURVE_S1.);
#1211 = LINE('',#1212,#1213);
#1212 = CARTESIAN_POINT('',(21.866608637098,60.107415738093,16.));
#1213 = VECTOR('',#1214,1.);
#1214 = DIRECTION('',(1.110223024625E-16,0.,-1.));
#1215 = PCURVE('',#159,#1216);
#1216 = DEFINITIONAL_REPRESENTATION('',(#1217),#1221);
#1217 = LINE('',#1218,#1219);
#1218 = CARTESIAN_POINT('',(0.,0.));
#1219 = VECTOR('',#1220,1.);
#1220 = DIRECTION('',(0.,1.));
#1221 = ( GEOMETRIC_REPRESENTATION_CONTEXT(2) 
PARAMETRIC_REPRESENTATION_CONTEXT() REPRESENTATION_CONTEXT('2D SPACE',''
  ) );
#1222 = PCURVE('',#1149,#1223);
#1223 = DEFINITIONAL_REPRESENTATION('',(#1224),#1228);
#1224 = LINE('',#1225,#1226);
#1225 = CARTESIAN_POINT('',(-5.743989042254E-16,5.6));
#1226 = VECTOR('',#1227,1.);
#1227 = DIRECTION('',(1.,0.));
#1228 = ( GEOMETRIC_REPRESENTATION_CONTEXT(2) 
PARAMETRIC_REPRESENTATION_CONTEXT() REPRESENTATION_CONTEXT('2D SPACE',''
  ) );
#1229 = ORIENTED_EDGE('',*,*,#1161,.T.);
#1230 = ORIENTED_EDGE('',*,*,#143,.T.);
#1231 = ADVANCED_FACE('',(#1232),#214,.F.);
#1232 = FACE_BOUND('',#1233,.F.);
#1233 = EDGE_LOOP('',(#1234,#1257,#1278,#1279));
#1234 = ORIENTED_EDGE('',*,*,#1235,.F.);
#1235 = EDGE_CURVE('',#1236,#172,#1238,.T.);
#1236 = VERTEX_POINT('',#1237);
#1237 = CARTESIAN_POINT('',(27.040334019161,57.964388516849,-16.));
#1238 = SURFACE_CURVE('',#1239,(#1243,#1250),.PCURVE_S1.);
#1239 = LINE('',#1240,#1241);
#1240 = CARTESIAN_POINT('',(27.040334019161,57.964388516849,-16.));
#1241 = VECTOR('',#1242,1.);
#1242 = DIRECTION('',(0.382683432365,0.923879532511,4.248639577543E-17)
  );
#1243 = PCURVE('',#214,#1244);
#1244 = DEFINITIONAL_REPRESENTATION('',(#1245),#1249);
#1245 = LINE('',#1246,#1247);
#1246 = CARTESIAN_POINT('',(0.,32.));
#1247 = VECTOR('',#1248,1.);
#1248 = DIRECTION('',(1.,0.));
#1249 = ( GEOMETRIC_REPRESENTATION_CONTEXT(2) 
PARAMETRIC_REPRESENTATION_CONTEXT() REPRESENTATION_CONTEXT('2D SPACE',''
  ) );
#1250 = PCURVE('',#188,#1251);
#1251 = DEFINITIONAL_REPRESENTATION('',(#1252),#1256);
#1252 = LINE('',#1253,#1254);
#1253 = CARTESIAN_POINT('',(0.,0.));
#1254 = VECTOR('',#1255,1.);
#1255 = DIRECTION('',(1.,4.357881996053E-33));
#1256 = ( GEOMETRIC_REPRESENTATION_CONTEXT(2) 
PARAMETRIC_REPRESENTATION_CONTEXT() REPRESENTATION_CONTEXT('2D SPACE',''
  ) );
#1257 = ORIENTED_EDGE('',*,*,#1258,.F.);
#1258 = EDGE_CURVE('',#1111,#1236,#1259,.T.);
#1259 = SURFACE_CURVE('',#1260,(#1264,#1271),.PCURVE_S1.);
#1260 = LINE('',#1261,#1262);
#1261 = CARTESIAN_POINT('',(27.040334019161,57.964388516849,16.));
#1262 = VECTOR('',#1263,1.);
#1263 = DIRECTION('',(1.110223024625E-16,0.,-1.));
#1264 = PCURVE('',#214,#1265);
#1265 = DEFINITIONAL_REPRESENTATION('',(#1266),#1270);
#1266 = LINE('',#1267,#1268);
#1267 = CARTESIAN_POINT('',(0.,0.));
#1268 = VECTOR('',#1269,1.);
#1269 = DIRECTION('',(0.,1.));
#1270 = ( GEOMETRIC_REPRESENTATION_CONTEXT(2) 
PARAMETRIC_REPRESENTATION_CONTEXT() REPRESENTATION_CONTEXT('2D SPACE',''
  ) );
#1271 = PCURVE('',#1149,#1272);
#1272 = DEFINITIONAL_REPRESENTATION('',(#1273),#1277);
#1273 = LINE('',#1274,#1275);
#1274 = CARTESIAN_POINT('',(0.,0.));
#1275 = VECTOR('',#1276,1.);
#1276 = DIRECTION('',(1.,0.));
#1277 = ( GEOMETRIC_REPRESENTATION_CONTEXT(2) 
PARAMETRIC_REPRESENTATION_CONTEXT() REPRESENTATION_CONTEXT('2D SPACE',''
  ) );
#1278 = ORIENTED_EDGE('',*,*,#1110,.T.);
#1279 = ORIENTED_EDGE('',*,*,#200,.T.);
#1280 = ADVANCED_FACE('',(#1281),#188,.T.);
#1281 = FACE_BOUND('',#1282,.T.);
#1282 = EDGE_LOOP('',(#1283,#1284,#1305,#1306));
#1283 = ORIENTED_EDGE('',*,*,#1235,.F.);
#1284 = ORIENTED_EDGE('',*,*,#1285,.T.);
#1285 = EDGE_CURVE('',#1236,#1187,#1286,.T.);
#1286 = SURFACE_CURVE('',#1287,(#1291,#1298),.PCURVE_S1.);
#1287 = LINE('',#1288,#1289);
#1288 = CARTESIAN_POINT('',(27.040334019161,57.964388516849,-16.));
#1289 = VECTOR('',#1290,1.);
#1290 = DIRECTION('',(-0.923879532511,0.382683432365,-1.025712328974E-16
    ));
#1291 = PCURVE('',#188,#1292);
#1292 = DEFINITIONAL_REPRESENTATION('',(#1293),#1297);
#1293 = LINE('',#1294,#1295);
#1294 = CARTESIAN_POINT('',(0.,0.));
#1295 = VECTOR('',#1296,1.);
#1296 = DIRECTION('',(-4.357881996053E-33,-1.));
#1297 = ( GEOMETRIC_REPRESENTATION_CONTEXT(2) 
PARAMETRIC_REPRESENTATION_CONTEXT() REPRESENTATION_CONTEXT('2D SPACE',''
  ) );
#1298 = PCURVE('',#1149,#1299);
#1299 = DEFINITIONAL_REPRESENTATION('',(#1300),#1304);
#1300 = LINE('',#1301,#1302);
#1301 = CARTESIAN_POINT('',(32.,-3.282279452717E-15));
#1302 = VECTOR('',#1303,1.);
#1303 = DIRECTION('',(0.,1.));
#1304 = ( GEOMETRIC_REPRESENTATION_CONTEXT(2) 
PARAMETRIC_REPRESENTATION_CONTEXT() REPRESENTATION_CONTEXT('2D SPACE',''
  ) );
#1305 = ORIENTED_EDGE('',*,*,#1186,.T.);
#1306 = ORIENTED_EDGE('',*,*,#171,.T.);
#1307 = ADVANCED_FACE('',(#1308),#247,.F.);
#1308 = FACE_BOUND('',#1309,.F.);
#1309 = EDGE_LOOP('',(#1310,#1333,#1361,#1382));
#1310 = ORIENTED_EDGE('',*,*,#1311,.F.);
#1311 = EDGE_CURVE('',#1312,#231,#1314,.T.);
#1312 = VERTEX_POINT('',#1313);
#1313 = CARTESIAN_POINT('',(60.107415738093,21.866608637098,16.));
#1314 = SURFACE_CURVE('',#1315,(#1319,#1326),.PCURVE_S1.);
#1315 = LINE('',#1316,#1317);
#1316 = CARTESIAN_POINT('',(60.107415738093,21.866608637098,16.));
#1317 = VECTOR('',#1318,1.);
#1318 = DIRECTION('',(0.923879532511,0.382683432365,1.025712328974E-16)
  );
#1319 = PCURVE('',#247,#1320);
#1320 = DEFINITIONAL_REPRESENTATION('',(#1321),#1325);
#1321 = LINE('',#1322,#1323);
#1322 = CARTESIAN_POINT('',(0.,0.));
#1323 = VECTOR('',#1324,1.);
#1324 = DIRECTION('',(1.,4.357881996053E-33));
#1325 = ( GEOMETRIC_REPRESENTATION_CONTEXT(2) 
PARAMETRIC_REPRESENTATION_CONTEXT() REPRESENTATION_CONTEXT('2D SPACE',''
  ) );
#1326 = PCURVE('',#330,#1327);
#1327 = DEFINITIONAL_REPRESENTATION('',(#1328),#1332);
#1328 = LINE('',#1329,#1330);
#1329 = CARTESIAN_POINT('',(0.,0.));
#1330 = VECTOR('',#1331,1.);
#1331 = DIRECTION('',(1.,0.));
#1332 = ( GEOMETRIC_REPRESENTATION_CONTEXT(2) 
PARAMETRIC_REPRESENTATION_CONTEXT() REPRESENTATION_CONTEXT('2D SPACE',''
  ) );
#1333 = ORIENTED_EDGE('',*,*,#1334,.T.);
#1334 = EDGE_CURVE('',#1312,#1335,#1337,.T.);
#1335 = VERTEX_POINT('',#1336);
#1336 = CARTESIAN_POINT('',(57.964388516849,27.040334019161,16.));
#1337 = SURFACE_CURVE('',#1338,(#1342,#1349),.PCURVE_S1.);
#1338 = LINE('',#1339,#1340);
#1339 = CARTESIAN_POINT('',(60.107415738093,21.866608637098,16.));
#1340 = VECTOR('',#1341,1.);
#1341 = DIRECTION('',(-0.382683432365,0.923879532511,-4.248639577543E-17
    ));
#1342 = PCURVE('',#247,#1343);
#1343 = DEFINITIONAL_REPRESENTATION('',(#1344),#1348);
#1344 = LINE('',#1345,#1346);
#1345 = CARTESIAN_POINT('',(0.,0.));
#1346 = VECTOR('',#1347,1.);
#1347 = DIRECTION('',(-4.357881996053E-33,-1.));
#1348 = ( GEOMETRIC_REPRESENTATION_CONTEXT(2) 
PARAMETRIC_REPRESENTATION_CONTEXT() REPRESENTATION_CONTEXT('2D SPACE',''
  ) );
#1349 = PCURVE('',#1350,#1355);
#1350 = PLANE('',#1351);
#1351 = AXIS2_PLACEMENT_3D('',#1352,#1353,#1354);
#1352 = CARTESIAN_POINT('',(60.107415738093,21.866608637098,16.));
#1353 = DIRECTION('',(0.923879532511,0.382683432365,1.025712328974E-16)
  );
#1354 = DIRECTION('',(1.110223024625E-16,0.,-1.));
#1355 = DEFINITIONAL_REPRESENTATION('',(#1356),#1360);
#1356 = LINE('',#1357,#1358);
#1357 = CARTESIAN_POINT('',(0.,0.));
#1358 = VECTOR('',#1359,1.);
#1359 = DIRECTION('',(0.,1.));
#1360 = ( GEOMETRIC_REPRESENTATION_CONTEXT(2) 
PARAMETRIC_REPRESENTATION_CONTEXT() REPRESENTATION_CONTEXT('2D SPACE',''
  ) );
#1361 = ORIENTED_EDGE('',*,*,#1362,.T.);
#1362 = EDGE_CURVE('',#1335,#229,#1363,.T.);
#1363 = SURFACE_CURVE('',#1364,(#1368,#1375),.PCURVE_S1.);
#1364 = LINE('',#1365,#1366);
#1365 = CARTESIAN_POINT('',(57.964388516849,27.040334019161,16.));
#1366 = VECTOR('',#1367,1.);
#1367 = DIRECTION('',(0.923879532511,0.382683432365,1.025712328974E-16)
  );
#1368 = PCURVE('',#247,#1369);
#1369 = DEFINITIONAL_REPRESENTATION('',(#1370),#1374);
#1370 = LINE('',#1371,#1372);
#1371 = CARTESIAN_POINT('',(5.329070518201E-15,-5.6));
#1372 = VECTOR('',#1373,1.);
#1373 = DIRECTION('',(1.,4.357881996053E-33));
#1374 = ( GEOMETRIC_REPRESENTATION_CONTEXT(2) 
PARAMETRIC_REPRESENTATION_CONTEXT() REPRESENTATION_CONTEXT('2D SPACE',''
  ) );
#1375 = PCURVE('',#275,#1376);
#1376 = DEFINITIONAL_REPRESENTATION('',(#1377),#1381);
#1377 = LINE('',#1378,#1379);
#1378 = CARTESIAN_POINT('',(0.,0.));
#1379 = VECTOR('',#1380,1.);
#1380 = DIRECTION('',(1.,0.));
#1381 = ( GEOMETRIC_REPRESENTATION_CONTEXT(2) 
PARAMETRIC_REPRESENTATION_CONTEXT() REPRESENTATION_CONTEXT('2D SPACE',''
  ) );
#1382 = ORIENTED_EDGE('',*,*,#228,.T.);
#1383 = ADVANCED_FACE('',(#1384),#330,.F.);
#1384 = FACE_BOUND('',#1385,.F.);
#1385 = EDGE_LOOP('',(#1386,#1409,#1430,#1431));
#1386 = ORIENTED_EDGE('',*,*,#1387,.F.);
#1387 = EDGE_CURVE('',#1388,#288,#1390,.T.);
#1388 = VERTEX_POINT('',#1389);
#1389 = CARTESIAN_POINT('',(60.107415738093,21.866608637098,-16.));
#1390 = SURFACE_CURVE('',#1391,(#1395,#1402),.PCURVE_S1.);
#1391 = LINE('',#1392,#1393);
#1392 = CARTESIAN_POINT('',(60.107415738093,21.866608637098,-16.));
#1393 = VECTOR('',#1394,1.);
#1394 = DIRECTION('',(0.923879532511,0.382683432365,1.025712328974E-16)
  );
#1395 = PCURVE('',#330,#1396);
#1396 = DEFINITIONAL_REPRESENTATION('',(#1397),#1401);
#1397 = LINE('',#1398,#1399);
#1398 = CARTESIAN_POINT('',(-3.282279452717E-15,32.));
#1399 = VECTOR('',#1400,1.);
#1400 = DIRECTION('',(1.,0.));
#1401 = ( GEOMETRIC_REPRESENTATION_CONTEXT(2) 
PARAMETRIC_REPRESENTATION_CONTEXT() REPRESENTATION_CONTEXT('2D SPACE',''
  ) );
#1402 = PCURVE('',#304,#1403);
#1403 = DEFINITIONAL_REPRESENTATION('',(#1404),#1408);
#1404 = LINE('',#1405,#1406);
#1405 = CARTESIAN_POINT('',(0.,0.));
#1406 = VECTOR('',#1407,1.);
#1407 = DIRECTION('',(1.,4.357881996053E-33));
#1408 = ( GEOMETRIC_REPRESENTATION_CONTEXT(2) 
PARAMETRIC_REPRESENTATION_CONTEXT() REPRESENTATION_CONTEXT('2D SPACE',''
  ) );
#1409 = ORIENTED_EDGE('',*,*,#1410,.F.);
#1410 = EDGE_CURVE('',#1312,#1388,#1411,.T.);
#1411 = SURFACE_CURVE('',#1412,(#1416,#1423),.PCURVE_S1.);
#1412 = LINE('',#1413,#1414);
#1413 = CARTESIAN_POINT('',(60.107415738093,21.866608637098,16.));
#1414 = VECTOR('',#1415,1.);
#1415 = DIRECTION('',(1.110223024625E-16,0.,-1.));
#1416 = PCURVE('',#330,#1417);
#1417 = DEFINITIONAL_REPRESENTATION('',(#1418),#1422);
#1418 = LINE('',#1419,#1420);
#1419 = CARTESIAN_POINT('',(0.,0.));
#1420 = VECTOR('',#1421,1.);
#1421 = DIRECTION('',(0.,1.));
#1422 = ( GEOMETRIC_REPRESENTATION_CONTEXT(2) 
PARAMETRIC_REPRESENTATION_CONTEXT() REPRESENTATION_CONTEXT('2D SPACE',''
  ) );
#1423 = PCURVE('',#1350,#1424);
#1424 = DEFINITIONAL_REPRESENTATION('',(#1425),#1429);
#1425 = LINE('',#1426,#1427);
#1426 = CARTESIAN_POINT('',(0.,0.));
#1427 = VECTOR('',#1428,1.);
#1428 = DIRECTION('',(1.,0.));
#1429 = ( GEOMETRIC_REPRESENTATION_CONTEXT(2) 
PARAMETRIC_REPRESENTATION_CONTEXT() REPRESENTATION_CONTEXT('2D SPACE',''
  ) );
#1430 = ORIENTED_EDGE('',*,*,#1311,.T.);
#1431 = ORIENTED_EDGE('',*,*,#316,.T.);
#1432 = ADVANCED_FACE('',(#1433),#304,.T.);
#1433 = FACE_BOUND('',#1434,.T.);
#1434 = EDGE_LOOP('',(#1435,#1436,#1459,#1480));
#1435 = ORIENTED_EDGE('',*,*,#1387,.F.);
#1436 = ORIENTED_EDGE('',*,*,#1437,.T.);
#1437 = EDGE_CURVE('',#1388,#1438,#1440,.T.);
#1438 = VERTEX_POINT('',#1439);
#1439 = CARTESIAN_POINT('',(57.964388516849,27.040334019161,-16.));
#1440 = SURFACE_CURVE('',#1441,(#1445,#1452),.PCURVE_S1.);
#1441 = LINE('',#1442,#1443);
#1442 = CARTESIAN_POINT('',(60.107415738093,21.866608637098,-16.));
#1443 = VECTOR('',#1444,1.);
#1444 = DIRECTION('',(-0.382683432365,0.923879532511,-4.248639577543E-17
    ));
#1445 = PCURVE('',#304,#1446);
#1446 = DEFINITIONAL_REPRESENTATION('',(#1447),#1451);
#1447 = LINE('',#1448,#1449);
#1448 = CARTESIAN_POINT('',(0.,0.));
#1449 = VECTOR('',#1450,1.);
#1450 = DIRECTION('',(-4.357881996053E-33,-1.));
#1451 = ( GEOMETRIC_REPRESENTATION_CONTEXT(2) 
PARAMETRIC_REPRESENTATION_CONTEXT() REPRESENTATION_CONTEXT('2D SPACE',''
  ) );
#1452 = PCURVE('',#1350,#1453);
#1453 = DEFINITIONAL_REPRESENTATION('',(#1454),#1458);
#1454 = LINE('',#1455,#1456);
#1455 = CARTESIAN_POINT('',(32.,1.359564664814E-15));
#1456 = VECTOR('',#1457,1.);
#1457 = DIRECTION('',(0.,1.));
#1458 = ( GEOMETRIC_REPRESENTATION_CONTEXT(2) 
PARAMETRIC_REPRESENTATION_CONTEXT() REPRESENTATION_CONTEXT('2D SPACE',''
  ) );
#1459 = ORIENTED_EDGE('',*,*,#1460,.T.);
#1460 = EDGE_CURVE('',#1438,#260,#1461,.T.);
#1461 = SURFACE_CURVE('',#1462,(#1466,#1473),.PCURVE_S1.);
#1462 = LINE('',#1463,#1464);
#1463 = CARTESIAN_POINT('',(57.964388516849,27.040334019161,-16.));
#1464 = VECTOR('',#1465,1.);
#1465 = DIRECTION('',(0.923879532511,0.382683432365,1.025712328974E-16)
  );
#1466 = PCURVE('',#304,#1467);
#1467 = DEFINITIONAL_REPRESENTATION('',(#1468),#1472);
#1468 = LINE('',#1469,#1470);
#1469 = CARTESIAN_POINT('',(5.329070518201E-15,-5.6));
#1470 = VECTOR('',#1471,1.);
#1471 = DIRECTION('',(1.,4.357881996053E-33));
#1472 = ( GEOMETRIC_REPRESENTATION_CONTEXT(2) 
PARAMETRIC_REPRESENTATION_CONTEXT() REPRESENTATION_CONTEXT('2D SPACE',''
  ) );
#1473 = PCURVE('',#275,#1474);
#1474 = DEFINITIONAL_REPRESENTATION('',(#1475),#1479);
#1475 = LINE('',#1476,#1477);
#1476 = CARTESIAN_POINT('',(-3.282279452717E-15,32.));
#1477 = VECTOR('',#1478,1.);
#1478 = DIRECTION('',(1.,0.));
#1479 = ( GEOMETRIC_REPRESENTATION_CONTEXT(2) 
PARAMETRIC_REPRESENTATION_CONTEXT() REPRESENTATION_CONTEXT('2D SPACE',''
  ) );
#1480 = ORIENTED_EDGE('',*,*,#287,.T.);
#1481 = ADVANCED_FACE('',(#1482),#275,.T.);
#1482 = FACE_BOUND('',#1483,.T.);
#1483 = EDGE_LOOP('',(#1484,#1485,#1506,#1507));
#1484 = ORIENTED_EDGE('',*,*,#1460,.F.);
#1485 = ORIENTED_EDGE('',*,*,#1486,.F.);
#1486 = EDGE_CURVE('',#1335,#1438,#1487,.T.);
#1487 = SURFACE_CURVE('',#1488,(#1492,#1499),.PCURVE_S1.);
#1488 = LINE('',#1489,#1490);
#1489 = CARTESIAN_POINT('',(57.964388516849,27.040334019161,16.));
#1490 = VECTOR('',#1491,1.);
#1491 = DIRECTION('',(1.110223024625E-16,0.,-1.));
#1492 = PCURVE('',#275,#1493);
#1493 = DEFINITIONAL_REPRESENTATION('',(#1494),#1498);
#1494 = LINE('',#1495,#1496);
#1495 = CARTESIAN_POINT('',(0.,0.));
#1496 = VECTOR('',#1497,1.);
#1497 = DIRECTION('',(0.,1.));
#1498 = ( GEOMETRIC_REPRESENTATION_CONTEXT(2) 
PARAMETRIC_REPRESENTATION_CONTEXT() REPRESENTATION_CONTEXT('2D SPACE',''
  ) );
#1499 = PCURVE('',#1350,#1500);
#1500 = DEFINITIONAL_REPRESENTATION('',(#1501),#1505);
#1501 = LINE('',#1502,#1503);
#1502 = CARTESIAN_POINT('',(-2.379238163424E-16,5.6));
#1503 = VECTOR('',#1504,1.);
#1504 = DIRECTION('',(1.,0.));
#1505 = ( GEOMETRIC_REPRESENTATION_CONTEXT(2) 
PARAMETRIC_REPRESENTATION_CONTEXT() REPRESENTATION_CONTEXT('2D SPACE',''
  ) );
#1506 = ORIENTED_EDGE('',*,*,#1362,.T.);
#1507 = ORIENTED_EDGE('',*,*,#259,.T.);
#1508 = ADVANCED_FACE('',(#1509),#363,.F.);
#1509 = FACE_BOUND('',#1510,.F.);
#1510 = EDGE_LOOP('',(#1511,#1534,#1562,#1583));
#1511 = ORIENTED_EDGE('',*,*,#1512,.F.);
#1512 = EDGE_CURVE('',#1513,#347,#1515,.T.);
#1513 = VERTEX_POINT('',#1514);
#1514 = CARTESIAN_POINT('',(57.964388516849,-27.04033401916,16.));
#1515 = SURFACE_CURVE('',#1516,(#1520,#1527),.PCURVE_S1.);
#1516 = LINE('',#1517,#1518);
#1517 = CARTESIAN_POINT('',(57.964388516849,-27.04033401916,16.));
#1518 = VECTOR('',#1519,1.);
#1519 = DIRECTION('',(0.923879532511,-0.382683432365,1.025712328974E-16)
  );
#1520 = PCURVE('',#363,#1521);
#1521 = DEFINITIONAL_REPRESENTATION('',(#1522),#1526);
#1522 = LINE('',#1523,#1524);
#1523 = CARTESIAN_POINT('',(0.,-0.));
#1524 = VECTOR('',#1525,1.);
#1525 = DIRECTION('',(1.,-4.357881996053E-33));
#1526 = ( GEOMETRIC_REPRESENTATION_CONTEXT(2) 
PARAMETRIC_REPRESENTATION_CONTEXT() REPRESENTATION_CONTEXT('2D SPACE',''
  ) );
#1527 = PCURVE('',#446,#1528);
#1528 = DEFINITIONAL_REPRESENTATION('',(#1529),#1533);
#1529 = LINE('',#1530,#1531);
#1530 = CARTESIAN_POINT('',(0.,0.));
#1531 = VECTOR('',#1532,1.);
#1532 = DIRECTION('',(1.,0.));
#1533 = ( GEOMETRIC_REPRESENTATION_CONTEXT(2) 
PARAMETRIC_REPRESENTATION_CONTEXT() REPRESENTATION_CONTEXT('2D SPACE',''
  ) );
#1534 = ORIENTED_EDGE('',*,*,#1535,.T.);
#1535 = EDGE_CURVE('',#1513,#1536,#1538,.T.);
#1536 = VERTEX_POINT('',#1537);
#1537 = CARTESIAN_POINT('',(60.107415738093,-21.86660863709,16.));
#1538 = SURFACE_CURVE('',#1539,(#1543,#1550),.PCURVE_S1.);
#1539 = LINE('',#1540,#1541);
#1540 = CARTESIAN_POINT('',(57.964388516849,-27.04033401916,16.));
#1541 = VECTOR('',#1542,1.);
#1542 = DIRECTION('',(0.382683432365,0.923879532511,4.248639577543E-17)
  );
#1543 = PCURVE('',#363,#1544);
#1544 = DEFINITIONAL_REPRESENTATION('',(#1545),#1549);
#1545 = LINE('',#1546,#1547);
#1546 = CARTESIAN_POINT('',(0.,-0.));
#1547 = VECTOR('',#1548,1.);
#1548 = DIRECTION('',(4.357881996053E-33,-1.));
#1549 = ( GEOMETRIC_REPRESENTATION_CONTEXT(2) 
PARAMETRIC_REPRESENTATION_CONTEXT() REPRESENTATION_CONTEXT('2D SPACE',''
  ) );
#1550 = PCURVE('',#1551,#1556);
#1551 = PLANE('',#1552);
#1552 = AXIS2_PLACEMENT_3D('',#1553,#1554,#1555);
#1553 = CARTESIAN_POINT('',(57.964388516849,-27.04033401916,16.));
#1554 = DIRECTION('',(0.923879532511,-0.382683432365,1.025712328974E-16)
  );
#1555 = DIRECTION('',(1.110223024625E-16,0.,-1.));
#1556 = DEFINITIONAL_REPRESENTATION('',(#1557),#1561);
#1557 = LINE('',#1558,#1559);
#1558 = CARTESIAN_POINT('',(0.,0.));
#1559 = VECTOR('',#1560,1.);
#1560 = DIRECTION('',(0.,1.));
#1561 = ( GEOMETRIC_REPRESENTATION_CONTEXT(2) 
PARAMETRIC_REPRESENTATION_CONTEXT() REPRESENTATION_CONTEXT('2D SPACE',''
  ) );
#1562 = ORIENTED_EDGE('',*,*,#1563,.T.);
#1563 = EDGE_CURVE('',#1536,#345,#1564,.T.);
#1564 = SURFACE_CURVE('',#1565,(#1569,#1576),.PCURVE_S1.);
#1565 = LINE('',#1566,#1567);
#1566 = CARTESIAN_POINT('',(60.107415738093,-21.86660863709,16.));
#1567 = VECTOR('',#1568,1.);
#1568 = DIRECTION('',(0.923879532511,-0.382683432365,1.025712328974E-16)
  );
#1569 = PCURVE('',#363,#1570);
#1570 = DEFINITIONAL_REPRESENTATION('',(#1571),#1575);
#1571 = LINE('',#1572,#1573);
#1572 = CARTESIAN_POINT('',(6.439293542826E-15,-5.6));
#1573 = VECTOR('',#1574,1.);
#1574 = DIRECTION('',(1.,-4.357881996053E-33));
#1575 = ( GEOMETRIC_REPRESENTATION_CONTEXT(2) 
PARAMETRIC_REPRESENTATION_CONTEXT() REPRESENTATION_CONTEXT('2D SPACE',''
  ) );
#1576 = PCURVE('',#391,#1577);
#1577 = DEFINITIONAL_REPRESENTATION('',(#1578),#1582);
#1578 = LINE('',#1579,#1580);
#1579 = CARTESIAN_POINT('',(0.,0.));
#1580 = VECTOR('',#1581,1.);
#1581 = DIRECTION('',(1.,0.));
#1582 = ( GEOMETRIC_REPRESENTATION_CONTEXT(2) 
PARAMETRIC_REPRESENTATION_CONTEXT() REPRESENTATION_CONTEXT('2D SPACE',''
  ) );
#1583 = ORIENTED_EDGE('',*,*,#344,.T.);
#1584 = ADVANCED_FACE('',(#1585),#391,.T.);
#1585 = FACE_BOUND('',#1586,.T.);
#1586 = EDGE_LOOP('',(#1587,#1610,#1631,#1632));
#1587 = ORIENTED_EDGE('',*,*,#1588,.F.);
#1588 = EDGE_CURVE('',#1589,#376,#1591,.T.);
#1589 = VERTEX_POINT('',#1590);
#1590 = CARTESIAN_POINT('',(60.107415738093,-21.86660863709,-16.));
#1591 = SURFACE_CURVE('',#1592,(#1596,#1603),.PCURVE_S1.);
#1592 = LINE('',#1593,#1594);
#1593 = CARTESIAN_POINT('',(60.107415738093,-21.86660863709,-16.));
#1594 = VECTOR('',#1595,1.);
#1595 = DIRECTION('',(0.923879532511,-0.382683432365,1.025712328974E-16)
  );
#1596 = PCURVE('',#391,#1597);
#1597 = DEFINITIONAL_REPRESENTATION('',(#1598),#1602);
#1598 = LINE('',#1599,#1600);
#1599 = CARTESIAN_POINT('',(-3.282279452717E-15,32.));
#1600 = VECTOR('',#1601,1.);
#1601 = DIRECTION('',(1.,0.));
#1602 = ( GEOMETRIC_REPRESENTATION_CONTEXT(2) 
PARAMETRIC_REPRESENTATION_CONTEXT() REPRESENTATION_CONTEXT('2D SPACE',''
  ) );
#1603 = PCURVE('',#420,#1604);
#1604 = DEFINITIONAL_REPRESENTATION('',(#1605),#1609);
#1605 = LINE('',#1606,#1607);
#1606 = CARTESIAN_POINT('',(6.439293542826E-15,-5.6));
#1607 = VECTOR('',#1608,1.);
#1608 = DIRECTION('',(1.,-4.357881996053E-33));
#1609 = ( GEOMETRIC_REPRESENTATION_CONTEXT(2) 
PARAMETRIC_REPRESENTATION_CONTEXT() REPRESENTATION_CONTEXT('2D SPACE',''
  ) );
#1610 = ORIENTED_EDGE('',*,*,#1611,.F.);
#1611 = EDGE_CURVE('',#1536,#1589,#1612,.T.);
#1612 = SURFACE_CURVE('',#1613,(#1617,#1624),.PCURVE_S1.);
#1613 = LINE('',#1614,#1615);
#1614 = CARTESIAN_POINT('',(60.107415738093,-21.86660863709,16.));
#1615 = VECTOR('',#1616,1.);
#1616 = DIRECTION('',(1.110223024625E-16,0.,-1.));
#1617 = PCURVE('',#391,#1618);
#1618 = DEFINITIONAL_REPRESENTATION('',(#1619),#1623);
#1619 = LINE('',#1620,#1621);
#1620 = CARTESIAN_POINT('',(0.,0.));
#1621 = VECTOR('',#1622,1.);
#1622 = DIRECTION('',(0.,1.));
#1623 = ( GEOMETRIC_REPRESENTATION_CONTEXT(2) 
PARAMETRIC_REPRESENTATION_CONTEXT() REPRESENTATION_CONTEXT('2D SPACE',''
  ) );
#1624 = PCURVE('',#1551,#1625);
#1625 = DEFINITIONAL_REPRESENTATION('',(#1626),#1630);
#1626 = LINE('',#1627,#1628);
#1627 = CARTESIAN_POINT('',(2.379238163424E-16,5.6));
#1628 = VECTOR('',#1629,1.);
#1629 = DIRECTION('',(1.,0.));
#1630 = ( GEOMETRIC_REPRESENTATION_CONTEXT(2) 
PARAMETRIC_REPRESENTATION_CONTEXT() REPRESENTATION_CONTEXT('2D SPACE',''
  ) );
#1631 = ORIENTED_EDGE('',*,*,#1563,.T.);
#1632 = ORIENTED_EDGE('',*,*,#375,.T.);
#1633 = ADVANCED_FACE('',(#1634),#446,.F.);
#1634 = FACE_BOUND('',#1635,.F.);
#1635 = EDGE_LOOP('',(#1636,#1659,#1680,#1681));
#1636 = ORIENTED_EDGE('',*,*,#1637,.F.);
#1637 = EDGE_CURVE('',#1638,#404,#1640,.T.);
#1638 = VERTEX_POINT('',#1639);
#1639 = CARTESIAN_POINT('',(57.964388516849,-27.04033401916,-16.));
#1640 = SURFACE_CURVE('',#1641,(#1645,#1652),.PCURVE_S1.);
#1641 = LINE('',#1642,#1643);
#1642 = CARTESIAN_POINT('',(57.964388516849,-27.04033401916,-16.));
#1643 = VECTOR('',#1644,1.);
#1644 = DIRECTION('',(0.923879532511,-0.382683432365,1.025712328974E-16)
  );
#1645 = PCURVE('',#446,#1646);
#1646 = DEFINITIONAL_REPRESENTATION('',(#1647),#1651);
#1647 = LINE('',#1648,#1649);
#1648 = CARTESIAN_POINT('',(-3.282279452717E-15,32.));
#1649 = VECTOR('',#1650,1.);
#1650 = DIRECTION('',(1.,0.));
#1651 = ( GEOMETRIC_REPRESENTATION_CONTEXT(2) 
PARAMETRIC_REPRESENTATION_CONTEXT() REPRESENTATION_CONTEXT('2D SPACE',''
  ) );
#1652 = PCURVE('',#420,#1653);
#1653 = DEFINITIONAL_REPRESENTATION('',(#1654),#1658);
#1654 = LINE('',#1655,#1656);
#1655 = CARTESIAN_POINT('',(0.,-0.));
#1656 = VECTOR('',#1657,1.);
#1657 = DIRECTION('',(1.,-4.357881996053E-33));
#1658 = ( GEOMETRIC_REPRESENTATION_CONTEXT(2) 
PARAMETRIC_REPRESENTATION_CONTEXT() REPRESENTATION_CONTEXT('2D SPACE',''
  ) );
#1659 = ORIENTED_EDGE('',*,*,#1660,.F.);
#1660 = EDGE_CURVE('',#1513,#1638,#1661,.T.);
#1661 = SURFACE_CURVE('',#1662,(#1666,#1673),.PCURVE_S1.);
#1662 = LINE('',#1663,#1664);
#1663 = CARTESIAN_POINT('',(57.964388516849,-27.04033401916,16.));
#1664 = VECTOR('',#1665,1.);
#1665 = DIRECTION('',(1.110223024625E-16,0.,-1.));
#1666 = PCURVE('',#446,#1667);
#1667 = DEFINITIONAL_REPRESENTATION('',(#1668),#1672);
#1668 = LINE('',#1669,#1670);
#1669 = CARTESIAN_POINT('',(0.,0.));
#1670 = VECTOR('',#1671,1.);
#1671 = DIRECTION('',(0.,1.));
#1672 = ( GEOMETRIC_REPRESENTATION_CONTEXT(2) 
PARAMETRIC_REPRESENTATION_CONTEXT() REPRESENTATION_CONTEXT('2D SPACE',''
  ) );
#1673 = PCURVE('',#1551,#1674);
#1674 = DEFINITIONAL_REPRESENTATION('',(#1675),#1679);
#1675 = LINE('',#1676,#1677);
#1676 = CARTESIAN_POINT('',(0.,0.));
#1677 = VECTOR('',#1678,1.);
#1678 = DIRECTION('',(1.,0.));
#1679 = ( GEOMETRIC_REPRESENTATION_CONTEXT(2) 
PARAMETRIC_REPRESENTATION_CONTEXT() REPRESENTATION_CONTEXT('2D SPACE',''
  ) );
#1680 = ORIENTED_EDGE('',*,*,#1512,.T.);
#1681 = ORIENTED_EDGE('',*,*,#432,.T.);
#1682 = ADVANCED_FACE('',(#1683),#420,.T.);
#1683 = FACE_BOUND('',#1684,.T.);
#1684 = EDGE_LOOP('',(#1685,#1686,#1707,#1708));
#1685 = ORIENTED_EDGE('',*,*,#1637,.F.);
#1686 = ORIENTED_EDGE('',*,*,#1687,.T.);
#1687 = EDGE_CURVE('',#1638,#1589,#1688,.T.);
#1688 = SURFACE_CURVE('',#1689,(#1693,#1700),.PCURVE_S1.);
#1689 = LINE('',#1690,#1691);
#1690 = CARTESIAN_POINT('',(57.964388516849,-27.04033401916,-16.));
#1691 = VECTOR('',#1692,1.);
#1692 = DIRECTION('',(0.382683432365,0.923879532511,4.248639577543E-17)
  );
#1693 = PCURVE('',#420,#1694);
#1694 = DEFINITIONAL_REPRESENTATION('',(#1695),#1699);
#1695 = LINE('',#1696,#1697);
#1696 = CARTESIAN_POINT('',(0.,-0.));
#1697 = VECTOR('',#1698,1.);
#1698 = DIRECTION('',(4.357881996053E-33,-1.));
#1699 = ( GEOMETRIC_REPRESENTATION_CONTEXT(2) 
PARAMETRIC_REPRESENTATION_CONTEXT() REPRESENTATION_CONTEXT('2D SPACE',''
  ) );
#1700 = PCURVE('',#1551,#1701);
#1701 = DEFINITIONAL_REPRESENTATION('',(#1702),#1706);
#1702 = LINE('',#1703,#1704);
#1703 = CARTESIAN_POINT('',(32.,-1.359564664814E-15));
#1704 = VECTOR('',#1705,1.);
#1705 = DIRECTION('',(0.,1.));
#1706 = ( GEOMETRIC_REPRESENTATION_CONTEXT(2) 
PARAMETRIC_REPRESENTATION_CONTEXT() REPRESENTATION_CONTEXT('2D SPACE',''
  ) );
#1707 = ORIENTED_EDGE('',*,*,#1588,.T.);
#1708 = ORIENTED_EDGE('',*,*,#403,.T.);
#1709 = ADVANCED_FACE('',(#1710),#479,.F.);
#1710 = FACE_BOUND('',#1711,.F.);
#1711 = EDGE_LOOP('',(#1712,#1735,#1763,#1784));
#1712 = ORIENTED_EDGE('',*,*,#1713,.F.);
#1713 = EDGE_CURVE('',#1714,#463,#1716,.T.);
#1714 = VERTEX_POINT('',#1715);
#1715 = CARTESIAN_POINT('',(21.866608637098,-60.10741573809,16.));
#1716 = SURFACE_CURVE('',#1717,(#1721,#1728),.PCURVE_S1.);
#1717 = LINE('',#1718,#1719);
#1718 = CARTESIAN_POINT('',(21.866608637098,-60.10741573809,16.));
#1719 = VECTOR('',#1720,1.);
#1720 = DIRECTION('',(0.382683432365,-0.923879532511,4.248639577543E-17)
  );
#1721 = PCURVE('',#479,#1722);
#1722 = DEFINITIONAL_REPRESENTATION('',(#1723),#1727);
#1723 = LINE('',#1724,#1725);
#1724 = CARTESIAN_POINT('',(0.,-0.));
#1725 = VECTOR('',#1726,1.);
#1726 = DIRECTION('',(1.,-4.357881996053E-33));
#1727 = ( GEOMETRIC_REPRESENTATION_CONTEXT(2) 
PARAMETRIC_REPRESENTATION_CONTEXT() REPRESENTATION_CONTEXT('2D SPACE',''
  ) );
#1728 = PCURVE('',#562,#1729);
#1729 = DEFINITIONAL_REPRESENTATION('',(#1730),#1734);
#1730 = LINE('',#1731,#1732);
#1731 = CARTESIAN_POINT('',(0.,0.));
#1732 = VECTOR('',#1733,1.);
#1733 = DIRECTION('',(1.,0.));
#1734 = ( GEOMETRIC_REPRESENTATION_CONTEXT(2) 
PARAMETRIC_REPRESENTATION_CONTEXT() REPRESENTATION_CONTEXT('2D SPACE',''
  ) );
#1735 = ORIENTED_EDGE('',*,*,#1736,.T.);
#1736 = EDGE_CURVE('',#1714,#1737,#1739,.T.);
#1737 = VERTEX_POINT('',#1738);
#1738 = CARTESIAN_POINT('',(27.040334019161,-57.96438851684,16.));
#1739 = SURFACE_CURVE('',#1740,(#1744,#1751),.PCURVE_S1.);
#1740 = LINE('',#1741,#1742);
#1741 = CARTESIAN_POINT('',(21.866608637098,-60.10741573809,16.));
#1742 = VECTOR('',#1743,1.);
#1743 = DIRECTION('',(0.923879532511,0.382683432365,1.025712328974E-16)
  );
#1744 = PCURVE('',#479,#1745);
#1745 = DEFINITIONAL_REPRESENTATION('',(#1746),#1750);
#1746 = LINE('',#1747,#1748);
#1747 = CARTESIAN_POINT('',(0.,-0.));
#1748 = VECTOR('',#1749,1.);
#1749 = DIRECTION('',(4.357881996053E-33,-1.));
#1750 = ( GEOMETRIC_REPRESENTATION_CONTEXT(2) 
PARAMETRIC_REPRESENTATION_CONTEXT() REPRESENTATION_CONTEXT('2D SPACE',''
  ) );
#1751 = PCURVE('',#1752,#1757);
#1752 = PLANE('',#1753);
#1753 = AXIS2_PLACEMENT_3D('',#1754,#1755,#1756);
#1754 = CARTESIAN_POINT('',(21.866608637098,-60.10741573809,16.));
#1755 = DIRECTION('',(0.382683432365,-0.923879532511,4.248639577543E-17)
  );
#1756 = DIRECTION('',(1.110223024625E-16,0.,-1.));
#1757 = DEFINITIONAL_REPRESENTATION('',(#1758),#1762);
#1758 = LINE('',#1759,#1760);
#1759 = CARTESIAN_POINT('',(0.,0.));
#1760 = VECTOR('',#1761,1.);
#1761 = DIRECTION('',(0.,1.));
#1762 = ( GEOMETRIC_REPRESENTATION_CONTEXT(2) 
PARAMETRIC_REPRESENTATION_CONTEXT() REPRESENTATION_CONTEXT('2D SPACE',''
  ) );
#1763 = ORIENTED_EDGE('',*,*,#1764,.T.);
#1764 = EDGE_CURVE('',#1737,#461,#1765,.T.);
#1765 = SURFACE_CURVE('',#1766,(#1770,#1777),.PCURVE_S1.);
#1766 = LINE('',#1767,#1768);
#1767 = CARTESIAN_POINT('',(27.040334019161,-57.96438851684,16.));
#1768 = VECTOR('',#1769,1.);
#1769 = DIRECTION('',(0.382683432365,-0.923879532511,4.248639577543E-17)
  );
#1770 = PCURVE('',#479,#1771);
#1771 = DEFINITIONAL_REPRESENTATION('',(#1772),#1776);
#1772 = LINE('',#1773,#1774);
#1773 = CARTESIAN_POINT('',(-6.217248937901E-15,-5.6));
#1774 = VECTOR('',#1775,1.);
#1775 = DIRECTION('',(1.,-4.357881996053E-33));
#1776 = ( GEOMETRIC_REPRESENTATION_CONTEXT(2) 
PARAMETRIC_REPRESENTATION_CONTEXT() REPRESENTATION_CONTEXT('2D SPACE',''
  ) );
#1777 = PCURVE('',#507,#1778);
#1778 = DEFINITIONAL_REPRESENTATION('',(#1779),#1783);
#1779 = LINE('',#1780,#1781);
#1780 = CARTESIAN_POINT('',(0.,0.));
#1781 = VECTOR('',#1782,1.);
#1782 = DIRECTION('',(1.,0.));
#1783 = ( GEOMETRIC_REPRESENTATION_CONTEXT(2) 
PARAMETRIC_REPRESENTATION_CONTEXT() REPRESENTATION_CONTEXT('2D SPACE',''
  ) );
#1784 = ORIENTED_EDGE('',*,*,#460,.T.);
#1785 = ADVANCED_FACE('',(#1786),#507,.T.);
#1786 = FACE_BOUND('',#1787,.T.);
#1787 = EDGE_LOOP('',(#1788,#1811,#1832,#1833));
#1788 = ORIENTED_EDGE('',*,*,#1789,.F.);
#1789 = EDGE_CURVE('',#1790,#492,#1792,.T.);
#1790 = VERTEX_POINT('',#1791);
#1791 = CARTESIAN_POINT('',(27.040334019161,-57.96438851684,-16.));
#1792 = SURFACE_CURVE('',#1793,(#1797,#1804),.PCURVE_S1.);
#1793 = LINE('',#1794,#1795);
#1794 = CARTESIAN_POINT('',(27.040334019161,-57.96438851684,-16.));
#1795 = VECTOR('',#1796,1.);
#1796 = DIRECTION('',(0.382683432365,-0.923879532511,4.248639577543E-17)
  );
#1797 = PCURVE('',#507,#1798);
#1798 = DEFINITIONAL_REPRESENTATION('',(#1799),#1803);
#1799 = LINE('',#1800,#1801);
#1800 = CARTESIAN_POINT('',(0.,32.));
#1801 = VECTOR('',#1802,1.);
#1802 = DIRECTION('',(1.,0.));
#1803 = ( GEOMETRIC_REPRESENTATION_CONTEXT(2) 
PARAMETRIC_REPRESENTATION_CONTEXT() REPRESENTATION_CONTEXT('2D SPACE',''
  ) );
#1804 = PCURVE('',#536,#1805);
#1805 = DEFINITIONAL_REPRESENTATION('',(#1806),#1810);
#1806 = LINE('',#1807,#1808);
#1807 = CARTESIAN_POINT('',(-6.217248937901E-15,-5.6));
#1808 = VECTOR('',#1809,1.);
#1809 = DIRECTION('',(1.,-4.357881996053E-33));
#1810 = ( GEOMETRIC_REPRESENTATION_CONTEXT(2) 
PARAMETRIC_REPRESENTATION_CONTEXT() REPRESENTATION_CONTEXT('2D SPACE',''
  ) );
#1811 = ORIENTED_EDGE('',*,*,#1812,.F.);
#1812 = EDGE_CURVE('',#1737,#1790,#1813,.T.);
#1813 = SURFACE_CURVE('',#1814,(#1818,#1825),.PCURVE_S1.);
#1814 = LINE('',#1815,#1816);
#1815 = CARTESIAN_POINT('',(27.040334019161,-57.96438851684,16.));
#1816 = VECTOR('',#1817,1.);
#1817 = DIRECTION('',(1.110223024625E-16,0.,-1.));
#1818 = PCURVE('',#507,#1819);
#1819 = DEFINITIONAL_REPRESENTATION('',(#1820),#1824);
#1820 = LINE('',#1821,#1822);
#1821 = CARTESIAN_POINT('',(0.,0.));
#1822 = VECTOR('',#1823,1.);
#1823 = DIRECTION('',(0.,1.));
#1824 = ( GEOMETRIC_REPRESENTATION_CONTEXT(2) 
PARAMETRIC_REPRESENTATION_CONTEXT() REPRESENTATION_CONTEXT('2D SPACE',''
  ) );
#1825 = PCURVE('',#1752,#1826);
#1826 = DEFINITIONAL_REPRESENTATION('',(#1827),#1831);
#1827 = LINE('',#1828,#1829);
#1828 = CARTESIAN_POINT('',(5.743989042254E-16,5.6));
#1829 = VECTOR('',#1830,1.);
#1830 = DIRECTION('',(1.,0.));
#1831 = ( GEOMETRIC_REPRESENTATION_CONTEXT(2) 
PARAMETRIC_REPRESENTATION_CONTEXT() REPRESENTATION_CONTEXT('2D SPACE',''
  ) );
#1832 = ORIENTED_EDGE('',*,*,#1764,.T.);
#1833 = ORIENTED_EDGE('',*,*,#491,.T.);
#1834 = ADVANCED_FACE('',(#1835),#562,.F.);
#1835 = FACE_BOUND('',#1836,.F.);
#1836 = EDGE_LOOP('',(#1837,#1860,#1881,#1882));
#1837 = ORIENTED_EDGE('',*,*,#1838,.F.);
#1838 = EDGE_CURVE('',#1839,#520,#1841,.T.);
#1839 = VERTEX_POINT('',#1840);
#1840 = CARTESIAN_POINT('',(21.866608637098,-60.10741573809,-16.));
#1841 = SURFACE_CURVE('',#1842,(#1846,#1853),.PCURVE_S1.);
#1842 = LINE('',#1843,#1844);
#1843 = CARTESIAN_POINT('',(21.866608637098,-60.10741573809,-16.));
#1844 = VECTOR('',#1845,1.);
#1845 = DIRECTION('',(0.382683432365,-0.923879532511,4.248639577543E-17)
  );
#1846 = PCURVE('',#562,#1847);
#1847 = DEFINITIONAL_REPRESENTATION('',(#1848),#1852);
#1848 = LINE('',#1849,#1850);
#1849 = CARTESIAN_POINT('',(0.,32.));
#1850 = VECTOR('',#1851,1.);
#1851 = DIRECTION('',(1.,0.));
#1852 = ( GEOMETRIC_REPRESENTATION_CONTEXT(2) 
PARAMETRIC_REPRESENTATION_CONTEXT() REPRESENTATION_CONTEXT('2D SPACE',''
  ) );
#1853 = PCURVE('',#536,#1854);
#1854 = DEFINITIONAL_REPRESENTATION('',(#1855),#1859);
#1855 = LINE('',#1856,#1857);
#1856 = CARTESIAN_POINT('',(0.,-0.));
#1857 = VECTOR('',#1858,1.);
#1858 = DIRECTION('',(1.,-4.357881996053E-33));
#1859 = ( GEOMETRIC_REPRESENTATION_CONTEXT(2) 
PARAMETRIC_REPRESENTATION_CONTEXT() REPRESENTATION_CONTEXT('2D SPACE',''
  ) );
#1860 = ORIENTED_EDGE('',*,*,#1861,.F.);
#1861 = EDGE_CURVE('',#1714,#1839,#1862,.T.);
#1862 = SURFACE_CURVE('',#1863,(#1867,#1874),.PCURVE_S1.);
#1863 = LINE('',#1864,#1865);
#1864 = CARTESIAN_POINT('',(21.866608637098,-60.10741573809,16.));
#1865 = VECTOR('',#1866,1.);
#1866 = DIRECTION('',(1.110223024625E-16,0.,-1.));
#1867 = PCURVE('',#562,#1868);
#1868 = DEFINITIONAL_REPRESENTATION('',(#1869),#1873);
#1869 = LINE('',#1870,#1871);
#1870 = CARTESIAN_POINT('',(0.,0.));
#1871 = VECTOR('',#1872,1.);
#1872 = DIRECTION('',(0.,1.));
#1873 = ( GEOMETRIC_REPRESENTATION_CONTEXT(2) 
PARAMETRIC_REPRESENTATION_CONTEXT() REPRESENTATION_CONTEXT('2D SPACE',''
  ) );
#1874 = PCURVE('',#1752,#1875);
#1875 = DEFINITIONAL_REPRESENTATION('',(#1876),#1880);
#1876 = LINE('',#1877,#1878);
#1877 = CARTESIAN_POINT('',(0.,0.));
#1878 = VECTOR('',#1879,1.);
#1879 = DIRECTION('',(1.,0.));
#1880 = ( GEOMETRIC_REPRESENTATION_CONTEXT(2) 
PARAMETRIC_REPRESENTATION_CONTEXT() REPRESENTATION_CONTEXT('2D SPACE',''
  ) );
#1881 = ORIENTED_EDGE('',*,*,#1713,.T.);
#1882 = ORIENTED_EDGE('',*,*,#548,.T.);
#1883 = ADVANCED_FACE('',(#1884),#536,.T.);
#1884 = FACE_BOUND('',#1885,.T.);
#1885 = EDGE_LOOP('',(#1886,#1887,#1908,#1909));
#1886 = ORIENTED_EDGE('',*,*,#1838,.F.);
#1887 = ORIENTED_EDGE('',*,*,#1888,.T.);
#1888 = EDGE_CURVE('',#1839,#1790,#1889,.T.);
#1889 = SURFACE_CURVE('',#1890,(#1894,#1901),.PCURVE_S1.);
#1890 = LINE('',#1891,#1892);
#1891 = CARTESIAN_POINT('',(21.866608637098,-60.10741573809,-16.));
#1892 = VECTOR('',#1893,1.);
#1893 = DIRECTION('',(0.923879532511,0.382683432365,1.025712328974E-16)
  );
#1894 = PCURVE('',#536,#1895);
#1895 = DEFINITIONAL_REPRESENTATION('',(#1896),#1900);
#1896 = LINE('',#1897,#1898);
#1897 = CARTESIAN_POINT('',(0.,-0.));
#1898 = VECTOR('',#1899,1.);
#1899 = DIRECTION('',(4.357881996053E-33,-1.));
#1900 = ( GEOMETRIC_REPRESENTATION_CONTEXT(2) 
PARAMETRIC_REPRESENTATION_CONTEXT() REPRESENTATION_CONTEXT('2D SPACE',''
  ) );
#1901 = PCURVE('',#1752,#1902);
#1902 = DEFINITIONAL_REPRESENTATION('',(#1903),#1907);
#1903 = LINE('',#1904,#1905);
#1904 = CARTESIAN_POINT('',(32.,3.282279452717E-15));
#1905 = VECTOR('',#1906,1.);
#1906 = DIRECTION('',(0.,1.));
#1907 = ( GEOMETRIC_REPRESENTATION_CONTEXT(2) 
PARAMETRIC_REPRESENTATION_CONTEXT() REPRESENTATION_CONTEXT('2D SPACE',''
  ) );
#1908 = ORIENTED_EDGE('',*,*,#1789,.T.);
#1909 = ORIENTED_EDGE('',*,*,#519,.T.);
#1910 = ADVANCED_FACE('',(#1911),#595,.F.);
#1911 = FACE_BOUND('',#1912,.F.);
#1912 = EDGE_LOOP('',(#1913,#1936,#1964,#1985));
#1913 = ORIENTED_EDGE('',*,*,#1914,.F.);
#1914 = EDGE_CURVE('',#1915,#579,#1917,.T.);
#1915 = VERTEX_POINT('',#1916);
#1916 = CARTESIAN_POINT('',(-27.04033401916,-57.96438851684,16.));
#1917 = SURFACE_CURVE('',#1918,(#1922,#1929),.PCURVE_S1.);
#1918 = LINE('',#1919,#1920);
#1919 = CARTESIAN_POINT('',(-27.04033401916,-57.96438851684,16.));
#1920 = VECTOR('',#1921,1.);
#1921 = DIRECTION('',(-0.382683432365,-0.923879532511,
    -4.248639577543E-17));
#1922 = PCURVE('',#595,#1923);
#1923 = DEFINITIONAL_REPRESENTATION('',(#1924),#1928);
#1924 = LINE('',#1925,#1926);
#1925 = CARTESIAN_POINT('',(-0.,0.));
#1926 = VECTOR('',#1927,1.);
#1927 = DIRECTION('',(1.,4.357881996053E-33));
#1928 = ( GEOMETRIC_REPRESENTATION_CONTEXT(2) 
PARAMETRIC_REPRESENTATION_CONTEXT() REPRESENTATION_CONTEXT('2D SPACE',''
  ) );
#1929 = PCURVE('',#678,#1930);
#1930 = DEFINITIONAL_REPRESENTATION('',(#1931),#1935);
#1931 = LINE('',#1932,#1933);
#1932 = CARTESIAN_POINT('',(-0.,0.));
#1933 = VECTOR('',#1934,1.);
#1934 = DIRECTION('',(1.,0.));
#1935 = ( GEOMETRIC_REPRESENTATION_CONTEXT(2) 
PARAMETRIC_REPRESENTATION_CONTEXT() REPRESENTATION_CONTEXT('2D SPACE',''
  ) );
#1936 = ORIENTED_EDGE('',*,*,#1937,.T.);
#1937 = EDGE_CURVE('',#1915,#1938,#1940,.T.);
#1938 = VERTEX_POINT('',#1939);
#1939 = CARTESIAN_POINT('',(-21.86660863709,-60.10741573809,16.));
#1940 = SURFACE_CURVE('',#1941,(#1945,#1952),.PCURVE_S1.);
#1941 = LINE('',#1942,#1943);
#1942 = CARTESIAN_POINT('',(-27.04033401916,-57.96438851684,16.));
#1943 = VECTOR('',#1944,1.);
#1944 = DIRECTION('',(0.923879532511,-0.382683432365,1.025712328974E-16)
  );
#1945 = PCURVE('',#595,#1946);
#1946 = DEFINITIONAL_REPRESENTATION('',(#1947),#1951);
#1947 = LINE('',#1948,#1949);
#1948 = CARTESIAN_POINT('',(-0.,0.));
#1949 = VECTOR('',#1950,1.);
#1950 = DIRECTION('',(-4.357881996053E-33,-1.));
#1951 = ( GEOMETRIC_REPRESENTATION_CONTEXT(2) 
PARAMETRIC_REPRESENTATION_CONTEXT() REPRESENTATION_CONTEXT('2D SPACE',''
  ) );
#1952 = PCURVE('',#1953,#1958);
#1953 = PLANE('',#1954);
#1954 = AXIS2_PLACEMENT_3D('',#1955,#1956,#1957);
#1955 = CARTESIAN_POINT('',(-27.04033401916,-57.96438851684,16.));
#1956 = DIRECTION('',(-0.382683432365,-0.923879532511,
    -4.248639577543E-17));
#1957 = DIRECTION('',(1.110223024625E-16,0.,-1.));
#1958 = DEFINITIONAL_REPRESENTATION('',(#1959),#1963);
#1959 = LINE('',#1960,#1961);
#1960 = CARTESIAN_POINT('',(0.,0.));
#1961 = VECTOR('',#1962,1.);
#1962 = DIRECTION('',(0.,1.));
#1963 = ( GEOMETRIC_REPRESENTATION_CONTEXT(2) 
PARAMETRIC_REPRESENTATION_CONTEXT() REPRESENTATION_CONTEXT('2D SPACE',''
  ) );
#1964 = ORIENTED_EDGE('',*,*,#1965,.T.);
#1965 = EDGE_CURVE('',#1938,#577,#1966,.T.);
#1966 = SURFACE_CURVE('',#1967,(#1971,#1978),.PCURVE_S1.);
#1967 = LINE('',#1968,#1969);
#1968 = CARTESIAN_POINT('',(-21.86660863709,-60.10741573809,16.));
#1969 = VECTOR('',#1970,1.);
#1970 = DIRECTION('',(-0.382683432365,-0.923879532511,
    -4.248639577543E-17));
#1971 = PCURVE('',#595,#1972);
#1972 = DEFINITIONAL_REPRESENTATION('',(#1973),#1977);
#1973 = LINE('',#1974,#1975);
#1974 = CARTESIAN_POINT('',(7.327471962526E-15,-5.6));
#1975 = VECTOR('',#1976,1.);
#1976 = DIRECTION('',(1.,4.357881996053E-33));
#1977 = ( GEOMETRIC_REPRESENTATION_CONTEXT(2) 
PARAMETRIC_REPRESENTATION_CONTEXT() REPRESENTATION_CONTEXT('2D SPACE',''
  ) );
#1978 = PCURVE('',#623,#1979);
#1979 = DEFINITIONAL_REPRESENTATION('',(#1980),#1984);
#1980 = LINE('',#1981,#1982);
#1981 = CARTESIAN_POINT('',(-0.,0.));
#1982 = VECTOR('',#1983,1.);
#1983 = DIRECTION('',(1.,0.));
#1984 = ( GEOMETRIC_REPRESENTATION_CONTEXT(2) 
PARAMETRIC_REPRESENTATION_CONTEXT() REPRESENTATION_CONTEXT('2D SPACE',''
  ) );
#1985 = ORIENTED_EDGE('',*,*,#576,.T.);
#1986 = ADVANCED_FACE('',(#1987),#623,.T.);
#1987 = FACE_BOUND('',#1988,.T.);
#1988 = EDGE_LOOP('',(#1989,#2012,#2033,#2034));
#1989 = ORIENTED_EDGE('',*,*,#1990,.F.);
#1990 = EDGE_CURVE('',#1991,#608,#1993,.T.);
#1991 = VERTEX_POINT('',#1992);
#1992 = CARTESIAN_POINT('',(-21.86660863709,-60.10741573809,-16.));
#1993 = SURFACE_CURVE('',#1994,(#1998,#2005),.PCURVE_S1.);
#1994 = LINE('',#1995,#1996);
#1995 = CARTESIAN_POINT('',(-21.86660863709,-60.10741573809,-16.));
#1996 = VECTOR('',#1997,1.);
#1997 = DIRECTION('',(-0.382683432365,-0.923879532511,
    -4.248639577543E-17));
#1998 = PCURVE('',#623,#1999);
#1999 = DEFINITIONAL_REPRESENTATION('',(#2000),#2004);
#2000 = LINE('',#2001,#2002);
#2001 = CARTESIAN_POINT('',(0.,32.));
#2002 = VECTOR('',#2003,1.);
#2003 = DIRECTION('',(1.,0.));
#2004 = ( GEOMETRIC_REPRESENTATION_CONTEXT(2) 
PARAMETRIC_REPRESENTATION_CONTEXT() REPRESENTATION_CONTEXT('2D SPACE',''
  ) );
#2005 = PCURVE('',#652,#2006);
#2006 = DEFINITIONAL_REPRESENTATION('',(#2007),#2011);
#2007 = LINE('',#2008,#2009);
#2008 = CARTESIAN_POINT('',(7.327471962526E-15,-5.6));
#2009 = VECTOR('',#2010,1.);
#2010 = DIRECTION('',(1.,4.357881996053E-33));
#2011 = ( GEOMETRIC_REPRESENTATION_CONTEXT(2) 
PARAMETRIC_REPRESENTATION_CONTEXT() REPRESENTATION_CONTEXT('2D SPACE',''
  ) );
#2012 = ORIENTED_EDGE('',*,*,#2013,.F.);
#2013 = EDGE_CURVE('',#1938,#1991,#2014,.T.);
#2014 = SURFACE_CURVE('',#2015,(#2019,#2026),.PCURVE_S1.);
#2015 = LINE('',#2016,#2017);
#2016 = CARTESIAN_POINT('',(-21.86660863709,-60.10741573809,16.));
#2017 = VECTOR('',#2018,1.);
#2018 = DIRECTION('',(1.110223024625E-16,0.,-1.));
#2019 = PCURVE('',#623,#2020);
#2020 = DEFINITIONAL_REPRESENTATION('',(#2021),#2025);
#2021 = LINE('',#2022,#2023);
#2022 = CARTESIAN_POINT('',(-0.,0.));
#2023 = VECTOR('',#2024,1.);
#2024 = DIRECTION('',(0.,1.));
#2025 = ( GEOMETRIC_REPRESENTATION_CONTEXT(2) 
PARAMETRIC_REPRESENTATION_CONTEXT() REPRESENTATION_CONTEXT('2D SPACE',''
  ) );
#2026 = PCURVE('',#1953,#2027);
#2027 = DEFINITIONAL_REPRESENTATION('',(#2028),#2032);
#2028 = LINE('',#2029,#2030);
#2029 = CARTESIAN_POINT('',(-1.201957935175E-15,5.6));
#2030 = VECTOR('',#2031,1.);
#2031 = DIRECTION('',(1.,0.));
#2032 = ( GEOMETRIC_REPRESENTATION_CONTEXT(2) 
PARAMETRIC_REPRESENTATION_CONTEXT() REPRESENTATION_CONTEXT('2D SPACE',''
  ) );
#2033 = ORIENTED_EDGE('',*,*,#1965,.T.);
#2034 = ORIENTED_EDGE('',*,*,#607,.T.);
#2035 = ADVANCED_FACE('',(#2036),#678,.F.);
#2036 = FACE_BOUND('',#2037,.F.);
#2037 = EDGE_LOOP('',(#2038,#2061,#2082,#2083));
#2038 = ORIENTED_EDGE('',*,*,#2039,.F.);
#2039 = EDGE_CURVE('',#2040,#636,#2042,.T.);
#2040 = VERTEX_POINT('',#2041);
#2041 = CARTESIAN_POINT('',(-27.04033401916,-57.96438851684,-16.));
#2042 = SURFACE_CURVE('',#2043,(#2047,#2054),.PCURVE_S1.);
#2043 = LINE('',#2044,#2045);
#2044 = CARTESIAN_POINT('',(-27.04033401916,-57.96438851684,-16.));
#2045 = VECTOR('',#2046,1.);
#2046 = DIRECTION('',(-0.382683432365,-0.923879532511,
    -4.248639577543E-17));
#2047 = PCURVE('',#678,#2048);
#2048 = DEFINITIONAL_REPRESENTATION('',(#2049),#2053);
#2049 = LINE('',#2050,#2051);
#2050 = CARTESIAN_POINT('',(0.,32.));
#2051 = VECTOR('',#2052,1.);
#2052 = DIRECTION('',(1.,0.));
#2053 = ( GEOMETRIC_REPRESENTATION_CONTEXT(2) 
PARAMETRIC_REPRESENTATION_CONTEXT() REPRESENTATION_CONTEXT('2D SPACE',''
  ) );
#2054 = PCURVE('',#652,#2055);
#2055 = DEFINITIONAL_REPRESENTATION('',(#2056),#2060);
#2056 = LINE('',#2057,#2058);
#2057 = CARTESIAN_POINT('',(-0.,0.));
#2058 = VECTOR('',#2059,1.);
#2059 = DIRECTION('',(1.,4.357881996053E-33));
#2060 = ( GEOMETRIC_REPRESENTATION_CONTEXT(2) 
PARAMETRIC_REPRESENTATION_CONTEXT() REPRESENTATION_CONTEXT('2D SPACE',''
  ) );
#2061 = ORIENTED_EDGE('',*,*,#2062,.F.);
#2062 = EDGE_CURVE('',#1915,#2040,#2063,.T.);
#2063 = SURFACE_CURVE('',#2064,(#2068,#2075),.PCURVE_S1.);
#2064 = LINE('',#2065,#2066);
#2065 = CARTESIAN_POINT('',(-27.04033401916,-57.96438851684,16.));
#2066 = VECTOR('',#2067,1.);
#2067 = DIRECTION('',(1.110223024625E-16,0.,-1.));
#2068 = PCURVE('',#678,#2069);
#2069 = DEFINITIONAL_REPRESENTATION('',(#2070),#2074);
#2070 = LINE('',#2071,#2072);
#2071 = CARTESIAN_POINT('',(-0.,0.));
#2072 = VECTOR('',#2073,1.);
#2073 = DIRECTION('',(0.,1.));
#2074 = ( GEOMETRIC_REPRESENTATION_CONTEXT(2) 
PARAMETRIC_REPRESENTATION_CONTEXT() REPRESENTATION_CONTEXT('2D SPACE',''
  ) );
#2075 = PCURVE('',#1953,#2076);
#2076 = DEFINITIONAL_REPRESENTATION('',(#2077),#2081);
#2077 = LINE('',#2078,#2079);
#2078 = CARTESIAN_POINT('',(0.,0.));
#2079 = VECTOR('',#2080,1.);
#2080 = DIRECTION('',(1.,0.));
#2081 = ( GEOMETRIC_REPRESENTATION_CONTEXT(2) 
PARAMETRIC_REPRESENTATION_CONTEXT() REPRESENTATION_CONTEXT('2D SPACE',''
  ) );
#2082 = ORIENTED_EDGE('',*,*,#1914,.T.);
#2083 = ORIENTED_EDGE('',*,*,#664,.T.);
#2084 = ADVANCED_FACE('',(#2085),#652,.T.);
#2085 = FACE_BOUND('',#2086,.T.);
#2086 = EDGE_LOOP('',(#2087,#2088,#2109,#2110));
#2087 = ORIENTED_EDGE('',*,*,#2039,.F.);
#2088 = ORIENTED_EDGE('',*,*,#2089,.T.);
#2089 = EDGE_CURVE('',#2040,#1991,#2090,.T.);
#2090 = SURFACE_CURVE('',#2091,(#2095,#2102),.PCURVE_S1.);
#2091 = LINE('',#2092,#2093);
#2092 = CARTESIAN_POINT('',(-27.04033401916,-57.96438851684,-16.));
#2093 = VECTOR('',#2094,1.);
#2094 = DIRECTION('',(0.923879532511,-0.382683432365,1.025712328974E-16)
  );
#2095 = PCURVE('',#652,#2096);
#2096 = DEFINITIONAL_REPRESENTATION('',(#2097),#2101);
#2097 = LINE('',#2098,#2099);
#2098 = CARTESIAN_POINT('',(-0.,0.));
#2099 = VECTOR('',#2100,1.);
#2100 = DIRECTION('',(-4.357881996053E-33,-1.));
#2101 = ( GEOMETRIC_REPRESENTATION_CONTEXT(2) 
PARAMETRIC_REPRESENTATION_CONTEXT() REPRESENTATION_CONTEXT('2D SPACE',''
  ) );
#2102 = PCURVE('',#1953,#2103);
#2103 = DEFINITIONAL_REPRESENTATION('',(#2104),#2108);
#2104 = LINE('',#2105,#2106);
#2105 = CARTESIAN_POINT('',(32.,3.282279452717E-15));
#2106 = VECTOR('',#2107,1.);
#2107 = DIRECTION('',(0.,1.));
#2108 = ( GEOMETRIC_REPRESENTATION_CONTEXT(2) 
PARAMETRIC_REPRESENTATION_CONTEXT() REPRESENTATION_CONTEXT('2D SPACE',''
  ) );
#2109 = ORIENTED_EDGE('',*,*,#1990,.T.);
#2110 = ORIENTED_EDGE('',*,*,#635,.T.);
#2111 = ADVANCED_FACE('',(#2112),#711,.F.);
#2112 = FACE_BOUND('',#2113,.F.);
#2113 = EDGE_LOOP('',(#2114,#2137,#2165,#2186));
#2114 = ORIENTED_EDGE('',*,*,#2115,.F.);
#2115 = EDGE_CURVE('',#2116,#695,#2118,.T.);
#2116 = VERTEX_POINT('',#2117);
#2117 = CARTESIAN_POINT('',(-60.10741573809,-21.86660863709,16.));
#2118 = SURFACE_CURVE('',#2119,(#2123,#2130),.PCURVE_S1.);
#2119 = LINE('',#2120,#2121);
#2120 = CARTESIAN_POINT('',(-60.10741573809,-21.86660863709,16.));
#2121 = VECTOR('',#2122,1.);
#2122 = DIRECTION('',(-0.923879532511,-0.382683432365,
    -1.025712328974E-16));
#2123 = PCURVE('',#711,#2124);
#2124 = DEFINITIONAL_REPRESENTATION('',(#2125),#2129);
#2125 = LINE('',#2126,#2127);
#2126 = CARTESIAN_POINT('',(-0.,0.));
#2127 = VECTOR('',#2128,1.);
#2128 = DIRECTION('',(1.,4.357881996053E-33));
#2129 = ( GEOMETRIC_REPRESENTATION_CONTEXT(2) 
PARAMETRIC_REPRESENTATION_CONTEXT() REPRESENTATION_CONTEXT('2D SPACE',''
  ) );
#2130 = PCURVE('',#794,#2131);
#2131 = DEFINITIONAL_REPRESENTATION('',(#2132),#2136);
#2132 = LINE('',#2133,#2134);
#2133 = CARTESIAN_POINT('',(-0.,0.));
#2134 = VECTOR('',#2135,1.);
#2135 = DIRECTION('',(1.,0.));
#2136 = ( GEOMETRIC_REPRESENTATION_CONTEXT(2) 
PARAMETRIC_REPRESENTATION_CONTEXT() REPRESENTATION_CONTEXT('2D SPACE',''
  ) );
#2137 = ORIENTED_EDGE('',*,*,#2138,.T.);
#2138 = EDGE_CURVE('',#2116,#2139,#2141,.T.);
#2139 = VERTEX_POINT('',#2140);
#2140 = CARTESIAN_POINT('',(-57.96438851684,-27.04033401916,16.));
#2141 = SURFACE_CURVE('',#2142,(#2146,#2153),.PCURVE_S1.);
#2142 = LINE('',#2143,#2144);
#2143 = CARTESIAN_POINT('',(-60.10741573809,-21.86660863709,16.));
#2144 = VECTOR('',#2145,1.);
#2145 = DIRECTION('',(0.382683432365,-0.923879532511,4.248639577543E-17)
  );
#2146 = PCURVE('',#711,#2147);
#2147 = DEFINITIONAL_REPRESENTATION('',(#2148),#2152);
#2148 = LINE('',#2149,#2150);
#2149 = CARTESIAN_POINT('',(-0.,0.));
#2150 = VECTOR('',#2151,1.);
#2151 = DIRECTION('',(-4.357881996053E-33,-1.));
#2152 = ( GEOMETRIC_REPRESENTATION_CONTEXT(2) 
PARAMETRIC_REPRESENTATION_CONTEXT() REPRESENTATION_CONTEXT('2D SPACE',''
  ) );
#2153 = PCURVE('',#2154,#2159);
#2154 = PLANE('',#2155);
#2155 = AXIS2_PLACEMENT_3D('',#2156,#2157,#2158);
#2156 = CARTESIAN_POINT('',(-60.10741573809,-21.86660863709,16.));
#2157 = DIRECTION('',(-0.923879532511,-0.382683432365,
    -1.025712328974E-16));
#2158 = DIRECTION('',(1.110223024625E-16,0.,-1.));
#2159 = DEFINITIONAL_REPRESENTATION('',(#2160),#2164);
#2160 = LINE('',#2161,#2162);
#2161 = CARTESIAN_POINT('',(0.,0.));
#2162 = VECTOR('',#2163,1.);
#2163 = DIRECTION('',(0.,1.));
#2164 = ( GEOMETRIC_REPRESENTATION_CONTEXT(2) 
PARAMETRIC_REPRESENTATION_CONTEXT() REPRESENTATION_CONTEXT('2D SPACE',''
  ) );
#2165 = ORIENTED_EDGE('',*,*,#2166,.T.);
#2166 = EDGE_CURVE('',#2139,#693,#2167,.T.);
#2167 = SURFACE_CURVE('',#2168,(#2172,#2179),.PCURVE_S1.);
#2168 = LINE('',#2169,#2170);
#2169 = CARTESIAN_POINT('',(-57.96438851684,-27.04033401916,16.));
#2170 = VECTOR('',#2171,1.);
#2171 = DIRECTION('',(-0.923879532511,-0.382683432365,
    -1.025712328974E-16));
#2172 = PCURVE('',#711,#2173);
#2173 = DEFINITIONAL_REPRESENTATION('',(#2174),#2178);
#2174 = LINE('',#2175,#2176);
#2175 = CARTESIAN_POINT('',(-5.995204332976E-15,-5.6));
#2176 = VECTOR('',#2177,1.);
#2177 = DIRECTION('',(1.,4.357881996053E-33));
#2178 = ( GEOMETRIC_REPRESENTATION_CONTEXT(2) 
PARAMETRIC_REPRESENTATION_CONTEXT() REPRESENTATION_CONTEXT('2D SPACE',''
  ) );
#2179 = PCURVE('',#739,#2180);
#2180 = DEFINITIONAL_REPRESENTATION('',(#2181),#2185);
#2181 = LINE('',#2182,#2183);
#2182 = CARTESIAN_POINT('',(-0.,0.));
#2183 = VECTOR('',#2184,1.);
#2184 = DIRECTION('',(1.,0.));
#2185 = ( GEOMETRIC_REPRESENTATION_CONTEXT(2) 
PARAMETRIC_REPRESENTATION_CONTEXT() REPRESENTATION_CONTEXT('2D SPACE',''
  ) );
#2186 = ORIENTED_EDGE('',*,*,#692,.T.);
#2187 = ADVANCED_FACE('',(#2188),#739,.T.);
#2188 = FACE_BOUND('',#2189,.T.);
#2189 = EDGE_LOOP('',(#2190,#2213,#2234,#2235));
#2190 = ORIENTED_EDGE('',*,*,#2191,.F.);
#2191 = EDGE_CURVE('',#2192,#724,#2194,.T.);
#2192 = VERTEX_POINT('',#2193);
#2193 = CARTESIAN_POINT('',(-57.96438851684,-27.04033401916,-16.));
#2194 = SURFACE_CURVE('',#2195,(#2199,#2206),.PCURVE_S1.);
#2195 = LINE('',#2196,#2197);
#2196 = CARTESIAN_POINT('',(-57.96438851684,-27.04033401916,-16.));
#2197 = VECTOR('',#2198,1.);
#2198 = DIRECTION('',(-0.923879532511,-0.382683432365,
    -1.025712328974E-16));
#2199 = PCURVE('',#739,#2200);
#2200 = DEFINITIONAL_REPRESENTATION('',(#2201),#2205);
#2201 = LINE('',#2202,#2203);
#2202 = CARTESIAN_POINT('',(3.282279452717E-15,32.));
#2203 = VECTOR('',#2204,1.);
#2204 = DIRECTION('',(1.,0.));
#2205 = ( GEOMETRIC_REPRESENTATION_CONTEXT(2) 
PARAMETRIC_REPRESENTATION_CONTEXT() REPRESENTATION_CONTEXT('2D SPACE',''
  ) );
#2206 = PCURVE('',#768,#2207);
#2207 = DEFINITIONAL_REPRESENTATION('',(#2208),#2212);
#2208 = LINE('',#2209,#2210);
#2209 = CARTESIAN_POINT('',(-5.995204332976E-15,-5.6));
#2210 = VECTOR('',#2211,1.);
#2211 = DIRECTION('',(1.,4.357881996053E-33));
#2212 = ( GEOMETRIC_REPRESENTATION_CONTEXT(2) 
PARAMETRIC_REPRESENTATION_CONTEXT() REPRESENTATION_CONTEXT('2D SPACE',''
  ) );
#2213 = ORIENTED_EDGE('',*,*,#2214,.F.);
#2214 = EDGE_CURVE('',#2139,#2192,#2215,.T.);
#2215 = SURFACE_CURVE('',#2216,(#2220,#2227),.PCURVE_S1.);
#2216 = LINE('',#2217,#2218);
#2217 = CARTESIAN_POINT('',(-57.96438851684,-27.04033401916,16.));
#2218 = VECTOR('',#2219,1.);
#2219 = DIRECTION('',(1.110223024625E-16,0.,-1.));
#2220 = PCURVE('',#739,#2221);
#2221 = DEFINITIONAL_REPRESENTATION('',(#2222),#2226);
#2222 = LINE('',#2223,#2224);
#2223 = CARTESIAN_POINT('',(-0.,0.));
#2224 = VECTOR('',#2225,1.);
#2225 = DIRECTION('',(0.,1.));
#2226 = ( GEOMETRIC_REPRESENTATION_CONTEXT(2) 
PARAMETRIC_REPRESENTATION_CONTEXT() REPRESENTATION_CONTEXT('2D SPACE',''
  ) );
#2227 = PCURVE('',#2154,#2228);
#2228 = DEFINITIONAL_REPRESENTATION('',(#2229),#2233);
#2229 = LINE('',#2230,#2231);
#2230 = CARTESIAN_POINT('',(2.379238163424E-16,5.6));
#2231 = VECTOR('',#2232,1.);
#2232 = DIRECTION('',(1.,0.));
#2233 = ( GEOMETRIC_REPRESENTATION_CONTEXT(2) 
PARAMETRIC_REPRESENTATION_CONTEXT() REPRESENTATION_CONTEXT('2D SPACE',''
  ) );
#2234 = ORIENTED_EDGE('',*,*,#2166,.T.);
#2235 = ORIENTED_EDGE('',*,*,#723,.T.);
#2236 = ADVANCED_FACE('',(#2237),#794,.F.);
#2237 = FACE_BOUND('',#2238,.F.);
#2238 = EDGE_LOOP('',(#2239,#2262,#2283,#2284));
#2239 = ORIENTED_EDGE('',*,*,#2240,.F.);
#2240 = EDGE_CURVE('',#2241,#752,#2243,.T.);
#2241 = VERTEX_POINT('',#2242);
#2242 = CARTESIAN_POINT('',(-60.10741573809,-21.86660863709,-16.));
#2243 = SURFACE_CURVE('',#2244,(#2248,#2255),.PCURVE_S1.);
#2244 = LINE('',#2245,#2246);
#2245 = CARTESIAN_POINT('',(-60.10741573809,-21.86660863709,-16.));
#2246 = VECTOR('',#2247,1.);
#2247 = DIRECTION('',(-0.923879532511,-0.382683432365,
    -1.025712328974E-16));
#2248 = PCURVE('',#794,#2249);
#2249 = DEFINITIONAL_REPRESENTATION('',(#2250),#2254);
#2250 = LINE('',#2251,#2252);
#2251 = CARTESIAN_POINT('',(3.282279452717E-15,32.));
#2252 = VECTOR('',#2253,1.);
#2253 = DIRECTION('',(1.,0.));
#2254 = ( GEOMETRIC_REPRESENTATION_CONTEXT(2) 
PARAMETRIC_REPRESENTATION_CONTEXT() REPRESENTATION_CONTEXT('2D SPACE',''
  ) );
#2255 = PCURVE('',#768,#2256);
#2256 = DEFINITIONAL_REPRESENTATION('',(#2257),#2261);
#2257 = LINE('',#2258,#2259);
#2258 = CARTESIAN_POINT('',(-0.,0.));
#2259 = VECTOR('',#2260,1.);
#2260 = DIRECTION('',(1.,4.357881996053E-33));
#2261 = ( GEOMETRIC_REPRESENTATION_CONTEXT(2) 
PARAMETRIC_REPRESENTATION_CONTEXT() REPRESENTATION_CONTEXT('2D SPACE',''
  ) );
#2262 = ORIENTED_EDGE('',*,*,#2263,.F.);
#2263 = EDGE_CURVE('',#2116,#2241,#2264,.T.);
#2264 = SURFACE_CURVE('',#2265,(#2269,#2276),.PCURVE_S1.);
#2265 = LINE('',#2266,#2267);
#2266 = CARTESIAN_POINT('',(-60.10741573809,-21.86660863709,16.));
#2267 = VECTOR('',#2268,1.);
#2268 = DIRECTION('',(1.110223024625E-16,0.,-1.));
#2269 = PCURVE('',#794,#2270);
#2270 = DEFINITIONAL_REPRESENTATION('',(#2271),#2275);
#2271 = LINE('',#2272,#2273);
#2272 = CARTESIAN_POINT('',(-0.,0.));
#2273 = VECTOR('',#2274,1.);
#2274 = DIRECTION('',(0.,1.));
#2275 = ( GEOMETRIC_REPRESENTATION_CONTEXT(2) 
PARAMETRIC_REPRESENTATION_CONTEXT() REPRESENTATION_CONTEXT('2D SPACE',''
  ) );
#2276 = PCURVE('',#2154,#2277);
#2277 = DEFINITIONAL_REPRESENTATION('',(#2278),#2282);
#2278 = LINE('',#2279,#2280);
#2279 = CARTESIAN_POINT('',(0.,0.));
#2280 = VECTOR('',#2281,1.);
#2281 = DIRECTION('',(1.,0.));
#2282 = ( GEOMETRIC_REPRESENTATION_CONTEXT(2) 
PARAMETRIC_REPRESENTATION_CONTEXT() REPRESENTATION_CONTEXT('2D SPACE',''
  ) );
#2283 = ORIENTED_EDGE('',*,*,#2115,.T.);
#2284 = ORIENTED_EDGE('',*,*,#780,.T.);
#2285 = ADVANCED_FACE('',(#2286),#768,.T.);
#2286 = FACE_BOUND('',#2287,.T.);
#2287 = EDGE_LOOP('',(#2288,#2289,#2310,#2311));
#2288 = ORIENTED_EDGE('',*,*,#2240,.F.);
#2289 = ORIENTED_EDGE('',*,*,#2290,.T.);
#2290 = EDGE_CURVE('',#2241,#2192,#2291,.T.);
#2291 = SURFACE_CURVE('',#2292,(#2296,#2303),.PCURVE_S1.);
#2292 = LINE('',#2293,#2294);
#2293 = CARTESIAN_POINT('',(-60.10741573809,-21.86660863709,-16.));
#2294 = VECTOR('',#2295,1.);
#2295 = DIRECTION('',(0.382683432365,-0.923879532511,4.248639577543E-17)
  );
#2296 = PCURVE('',#768,#2297);
#2297 = DEFINITIONAL_REPRESENTATION('',(#2298),#2302);
#2298 = LINE('',#2299,#2300);
#2299 = CARTESIAN_POINT('',(-0.,0.));
#2300 = VECTOR('',#2301,1.);
#2301 = DIRECTION('',(-4.357881996053E-33,-1.));
#2302 = ( GEOMETRIC_REPRESENTATION_CONTEXT(2) 
PARAMETRIC_REPRESENTATION_CONTEXT() REPRESENTATION_CONTEXT('2D SPACE',''
  ) );
#2303 = PCURVE('',#2154,#2304);
#2304 = DEFINITIONAL_REPRESENTATION('',(#2305),#2309);
#2305 = LINE('',#2306,#2307);
#2306 = CARTESIAN_POINT('',(32.,-1.359564664814E-15));
#2307 = VECTOR('',#2308,1.);
#2308 = DIRECTION('',(0.,1.));
#2309 = ( GEOMETRIC_REPRESENTATION_CONTEXT(2) 
PARAMETRIC_REPRESENTATION_CONTEXT() REPRESENTATION_CONTEXT('2D SPACE',''
  ) );
#2310 = ORIENTED_EDGE('',*,*,#2191,.T.);
#2311 = ORIENTED_EDGE('',*,*,#751,.T.);
#2312 = ADVANCED_FACE('',(#2313),#827,.F.);
#2313 = FACE_BOUND('',#2314,.F.);
#2314 = EDGE_LOOP('',(#2315,#2338,#2366,#2387));
#2315 = ORIENTED_EDGE('',*,*,#2316,.F.);
#2316 = EDGE_CURVE('',#2317,#811,#2319,.T.);
#2317 = VERTEX_POINT('',#2318);
#2318 = CARTESIAN_POINT('',(-57.96438851684,27.040334019161,16.));
#2319 = SURFACE_CURVE('',#2320,(#2324,#2331),.PCURVE_S1.);
#2320 = LINE('',#2321,#2322);
#2321 = CARTESIAN_POINT('',(-57.96438851684,27.040334019161,16.));
#2322 = VECTOR('',#2323,1.);
#2323 = DIRECTION('',(-0.923879532511,0.382683432365,-1.025712328974E-16
    ));
#2324 = PCURVE('',#827,#2325);
#2325 = DEFINITIONAL_REPRESENTATION('',(#2326),#2330);
#2326 = LINE('',#2327,#2328);
#2327 = CARTESIAN_POINT('',(0.,0.));
#2328 = VECTOR('',#2329,1.);
#2329 = DIRECTION('',(1.,-4.357881996053E-33));
#2330 = ( GEOMETRIC_REPRESENTATION_CONTEXT(2) 
PARAMETRIC_REPRESENTATION_CONTEXT() REPRESENTATION_CONTEXT('2D SPACE',''
  ) );
#2331 = PCURVE('',#910,#2332);
#2332 = DEFINITIONAL_REPRESENTATION('',(#2333),#2337);
#2333 = LINE('',#2334,#2335);
#2334 = CARTESIAN_POINT('',(0.,0.));
#2335 = VECTOR('',#2336,1.);
#2336 = DIRECTION('',(1.,0.));
#2337 = ( GEOMETRIC_REPRESENTATION_CONTEXT(2) 
PARAMETRIC_REPRESENTATION_CONTEXT() REPRESENTATION_CONTEXT('2D SPACE',''
  ) );
#2338 = ORIENTED_EDGE('',*,*,#2339,.T.);
#2339 = EDGE_CURVE('',#2317,#2340,#2342,.T.);
#2340 = VERTEX_POINT('',#2341);
#2341 = CARTESIAN_POINT('',(-60.10741573809,21.866608637098,16.));
#2342 = SURFACE_CURVE('',#2343,(#2347,#2354),.PCURVE_S1.);
#2343 = LINE('',#2344,#2345);
#2344 = CARTESIAN_POINT('',(-57.96438851684,27.040334019161,16.));
#2345 = VECTOR('',#2346,1.);
#2346 = DIRECTION('',(-0.382683432365,-0.923879532511,
    -4.248639577543E-17));
#2347 = PCURVE('',#827,#2348);
#2348 = DEFINITIONAL_REPRESENTATION('',(#2349),#2353);
#2349 = LINE('',#2350,#2351);
#2350 = CARTESIAN_POINT('',(0.,0.));
#2351 = VECTOR('',#2352,1.);
#2352 = DIRECTION('',(4.357881996053E-33,-1.));
#2353 = ( GEOMETRIC_REPRESENTATION_CONTEXT(2) 
PARAMETRIC_REPRESENTATION_CONTEXT() REPRESENTATION_CONTEXT('2D SPACE',''
  ) );
#2354 = PCURVE('',#2355,#2360);
#2355 = PLANE('',#2356);
#2356 = AXIS2_PLACEMENT_3D('',#2357,#2358,#2359);
#2357 = CARTESIAN_POINT('',(-57.96438851684,27.040334019161,16.));
#2358 = DIRECTION('',(-0.923879532511,0.382683432365,-1.025712328974E-16
    ));
#2359 = DIRECTION('',(1.110223024625E-16,0.,-1.));
#2360 = DEFINITIONAL_REPRESENTATION('',(#2361),#2365);
#2361 = LINE('',#2362,#2363);
#2362 = CARTESIAN_POINT('',(0.,-0.));
#2363 = VECTOR('',#2364,1.);
#2364 = DIRECTION('',(0.,1.));
#2365 = ( GEOMETRIC_REPRESENTATION_CONTEXT(2) 
PARAMETRIC_REPRESENTATION_CONTEXT() REPRESENTATION_CONTEXT('2D SPACE',''
  ) );
#2366 = ORIENTED_EDGE('',*,*,#2367,.T.);
#2367 = EDGE_CURVE('',#2340,#809,#2368,.T.);
#2368 = SURFACE_CURVE('',#2369,(#2373,#2380),.PCURVE_S1.);
#2369 = LINE('',#2370,#2371);
#2370 = CARTESIAN_POINT('',(-60.10741573809,21.866608637098,16.));
#2371 = VECTOR('',#2372,1.);
#2372 = DIRECTION('',(-0.923879532511,0.382683432365,-1.025712328974E-16
    ));
#2373 = PCURVE('',#827,#2374);
#2374 = DEFINITIONAL_REPRESENTATION('',(#2375),#2379);
#2375 = LINE('',#2376,#2377);
#2376 = CARTESIAN_POINT('',(7.549516567451E-15,-5.6));
#2377 = VECTOR('',#2378,1.);
#2378 = DIRECTION('',(1.,-4.357881996053E-33));
#2379 = ( GEOMETRIC_REPRESENTATION_CONTEXT(2) 
PARAMETRIC_REPRESENTATION_CONTEXT() REPRESENTATION_CONTEXT('2D SPACE',''
  ) );
#2380 = PCURVE('',#855,#2381);
#2381 = DEFINITIONAL_REPRESENTATION('',(#2382),#2386);
#2382 = LINE('',#2383,#2384);
#2383 = CARTESIAN_POINT('',(0.,0.));
#2384 = VECTOR('',#2385,1.);
#2385 = DIRECTION('',(1.,0.));
#2386 = ( GEOMETRIC_REPRESENTATION_CONTEXT(2) 
PARAMETRIC_REPRESENTATION_CONTEXT() REPRESENTATION_CONTEXT('2D SPACE',''
  ) );
#2387 = ORIENTED_EDGE('',*,*,#808,.T.);
#2388 = ADVANCED_FACE('',(#2389),#855,.T.);
#2389 = FACE_BOUND('',#2390,.T.);
#2390 = EDGE_LOOP('',(#2391,#2414,#2435,#2436));
#2391 = ORIENTED_EDGE('',*,*,#2392,.F.);
#2392 = EDGE_CURVE('',#2393,#840,#2395,.T.);
#2393 = VERTEX_POINT('',#2394);
#2394 = CARTESIAN_POINT('',(-60.10741573809,21.866608637098,-16.));
#2395 = SURFACE_CURVE('',#2396,(#2400,#2407),.PCURVE_S1.);
#2396 = LINE('',#2397,#2398);
#2397 = CARTESIAN_POINT('',(-60.10741573809,21.866608637098,-16.));
#2398 = VECTOR('',#2399,1.);
#2399 = DIRECTION('',(-0.923879532511,0.382683432365,-1.025712328974E-16
    ));
#2400 = PCURVE('',#855,#2401);
#2401 = DEFINITIONAL_REPRESENTATION('',(#2402),#2406);
#2402 = LINE('',#2403,#2404);
#2403 = CARTESIAN_POINT('',(3.282279452717E-15,32.));
#2404 = VECTOR('',#2405,1.);
#2405 = DIRECTION('',(1.,0.));
#2406 = ( GEOMETRIC_REPRESENTATION_CONTEXT(2) 
PARAMETRIC_REPRESENTATION_CONTEXT() REPRESENTATION_CONTEXT('2D SPACE',''
  ) );
#2407 = PCURVE('',#884,#2408);
#2408 = DEFINITIONAL_REPRESENTATION('',(#2409),#2413);
#2409 = LINE('',#2410,#2411);
#2410 = CARTESIAN_POINT('',(7.549516567451E-15,-5.6));
#2411 = VECTOR('',#2412,1.);
#2412 = DIRECTION('',(1.,-4.357881996053E-33));
#2413 = ( GEOMETRIC_REPRESENTATION_CONTEXT(2) 
PARAMETRIC_REPRESENTATION_CONTEXT() REPRESENTATION_CONTEXT('2D SPACE',''
  ) );
#2414 = ORIENTED_EDGE('',*,*,#2415,.F.);
#2415 = EDGE_CURVE('',#2340,#2393,#2416,.T.);
#2416 = SURFACE_CURVE('',#2417,(#2421,#2428),.PCURVE_S1.);
#2417 = LINE('',#2418,#2419);
#2418 = CARTESIAN_POINT('',(-60.10741573809,21.866608637098,16.));
#2419 = VECTOR('',#2420,1.);
#2420 = DIRECTION('',(1.110223024625E-16,0.,-1.));
#2421 = PCURVE('',#855,#2422);
#2422 = DEFINITIONAL_REPRESENTATION('',(#2423),#2427);
#2423 = LINE('',#2424,#2425);
#2424 = CARTESIAN_POINT('',(0.,0.));
#2425 = VECTOR('',#2426,1.);
#2426 = DIRECTION('',(0.,1.));
#2427 = ( GEOMETRIC_REPRESENTATION_CONTEXT(2) 
PARAMETRIC_REPRESENTATION_CONTEXT() REPRESENTATION_CONTEXT('2D SPACE',''
  ) );
#2428 = PCURVE('',#2355,#2429);
#2429 = DEFINITIONAL_REPRESENTATION('',(#2430),#2434);
#2430 = LINE('',#2431,#2432);
#2431 = CARTESIAN_POINT('',(-2.379238163424E-16,5.6));
#2432 = VECTOR('',#2433,1.);
#2433 = DIRECTION('',(1.,0.));
#2434 = ( GEOMETRIC_REPRESENTATION_CONTEXT(2) 
PARAMETRIC_REPRESENTATION_CONTEXT() REPRESENTATION_CONTEXT('2D SPACE',''
  ) );
#2435 = ORIENTED_EDGE('',*,*,#2367,.T.);
#2436 = ORIENTED_EDGE('',*,*,#839,.T.);
#2437 = ADVANCED_FACE('',(#2438),#910,.F.);
#2438 = FACE_BOUND('',#2439,.F.);
#2439 = EDGE_LOOP('',(#2440,#2463,#2484,#2485));
#2440 = ORIENTED_EDGE('',*,*,#2441,.F.);
#2441 = EDGE_CURVE('',#2442,#868,#2444,.T.);
#2442 = VERTEX_POINT('',#2443);
#2443 = CARTESIAN_POINT('',(-57.96438851684,27.040334019161,-16.));
#2444 = SURFACE_CURVE('',#2445,(#2449,#2456),.PCURVE_S1.);
#2445 = LINE('',#2446,#2447);
#2446 = CARTESIAN_POINT('',(-57.96438851684,27.040334019161,-16.));
#2447 = VECTOR('',#2448,1.);
#2448 = DIRECTION('',(-0.923879532511,0.382683432365,-1.025712328974E-16
    ));
#2449 = PCURVE('',#910,#2450);
#2450 = DEFINITIONAL_REPRESENTATION('',(#2451),#2455);
#2451 = LINE('',#2452,#2453);
#2452 = CARTESIAN_POINT('',(3.282279452717E-15,32.));
#2453 = VECTOR('',#2454,1.);
#2454 = DIRECTION('',(1.,0.));
#2455 = ( GEOMETRIC_REPRESENTATION_CONTEXT(2) 
PARAMETRIC_REPRESENTATION_CONTEXT() REPRESENTATION_CONTEXT('2D SPACE',''
  ) );
#2456 = PCURVE('',#884,#2457);
#2457 = DEFINITIONAL_REPRESENTATION('',(#2458),#2462);
#2458 = LINE('',#2459,#2460);
#2459 = CARTESIAN_POINT('',(0.,0.));
#2460 = VECTOR('',#2461,1.);
#2461 = DIRECTION('',(1.,-4.357881996053E-33));
#2462 = ( GEOMETRIC_REPRESENTATION_CONTEXT(2) 
PARAMETRIC_REPRESENTATION_CONTEXT() REPRESENTATION_CONTEXT('2D SPACE',''
  ) );
#2463 = ORIENTED_EDGE('',*,*,#2464,.F.);
#2464 = EDGE_CURVE('',#2317,#2442,#2465,.T.);
#2465 = SURFACE_CURVE('',#2466,(#2470,#2477),.PCURVE_S1.);
#2466 = LINE('',#2467,#2468);
#2467 = CARTESIAN_POINT('',(-57.96438851684,27.040334019161,16.));
#2468 = VECTOR('',#2469,1.);
#2469 = DIRECTION('',(1.110223024625E-16,0.,-1.));
#2470 = PCURVE('',#910,#2471);
#2471 = DEFINITIONAL_REPRESENTATION('',(#2472),#2476);
#2472 = LINE('',#2473,#2474);
#2473 = CARTESIAN_POINT('',(0.,0.));
#2474 = VECTOR('',#2475,1.);
#2475 = DIRECTION('',(0.,1.));
#2476 = ( GEOMETRIC_REPRESENTATION_CONTEXT(2) 
PARAMETRIC_REPRESENTATION_CONTEXT() REPRESENTATION_CONTEXT('2D SPACE',''
  ) );
#2477 = PCURVE('',#2355,#2478);
#2478 = DEFINITIONAL_REPRESENTATION('',(#2479),#2483);
#2479 = LINE('',#2480,#2481);
#2480 = CARTESIAN_POINT('',(0.,-0.));
#2481 = VECTOR('',#2482,1.);
#2482 = DIRECTION('',(1.,0.));
#2483 = ( GEOMETRIC_REPRESENTATION_CONTEXT(2) 
PARAMETRIC_REPRESENTATION_CONTEXT() REPRESENTATION_CONTEXT('2D SPACE',''
  ) );
#2484 = ORIENTED_EDGE('',*,*,#2316,.T.);
#2485 = ORIENTED_EDGE('',*,*,#896,.T.);
#2486 = ADVANCED_FACE('',(#2487),#884,.T.);
#2487 = FACE_BOUND('',#2488,.T.);
#2488 = EDGE_LOOP('',(#2489,#2490,#2511,#2512));
#2489 = ORIENTED_EDGE('',*,*,#2441,.F.);
#2490 = ORIENTED_EDGE('',*,*,#2491,.T.);
#2491 = EDGE_CURVE('',#2442,#2393,#2492,.T.);
#2492 = SURFACE_CURVE('',#2493,(#2497,#2504),.PCURVE_S1.);
#2493 = LINE('',#2494,#2495);
#2494 = CARTESIAN_POINT('',(-57.96438851684,27.040334019161,-16.));
#2495 = VECTOR('',#2496,1.);
#2496 = DIRECTION('',(-0.382683432365,-0.923879532511,
    -4.248639577543E-17));
#2497 = PCURVE('',#884,#2498);
#2498 = DEFINITIONAL_REPRESENTATION('',(#2499),#2503);
#2499 = LINE('',#2500,#2501);
#2500 = CARTESIAN_POINT('',(0.,0.));
#2501 = VECTOR('',#2502,1.);
#2502 = DIRECTION('',(4.357881996053E-33,-1.));
#2503 = ( GEOMETRIC_REPRESENTATION_CONTEXT(2) 
PARAMETRIC_REPRESENTATION_CONTEXT() REPRESENTATION_CONTEXT('2D SPACE',''
  ) );
#2504 = PCURVE('',#2355,#2505);
#2505 = DEFINITIONAL_REPRESENTATION('',(#2506),#2510);
#2506 = LINE('',#2507,#2508);
#2507 = CARTESIAN_POINT('',(32.,1.359564664814E-15));
#2508 = VECTOR('',#2509,1.);
#2509 = DIRECTION('',(0.,1.));
#2510 = ( GEOMETRIC_REPRESENTATION_CONTEXT(2) 
PARAMETRIC_REPRESENTATION_CONTEXT() REPRESENTATION_CONTEXT('2D SPACE',''
  ) );
#2511 = ORIENTED_EDGE('',*,*,#2392,.T.);
#2512 = ORIENTED_EDGE('',*,*,#867,.T.);
#2513 = ADVANCED_FACE('',(#2514),#943,.F.);
#2514 = FACE_BOUND('',#2515,.F.);
#2515 = EDGE_LOOP('',(#2516,#2539,#2567,#2588));
#2516 = ORIENTED_EDGE('',*,*,#2517,.F.);
#2517 = EDGE_CURVE('',#2518,#927,#2520,.T.);
#2518 = VERTEX_POINT('',#2519);
#2519 = CARTESIAN_POINT('',(-21.86660863709,60.107415738093,16.));
#2520 = SURFACE_CURVE('',#2521,(#2525,#2532),.PCURVE_S1.);
#2521 = LINE('',#2522,#2523);
#2522 = CARTESIAN_POINT('',(-21.86660863709,60.107415738093,16.));
#2523 = VECTOR('',#2524,1.);
#2524 = DIRECTION('',(-0.382683432365,0.923879532511,-4.248639577543E-17
    ));
#2525 = PCURVE('',#943,#2526);
#2526 = DEFINITIONAL_REPRESENTATION('',(#2527),#2531);
#2527 = LINE('',#2528,#2529);
#2528 = CARTESIAN_POINT('',(0.,0.));
#2529 = VECTOR('',#2530,1.);
#2530 = DIRECTION('',(1.,-4.357881996053E-33));
#2531 = ( GEOMETRIC_REPRESENTATION_CONTEXT(2) 
PARAMETRIC_REPRESENTATION_CONTEXT() REPRESENTATION_CONTEXT('2D SPACE',''
  ) );
#2532 = PCURVE('',#1026,#2533);
#2533 = DEFINITIONAL_REPRESENTATION('',(#2534),#2538);
#2534 = LINE('',#2535,#2536);
#2535 = CARTESIAN_POINT('',(0.,0.));
#2536 = VECTOR('',#2537,1.);
#2537 = DIRECTION('',(1.,0.));
#2538 = ( GEOMETRIC_REPRESENTATION_CONTEXT(2) 
PARAMETRIC_REPRESENTATION_CONTEXT() REPRESENTATION_CONTEXT('2D SPACE',''
  ) );
#2539 = ORIENTED_EDGE('',*,*,#2540,.T.);
#2540 = EDGE_CURVE('',#2518,#2541,#2543,.T.);
#2541 = VERTEX_POINT('',#2542);
#2542 = CARTESIAN_POINT('',(-27.04033401916,57.964388516849,16.));
#2543 = SURFACE_CURVE('',#2544,(#2548,#2555),.PCURVE_S1.);
#2544 = LINE('',#2545,#2546);
#2545 = CARTESIAN_POINT('',(-21.86660863709,60.107415738093,16.));
#2546 = VECTOR('',#2547,1.);
#2547 = DIRECTION('',(-0.923879532511,-0.382683432365,
    -1.025712328974E-16));
#2548 = PCURVE('',#943,#2549);
#2549 = DEFINITIONAL_REPRESENTATION('',(#2550),#2554);
#2550 = LINE('',#2551,#2552);
#2551 = CARTESIAN_POINT('',(0.,0.));
#2552 = VECTOR('',#2553,1.);
#2553 = DIRECTION('',(4.357881996053E-33,-1.));
#2554 = ( GEOMETRIC_REPRESENTATION_CONTEXT(2) 
PARAMETRIC_REPRESENTATION_CONTEXT() REPRESENTATION_CONTEXT('2D SPACE',''
  ) );
#2555 = PCURVE('',#2556,#2561);
#2556 = PLANE('',#2557);
#2557 = AXIS2_PLACEMENT_3D('',#2558,#2559,#2560);
#2558 = CARTESIAN_POINT('',(-21.86660863709,60.107415738093,16.));
#2559 = DIRECTION('',(-0.382683432365,0.923879532511,-4.248639577543E-17
    ));
#2560 = DIRECTION('',(1.110223024625E-16,0.,-1.));
#2561 = DEFINITIONAL_REPRESENTATION('',(#2562),#2566);
#2562 = LINE('',#2563,#2564);
#2563 = CARTESIAN_POINT('',(0.,-0.));
#2564 = VECTOR('',#2565,1.);
#2565 = DIRECTION('',(0.,1.));
#2566 = ( GEOMETRIC_REPRESENTATION_CONTEXT(2) 
PARAMETRIC_REPRESENTATION_CONTEXT() REPRESENTATION_CONTEXT('2D SPACE',''
  ) );
#2567 = ORIENTED_EDGE('',*,*,#2568,.T.);
#2568 = EDGE_CURVE('',#2541,#925,#2569,.T.);
#2569 = SURFACE_CURVE('',#2570,(#2574,#2581),.PCURVE_S1.);
#2570 = LINE('',#2571,#2572);
#2571 = CARTESIAN_POINT('',(-27.04033401916,57.964388516849,16.));
#2572 = VECTOR('',#2573,1.);
#2573 = DIRECTION('',(-0.382683432365,0.923879532511,-4.248639577543E-17
    ));
#2574 = PCURVE('',#943,#2575);
#2575 = DEFINITIONAL_REPRESENTATION('',(#2576),#2580);
#2576 = LINE('',#2577,#2578);
#2577 = CARTESIAN_POINT('',(5.551115123126E-15,-5.6));
#2578 = VECTOR('',#2579,1.);
#2579 = DIRECTION('',(1.,-4.357881996053E-33));
#2580 = ( GEOMETRIC_REPRESENTATION_CONTEXT(2) 
PARAMETRIC_REPRESENTATION_CONTEXT() REPRESENTATION_CONTEXT('2D SPACE',''
  ) );
#2581 = PCURVE('',#971,#2582);
#2582 = DEFINITIONAL_REPRESENTATION('',(#2583),#2587);
#2583 = LINE('',#2584,#2585);
#2584 = CARTESIAN_POINT('',(0.,0.));
#2585 = VECTOR('',#2586,1.);
#2586 = DIRECTION('',(1.,0.));
#2587 = ( GEOMETRIC_REPRESENTATION_CONTEXT(2) 
PARAMETRIC_REPRESENTATION_CONTEXT() REPRESENTATION_CONTEXT('2D SPACE',''
  ) );
#2588 = ORIENTED_EDGE('',*,*,#924,.T.);
#2589 = ADVANCED_FACE('',(#2590),#971,.T.);
#2590 = FACE_BOUND('',#2591,.T.);
#2591 = EDGE_LOOP('',(#2592,#2615,#2636,#2637));
#2592 = ORIENTED_EDGE('',*,*,#2593,.F.);
#2593 = EDGE_CURVE('',#2594,#956,#2596,.T.);
#2594 = VERTEX_POINT('',#2595);
#2595 = CARTESIAN_POINT('',(-27.04033401916,57.964388516849,-16.));
#2596 = SURFACE_CURVE('',#2597,(#2601,#2608),.PCURVE_S1.);
#2597 = LINE('',#2598,#2599);
#2598 = CARTESIAN_POINT('',(-27.04033401916,57.964388516849,-16.));
#2599 = VECTOR('',#2600,1.);
#2600 = DIRECTION('',(-0.382683432365,0.923879532511,-4.248639577543E-17
    ));
#2601 = PCURVE('',#971,#2602);
#2602 = DEFINITIONAL_REPRESENTATION('',(#2603),#2607);
#2603 = LINE('',#2604,#2605);
#2604 = CARTESIAN_POINT('',(0.,32.));
#2605 = VECTOR('',#2606,1.);
#2606 = DIRECTION('',(1.,0.));
#2607 = ( GEOMETRIC_REPRESENTATION_CONTEXT(2) 
PARAMETRIC_REPRESENTATION_CONTEXT() REPRESENTATION_CONTEXT('2D SPACE',''
  ) );
#2608 = PCURVE('',#1000,#2609);
#2609 = DEFINITIONAL_REPRESENTATION('',(#2610),#2614);
#2610 = LINE('',#2611,#2612);
#2611 = CARTESIAN_POINT('',(5.551115123126E-15,-5.6));
#2612 = VECTOR('',#2613,1.);
#2613 = DIRECTION('',(1.,-4.357881996053E-33));
#2614 = ( GEOMETRIC_REPRESENTATION_CONTEXT(2) 
PARAMETRIC_REPRESENTATION_CONTEXT() REPRESENTATION_CONTEXT('2D SPACE',''
  ) );
#2615 = ORIENTED_EDGE('',*,*,#2616,.F.);
#2616 = EDGE_CURVE('',#2541,#2594,#2617,.T.);
#2617 = SURFACE_CURVE('',#2618,(#2622,#2629),.PCURVE_S1.);
#2618 = LINE('',#2619,#2620);
#2619 = CARTESIAN_POINT('',(-27.04033401916,57.964388516849,16.));
#2620 = VECTOR('',#2621,1.);
#2621 = DIRECTION('',(1.110223024625E-16,0.,-1.));
#2622 = PCURVE('',#971,#2623);
#2623 = DEFINITIONAL_REPRESENTATION('',(#2624),#2628);
#2624 = LINE('',#2625,#2626);
#2625 = CARTESIAN_POINT('',(0.,0.));
#2626 = VECTOR('',#2627,1.);
#2627 = DIRECTION('',(0.,1.));
#2628 = ( GEOMETRIC_REPRESENTATION_CONTEXT(2) 
PARAMETRIC_REPRESENTATION_CONTEXT() REPRESENTATION_CONTEXT('2D SPACE',''
  ) );
#2629 = PCURVE('',#2556,#2630);
#2630 = DEFINITIONAL_REPRESENTATION('',(#2631),#2635);
#2631 = LINE('',#2632,#2633);
#2632 = CARTESIAN_POINT('',(1.201957935175E-15,5.6));
#2633 = VECTOR('',#2634,1.);
#2634 = DIRECTION('',(1.,0.));
#2635 = ( GEOMETRIC_REPRESENTATION_CONTEXT(2) 
PARAMETRIC_REPRESENTATION_CONTEXT() REPRESENTATION_CONTEXT('2D SPACE',''
  ) );
#2636 = ORIENTED_EDGE('',*,*,#2568,.T.);
#2637 = ORIENTED_EDGE('',*,*,#955,.T.);
#2638 = ADVANCED_FACE('',(#2639),#1026,.F.);
#2639 = FACE_BOUND('',#2640,.F.);
#2640 = EDGE_LOOP('',(#2641,#2664,#2685,#2686));
#2641 = ORIENTED_EDGE('',*,*,#2642,.F.);
#2642 = EDGE_CURVE('',#2643,#984,#2645,.T.);
#2643 = VERTEX_POINT('',#2644);
#2644 = CARTESIAN_POINT('',(-21.86660863709,60.107415738093,-16.));
#2645 = SURFACE_CURVE('',#2646,(#2650,#2657),.PCURVE_S1.);
#2646 = LINE('',#2647,#2648);
#2647 = CARTESIAN_POINT('',(-21.86660863709,60.107415738093,-16.));
#2648 = VECTOR('',#2649,1.);
#2649 = DIRECTION('',(-0.382683432365,0.923879532511,-4.248639577543E-17
    ));
#2650 = PCURVE('',#1026,#2651);
#2651 = DEFINITIONAL_REPRESENTATION('',(#2652),#2656);
#2652 = LINE('',#2653,#2654);
#2653 = CARTESIAN_POINT('',(0.,32.));
#2654 = VECTOR('',#2655,1.);
#2655 = DIRECTION('',(1.,0.));
#2656 = ( GEOMETRIC_REPRESENTATION_CONTEXT(2) 
PARAMETRIC_REPRESENTATION_CONTEXT() REPRESENTATION_CONTEXT('2D SPACE',''
  ) );
#2657 = PCURVE('',#1000,#2658);
#2658 = DEFINITIONAL_REPRESENTATION('',(#2659),#2663);
#2659 = LINE('',#2660,#2661);
#2660 = CARTESIAN_POINT('',(0.,0.));
#2661 = VECTOR('',#2662,1.);
#2662 = DIRECTION('',(1.,-4.357881996053E-33));
#2663 = ( GEOMETRIC_REPRESENTATION_CONTEXT(2) 
PARAMETRIC_REPRESENTATION_CONTEXT() REPRESENTATION_CONTEXT('2D SPACE',''
  ) );
#2664 = ORIENTED_EDGE('',*,*,#2665,.F.);
#2665 = EDGE_CURVE('',#2518,#2643,#2666,.T.);
#2666 = SURFACE_CURVE('',#2667,(#2671,#2678),.PCURVE_S1.);
#2667 = LINE('',#2668,#2669);
#2668 = CARTESIAN_POINT('',(-21.86660863709,60.107415738093,16.));
#2669 = VECTOR('',#2670,1.);
#2670 = DIRECTION('',(1.110223024625E-16,0.,-1.));
#2671 = PCURVE('',#1026,#2672);
#2672 = DEFINITIONAL_REPRESENTATION('',(#2673),#2677);
#2673 = LINE('',#2674,#2675);
#2674 = CARTESIAN_POINT('',(0.,0.));
#2675 = VECTOR('',#2676,1.);
#2676 = DIRECTION('',(0.,1.));
#2677 = ( GEOMETRIC_REPRESENTATION_CONTEXT(2) 
PARAMETRIC_REPRESENTATION_CONTEXT() REPRESENTATION_CONTEXT('2D SPACE',''
  ) );
#2678 = PCURVE('',#2556,#2679);
#2679 = DEFINITIONAL_REPRESENTATION('',(#2680),#2684);
#2680 = LINE('',#2681,#2682);
#2681 = CARTESIAN_POINT('',(0.,-0.));
#2682 = VECTOR('',#2683,1.);
#2683 = DIRECTION('',(1.,0.));
#2684 = ( GEOMETRIC_REPRESENTATION_CONTEXT(2) 
PARAMETRIC_REPRESENTATION_CONTEXT() REPRESENTATION_CONTEXT('2D SPACE',''
  ) );
#2685 = ORIENTED_EDGE('',*,*,#2517,.T.);
#2686 = ORIENTED_EDGE('',*,*,#1012,.T.);
#2687 = ADVANCED_FACE('',(#2688),#1000,.T.);
#2688 = FACE_BOUND('',#2689,.T.);
#2689 = EDGE_LOOP('',(#2690,#2691,#2712,#2713));
#2690 = ORIENTED_EDGE('',*,*,#2642,.F.);
#2691 = ORIENTED_EDGE('',*,*,#2692,.T.);
#2692 = EDGE_CURVE('',#2643,#2594,#2693,.T.);
#2693 = SURFACE_CURVE('',#2694,(#2698,#2705),.PCURVE_S1.);
#2694 = LINE('',#2695,#2696);
#2695 = CARTESIAN_POINT('',(-21.86660863709,60.107415738093,-16.));
#2696 = VECTOR('',#2697,1.);
#2697 = DIRECTION('',(-0.923879532511,-0.382683432365,
    -1.025712328974E-16));
#2698 = PCURVE('',#1000,#2699);
#2699 = DEFINITIONAL_REPRESENTATION('',(#2700),#2704);
#2700 = LINE('',#2701,#2702);
#2701 = CARTESIAN_POINT('',(0.,0.));
#2702 = VECTOR('',#2703,1.);
#2703 = DIRECTION('',(4.357881996053E-33,-1.));
#2704 = ( GEOMETRIC_REPRESENTATION_CONTEXT(2) 
PARAMETRIC_REPRESENTATION_CONTEXT() REPRESENTATION_CONTEXT('2D SPACE',''
  ) );
#2705 = PCURVE('',#2556,#2706);
#2706 = DEFINITIONAL_REPRESENTATION('',(#2707),#2711);
#2707 = LINE('',#2708,#2709);
#2708 = CARTESIAN_POINT('',(32.,-3.282279452717E-15));
#2709 = VECTOR('',#2710,1.);
#2710 = DIRECTION('',(0.,1.));
#2711 = ( GEOMETRIC_REPRESENTATION_CONTEXT(2) 
PARAMETRIC_REPRESENTATION_CONTEXT() REPRESENTATION_CONTEXT('2D SPACE',''
  ) );
#2712 = ORIENTED_EDGE('',*,*,#2593,.T.);
#2713 = ORIENTED_EDGE('',*,*,#983,.T.);
#2714 = ADVANCED_FACE('',(#2715),#1062,.F.);
#2715 = FACE_BOUND('',#2716,.F.);
#2716 = EDGE_LOOP('',(#2717,#2718,#2740,#2741));
#2717 = ORIENTED_EDGE('',*,*,#1083,.T.);
#2718 = ORIENTED_EDGE('',*,*,#2719,.T.);
#2719 = EDGE_CURVE('',#1084,#1042,#2720,.T.);
#2720 = SEAM_CURVE('',#2721,(#2726,#2733),.PCURVE_S1.);
#2721 = CIRCLE('',#2722,50.046630695444);
#2722 = AXIS2_PLACEMENT_3D('',#2723,#2724,#2725);
#2723 = CARTESIAN_POINT('',(-9.860761315263E-32,120.87663069544,
    8.881784197001E-16));
#2724 = DIRECTION('',(-1.,0.,-1.110223024625E-16));
#2725 = DIRECTION('',(4.436754319712E-17,-0.916677707529,-0.39962730202)
  );
#2726 = PCURVE('',#1062,#2727);
#2727 = DEFINITIONAL_REPRESENTATION('',(#2728),#2732);
#2728 = LINE('',#2729,#2730);
#2729 = CARTESIAN_POINT('',(0.,2.73048241829));
#2730 = VECTOR('',#2731,1.);
#2731 = DIRECTION('',(0.,1.));
#2732 = ( GEOMETRIC_REPRESENTATION_CONTEXT(2) 
PARAMETRIC_REPRESENTATION_CONTEXT() REPRESENTATION_CONTEXT('2D SPACE',''
  ) );
#2733 = PCURVE('',#1062,#2734);
#2734 = DEFINITIONAL_REPRESENTATION('',(#2735),#2739);
#2735 = LINE('',#2736,#2737);
#2736 = CARTESIAN_POINT('',(6.28318530718,2.73048241829));
#2737 = VECTOR('',#2738,1.);
#2738 = DIRECTION('',(0.,1.));
#2739 = ( GEOMETRIC_REPRESENTATION_CONTEXT(2) 
PARAMETRIC_REPRESENTATION_CONTEXT() REPRESENTATION_CONTEXT('2D SPACE',''
  ) );
#2740 = ORIENTED_EDGE('',*,*,#1041,.F.);
#2741 = ORIENTED_EDGE('',*,*,#2719,.F.);
#2742 = ADVANCED_FACE('',(#2743),#1149,.F.);
#2743 = FACE_BOUND('',#2744,.F.);
#2744 = EDGE_LOOP('',(#2745,#2746,#2747,#2748));
#2745 = ORIENTED_EDGE('',*,*,#1133,.F.);
#2746 = ORIENTED_EDGE('',*,*,#1258,.T.);
#2747 = ORIENTED_EDGE('',*,*,#1285,.T.);
#2748 = ORIENTED_EDGE('',*,*,#1209,.F.);
#2749 = ADVANCED_FACE('',(#2750),#1350,.F.);
#2750 = FACE_BOUND('',#2751,.F.);
#2751 = EDGE_LOOP('',(#2752,#2753,#2754,#2755));
#2752 = ORIENTED_EDGE('',*,*,#1334,.F.);
#2753 = ORIENTED_EDGE('',*,*,#1410,.T.);
#2754 = ORIENTED_EDGE('',*,*,#1437,.T.);
#2755 = ORIENTED_EDGE('',*,*,#1486,.F.);
#2756 = ADVANCED_FACE('',(#2757),#1551,.F.);
#2757 = FACE_BOUND('',#2758,.F.);
#2758 = EDGE_LOOP('',(#2759,#2760,#2761,#2762));
#2759 = ORIENTED_EDGE('',*,*,#1535,.F.);
#2760 = ORIENTED_EDGE('',*,*,#1660,.T.);
#2761 = ORIENTED_EDGE('',*,*,#1687,.T.);
#2762 = ORIENTED_EDGE('',*,*,#1611,.F.);
#2763 = ADVANCED_FACE('',(#2764),#1752,.F.);
#2764 = FACE_BOUND('',#2765,.F.);
#2765 = EDGE_LOOP('',(#2766,#2767,#2768,#2769));
#2766 = ORIENTED_EDGE('',*,*,#1736,.F.);
#2767 = ORIENTED_EDGE('',*,*,#1861,.T.);
#2768 = ORIENTED_EDGE('',*,*,#1888,.T.);
#2769 = ORIENTED_EDGE('',*,*,#1812,.F.);
#2770 = ADVANCED_FACE('',(#2771),#1953,.F.);
#2771 = FACE_BOUND('',#2772,.F.);
#2772 = EDGE_LOOP('',(#2773,#2774,#2775,#2776));
#2773 = ORIENTED_EDGE('',*,*,#1937,.F.);
#2774 = ORIENTED_EDGE('',*,*,#2062,.T.);
#2775 = ORIENTED_EDGE('',*,*,#2089,.T.);
#2776 = ORIENTED_EDGE('',*,*,#2013,.F.);
#2777 = ADVANCED_FACE('',(#2778),#2154,.F.);
#2778 = FACE_BOUND('',#2779,.F.);
#2779 = EDGE_LOOP('',(#2780,#2781,#2782,#2783));
#2780 = ORIENTED_EDGE('',*,*,#2138,.F.);
#2781 = ORIENTED_EDGE('',*,*,#2263,.T.);
#2782 = ORIENTED_EDGE('',*,*,#2290,.T.);
#2783 = ORIENTED_EDGE('',*,*,#2214,.F.);
#2784 = ADVANCED_FACE('',(#2785),#2355,.F.);
#2785 = FACE_BOUND('',#2786,.F.);
#2786 = EDGE_LOOP('',(#2787,#2788,#2789,#2790));
#2787 = ORIENTED_EDGE('',*,*,#2339,.F.);
#2788 = ORIENTED_EDGE('',*,*,#2464,.T.);
#2789 = ORIENTED_EDGE('',*,*,#2491,.T.);
#2790 = ORIENTED_EDGE('',*,*,#2415,.F.);
#2791 = ADVANCED_FACE('',(#2792),#2556,.F.);
#2792 = FACE_BOUND('',#2793,.F.);
#2793 = EDGE_LOOP('',(#2794,#2795,#2796,#2797));
#2794 = ORIENTED_EDGE('',*,*,#2540,.F.);
#2795 = ORIENTED_EDGE('',*,*,#2665,.T.);
#2796 = ORIENTED_EDGE('',*,*,#2692,.T.);
#2797 = ORIENTED_EDGE('',*,*,#2616,.F.);
#2798 = ( GEOMETRIC_REPRESENTATION_CONTEXT(3) 
GLOBAL_UNCERTAINTY_ASSIGNED_CONTEXT((#2802)) 
GLOBAL_UNIT_ASSIGNED_CONTEXT((#2799,#2800,#2801)) REPRESENTATION_CONTEXT
('Context #1','3D Context with UNIT and UNCERTAINTY') );
#2799 = ( LENGTH_UNIT() NAMED_UNIT(*) SI_UNIT(.MILLI.,.METRE.) );
#2800 = ( NAMED_UNIT(*) PLANE_ANGLE_UNIT() SI_UNIT($,.RADIAN.) );
#2801 = ( NAMED_UNIT(*) SI_UNIT($,.STERADIAN.) SOLID_ANGLE_UNIT() );
#2802 = UNCERTAINTY_MEASURE_WITH_UNIT(LENGTH_MEASURE(1.E-07),#2799,
  'distance_accuracy_value','confusion accuracy');
#2803 = PRODUCT_RELATED_PRODUCT_CATEGORY('part',$,(#7));
ENDSEC;
END-ISO-10303-21;
