ISO-10303-21;
HEADER;
FILE_DESCRIPTION(('Open CASCADE Model'),'2;1');
FILE_NAME('Open CASCADE Shape Model','2026-10-06T13:00:52',('Author'),(
    'Open CASCADE'),'Open CASCADE STEP processor 7.9','Open CASCADE 7.9'
  ,'Unknown');
FILE_SCHEMA(('AUTOMOTIVE_DESIGN { 1 0 10303 214 1 1 1 1 }'));
ENDSEC;
DATA;
#1 = APPLICATION_PROTOCOL_DEFINITION('international standard',
  'automotive_design',2000,#2);
#2 = APPLICATION_CONTEXT(
  'core data for automotive mechanical design processes');
#3 = SHAPE_DEFINITION_REPRESENTATION(#4,#10);
#4 = PRODUCT_DEFINITION_SHAPE('','',#5);
#5 = PRODUCT_DEFINITION('design','',#6,#9);
#6 = PRODUCT_DEFINITION_FORMATION('','',#7);
#7 = PRODUCT('Open CASCADE STEP translator 7.9 11',
  'Open CASCADE STEP translator 7.9 11','',(#8));
#8 = PRODUCT_CONTEXT('',#2,'mechanical');
#9 = PRODUCT_DEFINITION_CONTEXT('part definition',#2,'design');
#10 = ADVANCED_BREP_SHAPE_REPRESENTATION('',(#11,#15),#2136);
#11 = AXIS2_PLACEMENT_3D('',#12,#13,#14);
#12 = CARTESIAN_POINT('',(0.,0.,0.));
#13 = DIRECTION('',(0.,0.,1.));
#14 = DIRECTION('',(1.,0.,-0.));
#15 = MANIFOLD_SOLID_BREP('',#16);
#16 = CLOSED_SHELL('',(#17,#207,#283,#452,#601,#628,#1316,#2008,#2021,
    #2068,#2099,#2126));
#17 = ADVANCED_FACE('',(#18,#137,#172),#32,.F.);
#18 = FACE_BOUND('',#19,.F.);
#19 = EDGE_LOOP('',(#20,#55,#83,#111));
#20 = ORIENTED_EDGE('',*,*,#21,.F.);
#21 = EDGE_CURVE('',#22,#24,#26,.T.);
#22 = VERTEX_POINT('',#23);
#23 = CARTESIAN_POINT('',(-45.,-112.,-82.));
#24 = VERTEX_POINT('',#25);
#25 = CARTESIAN_POINT('',(-45.,-112.,-58.));
#26 = SURFACE_CURVE('',#27,(#31,#43),.PCURVE_S1.);
#27 = LINE('',#28,#29);
#28 = CARTESIAN_POINT('',(-45.,-112.,-82.));
#29 = VECTOR('',#30,1.);
#30 = DIRECTION('',(0.,0.,1.));
#31 = PCURVE('',#32,#37);
#32 = PLANE('',#33);
#33 = AXIS2_PLACEMENT_3D('',#34,#35,#36);
#34 = CARTESIAN_POINT('',(-45.,-112.,-82.));
#35 = DIRECTION('',(1.,0.,0.));
#36 = DIRECTION('',(0.,0.,1.));
#37 = DEFINITIONAL_REPRESENTATION('',(#38),#42);
#38 = LINE('',#39,#40);
#39 = CARTESIAN_POINT('',(0.,0.));
#40 = VECTOR('',#41,1.);
#41 = DIRECTION('',(1.,0.));
#42 = ( GEOMETRIC_REPRESENTATION_CONTEXT(2) 
PARAMETRIC_REPRESENTATION_CONTEXT() REPRESENTATION_CONTEXT('2D SPACE',''
  ) );
#43 = PCURVE('',#44,#49);
#44 = PLANE('',#45);
#45 = AXIS2_PLACEMENT_3D('',#46,#47,#48);
#46 = CARTESIAN_POINT('',(-45.,-112.,-82.));
#47 = DIRECTION('',(0.,1.,0.));
#48 = DIRECTION('',(0.,0.,1.));
#49 = DEFINITIONAL_REPRESENTATION('',(#50),#54);
#50 = LINE('',#51,#52);
#51 = CARTESIAN_POINT('',(0.,0.));
#52 = VECTOR('',#53,1.);
#53 = DIRECTION('',(1.,0.));
#54 = ( GEOMETRIC_REPRESENTATION_CONTEXT(2) 
PARAMETRIC_REPRESENTATION_CONTEXT() REPRESENTATION_CONTEXT('2D SPACE',''
  ) );
#55 = ORIENTED_EDGE('',*,*,#56,.T.);
#56 = EDGE_CURVE('',#22,#57,#59,.T.);
#57 = VERTEX_POINT('',#58);
#58 = CARTESIAN_POINT('',(-45.,-68.,-82.));
#59 = SURFACE_CURVE('',#60,(#64,#71),.PCURVE_S1.);
#60 = LINE('',#61,#62);
#61 = CARTESIAN_POINT('',(-45.,-112.,-82.));
#62 = VECTOR('',#63,1.);
#63 = DIRECTION('',(0.,1.,0.));
#64 = PCURVE('',#32,#65);
#65 = DEFINITIONAL_REPRESENTATION('',(#66),#70);
#66 = LINE('',#67,#68);
#67 = CARTESIAN_POINT('',(0.,0.));
#68 = VECTOR('',#69,1.);
#69 = DIRECTION('',(0.,-1.));
#70 = ( GEOMETRIC_REPRESENTATION_CONTEXT(2) 
PARAMETRIC_REPRESENTATION_CONTEXT() REPRESENTATION_CONTEXT('2D SPACE',''
  ) );
#71 = PCURVE('',#72,#77);
#72 = PLANE('',#73);
#73 = AXIS2_PLACEMENT_3D('',#74,#75,#76);
#74 = CARTESIAN_POINT('',(-45.,-112.,-82.));
#75 = DIRECTION('',(0.,0.,1.));
#76 = DIRECTION('',(1.,0.,0.));
#77 = DEFINITIONAL_REPRESENTATION('',(#78),#82);
#78 = LINE('',#79,#80);
#79 = CARTESIAN_POINT('',(0.,0.));
#80 = VECTOR('',#81,1.);
#81 = DIRECTION('',(0.,1.));
#82 = ( GEOMETRIC_REPRESENTATION_CONTEXT(2) 
PARAMETRIC_REPRESENTATION_CONTEXT() REPRESENTATION_CONTEXT('2D SPACE',''
  ) );
#83 = ORIENTED_EDGE('',*,*,#84,.T.);
#84 = EDGE_CURVE('',#57,#85,#87,.T.);
#85 = VERTEX_POINT('',#86);
#86 = CARTESIAN_POINT('',(-45.,-68.,-58.));
#87 = SURFACE_CURVE('',#88,(#92,#99),.PCURVE_S1.);
#88 = LINE('',#89,#90);
#89 = CARTESIAN_POINT('',(-45.,-68.,-82.));
#90 = VECTOR('',#91,1.);
#91 = DIRECTION('',(0.,0.,1.));
#92 = PCURVE('',#32,#93);
#93 = DEFINITIONAL_REPRESENTATION('',(#94),#98);
#94 = LINE('',#95,#96);
#95 = CARTESIAN_POINT('',(0.,-44.));
#96 = VECTOR('',#97,1.);
#97 = DIRECTION('',(1.,0.));
#98 = ( GEOMETRIC_REPRESENTATION_CONTEXT(2) 
PARAMETRIC_REPRESENTATION_CONTEXT() REPRESENTATION_CONTEXT('2D SPACE',''
  ) );
#99 = PCURVE('',#100,#105);
#100 = PLANE('',#101);
#101 = AXIS2_PLACEMENT_3D('',#102,#103,#104);
#102 = CARTESIAN_POINT('',(-45.,-68.,-82.));
#103 = DIRECTION('',(0.,1.,0.));
#104 = DIRECTION('',(0.,0.,1.));
#105 = DEFINITIONAL_REPRESENTATION('',(#106),#110);
#106 = LINE('',#107,#108);
#107 = CARTESIAN_POINT('',(0.,0.));
#108 = VECTOR('',#109,1.);
#109 = DIRECTION('',(1.,0.));
#110 = ( GEOMETRIC_REPRESENTATION_CONTEXT(2) 
PARAMETRIC_REPRESENTATION_CONTEXT() REPRESENTATION_CONTEXT('2D SPACE',''
  ) );
#111 = ORIENTED_EDGE('',*,*,#112,.F.);
#112 = EDGE_CURVE('',#24,#85,#113,.T.);
#113 = SURFACE_CURVE('',#114,(#118,#125),.PCURVE_S1.);
#114 = LINE('',#115,#116);
#115 = CARTESIAN_POINT('',(-45.,-112.,-58.));
#116 = VECTOR('',#117,1.);
#117 = DIRECTION('',(0.,1.,0.));
#118 = PCURVE('',#32,#119);
#119 = DEFINITIONAL_REPRESENTATION('',(#120),#124);
#120 = LINE('',#121,#122);
#121 = CARTESIAN_POINT('',(24.,0.));
#122 = VECTOR('',#123,1.);
#123 = DIRECTION('',(0.,-1.));
#124 = ( GEOMETRIC_REPRESENTATION_CONTEXT(2) 
PARAMETRIC_REPRESENTATION_CONTEXT() REPRESENTATION_CONTEXT('2D SPACE',''
  ) );
#125 = PCURVE('',#126,#131);
#126 = PLANE('',#127);
#127 = AXIS2_PLACEMENT_3D('',#128,#129,#130);
#128 = CARTESIAN_POINT('',(-45.,-112.,-58.));
#129 = DIRECTION('',(0.,0.,1.));
#130 = DIRECTION('',(1.,0.,0.));
#131 = DEFINITIONAL_REPRESENTATION('',(#132),#136);
#132 = LINE('',#133,#134);
#133 = CARTESIAN_POINT('',(0.,0.));
#134 = VECTOR('',#135,1.);
#135 = DIRECTION('',(0.,1.));
#136 = ( GEOMETRIC_REPRESENTATION_CONTEXT(2) 
PARAMETRIC_REPRESENTATION_CONTEXT() REPRESENTATION_CONTEXT('2D SPACE',''
  ) );
#137 = FACE_BOUND('',#138,.F.);
#138 = EDGE_LOOP('',(#139));
#139 = ORIENTED_EDGE('',*,*,#140,.T.);
#140 = EDGE_CURVE('',#141,#141,#143,.T.);
#141 = VERTEX_POINT('',#142);
#142 = CARTESIAN_POINT('',(-45.,-72.25,-70.));
#143 = SURFACE_CURVE('',#144,(#149,#160),.PCURVE_S1.);
#144 = CIRCLE('',#145,2.75);
#145 = AXIS2_PLACEMENT_3D('',#146,#147,#148);
#146 = CARTESIAN_POINT('',(-45.,-75.,-70.));
#147 = DIRECTION('',(-1.,0.,0.));
#148 = DIRECTION('',(0.,1.,0.));
#149 = PCURVE('',#32,#150);
#150 = DEFINITIONAL_REPRESENTATION('',(#151),#159);
#151 = ( BOUNDED_CURVE() B_SPLINE_CURVE(2,(#152,#153,#154,#155,#156,#157
,#158),.UNSPECIFIED.,.T.,.F.) B_SPLINE_CURVE_WITH_KNOTS((1,2,2,2,2,1),(
    -2.094395102393,0.,2.094395102393,4.188790204786,6.28318530718,
8.377580409573),.UNSPECIFIED.) CURVE() GEOMETRIC_REPRESENTATION_ITEM() 
RATIONAL_B_SPLINE_CURVE((1.,0.5,1.,0.5,1.,0.5,1.)) REPRESENTATION_ITEM(
  '') );
#152 = CARTESIAN_POINT('',(12.,-39.75));
#153 = CARTESIAN_POINT('',(7.236860279186,-39.75));
#154 = CARTESIAN_POINT('',(9.618430139593,-35.625));
#155 = CARTESIAN_POINT('',(12.,-31.5));
#156 = CARTESIAN_POINT('',(14.381569860407,-35.625));
#157 = CARTESIAN_POINT('',(16.763139720814,-39.75));
#158 = CARTESIAN_POINT('',(12.,-39.75));
#159 = ( GEOMETRIC_REPRESENTATION_CONTEXT(2) 
PARAMETRIC_REPRESENTATION_CONTEXT() REPRESENTATION_CONTEXT('2D SPACE',''
  ) );
#160 = PCURVE('',#161,#166);
#161 = CYLINDRICAL_SURFACE('',#162,2.75);
#162 = AXIS2_PLACEMENT_3D('',#163,#164,#165);
#163 = CARTESIAN_POINT('',(-46.,-75.,-70.));
#164 = DIRECTION('',(-1.,-0.,-0.));
#165 = DIRECTION('',(0.,1.,0.));
#166 = DEFINITIONAL_REPRESENTATION('',(#167),#171);
#167 = LINE('',#168,#169);
#168 = CARTESIAN_POINT('',(-6.28318530718,-1.));
#169 = VECTOR('',#170,1.);
#170 = DIRECTION('',(1.,-0.));
#171 = ( GEOMETRIC_REPRESENTATION_CONTEXT(2) 
PARAMETRIC_REPRESENTATION_CONTEXT() REPRESENTATION_CONTEXT('2D SPACE',''
  ) );
#172 = FACE_BOUND('',#173,.F.);
#173 = EDGE_LOOP('',(#174));
#174 = ORIENTED_EDGE('',*,*,#175,.T.);
#175 = EDGE_CURVE('',#176,#176,#178,.T.);
#176 = VERTEX_POINT('',#177);
#177 = CARTESIAN_POINT('',(-45.,-102.25,-70.));
#178 = SURFACE_CURVE('',#179,(#184,#195),.PCURVE_S1.);
#179 = CIRCLE('',#180,2.75);
#180 = AXIS2_PLACEMENT_3D('',#181,#182,#183);
#181 = CARTESIAN_POINT('',(-45.,-105.,-70.));
#182 = DIRECTION('',(-1.,0.,0.));
#183 = DIRECTION('',(0.,1.,0.));
#184 = PCURVE('',#32,#185);
#185 = DEFINITIONAL_REPRESENTATION('',(#186),#194);
#186 = ( BOUNDED_CURVE() B_SPLINE_CURVE(2,(#187,#188,#189,#190,#191,#192
,#193),.UNSPECIFIED.,.T.,.F.) B_SPLINE_CURVE_WITH_KNOTS((1,2,2,2,2,1),(
    -2.094395102393,0.,2.094395102393,4.188790204786,6.28318530718,
8.377580409573),.UNSPECIFIED.) CURVE() GEOMETRIC_REPRESENTATION_ITEM() 
RATIONAL_B_SPLINE_CURVE((1.,0.5,1.,0.5,1.,0.5,1.)) REPRESENTATION_ITEM(
  '') );
#187 = CARTESIAN_POINT('',(12.,-9.75));
#188 = CARTESIAN_POINT('',(7.236860279186,-9.75));
#189 = CARTESIAN_POINT('',(9.618430139593,-5.625));
#190 = CARTESIAN_POINT('',(12.,-1.5));
#191 = CARTESIAN_POINT('',(14.381569860407,-5.625));
#192 = CARTESIAN_POINT('',(16.763139720814,-9.75));
#193 = CARTESIAN_POINT('',(12.,-9.75));
#194 = ( GEOMETRIC_REPRESENTATION_CONTEXT(2) 
PARAMETRIC_REPRESENTATION_CONTEXT() REPRESENTATION_CONTEXT('2D SPACE',''
  ) );
#195 = PCURVE('',#196,#201);
#196 = CYLINDRICAL_SURFACE('',#197,2.75);
#197 = AXIS2_PLACEMENT_3D('',#198,#199,#200);
#198 = CARTESIAN_POINT('',(-46.,-105.,-70.));
#199 = DIRECTION('',(-1.,-0.,-0.));
#200 = DIRECTION('',(0.,1.,0.));
#201 = DEFINITIONAL_REPRESENTATION('',(#202),#206);
#202 = LINE('',#203,#204);
#203 = CARTESIAN_POINT('',(-6.28318530718,-1.));
#204 = VECTOR('',#205,1.);
#205 = DIRECTION('',(1.,-0.));
#206 = ( GEOMETRIC_REPRESENTATION_CONTEXT(2) 
PARAMETRIC_REPRESENTATION_CONTEXT() REPRESENTATION_CONTEXT('2D SPACE',''
  ) );
#207 = ADVANCED_FACE('',(#208),#44,.F.);
#208 = FACE_BOUND('',#209,.F.);
#209 = EDGE_LOOP('',(#210,#233,#234,#257));
#210 = ORIENTED_EDGE('',*,*,#211,.F.);
#211 = EDGE_CURVE('',#22,#212,#214,.T.);
#212 = VERTEX_POINT('',#213);
#213 = CARTESIAN_POINT('',(45.,-112.,-82.));
#214 = SURFACE_CURVE('',#215,(#219,#226),.PCURVE_S1.);
#215 = LINE('',#216,#217);
#216 = CARTESIAN_POINT('',(-45.,-112.,-82.));
#217 = VECTOR('',#218,1.);
#218 = DIRECTION('',(1.,0.,0.));
#219 = PCURVE('',#44,#220);
#220 = DEFINITIONAL_REPRESENTATION('',(#221),#225);
#221 = LINE('',#222,#223);
#222 = CARTESIAN_POINT('',(0.,0.));
#223 = VECTOR('',#224,1.);
#224 = DIRECTION('',(0.,1.));
#225 = ( GEOMETRIC_REPRESENTATION_CONTEXT(2) 
PARAMETRIC_REPRESENTATION_CONTEXT() REPRESENTATION_CONTEXT('2D SPACE',''
  ) );
#226 = PCURVE('',#72,#227);
#227 = DEFINITIONAL_REPRESENTATION('',(#228),#232);
#228 = LINE('',#229,#230);
#229 = CARTESIAN_POINT('',(0.,0.));
#230 = VECTOR('',#231,1.);
#231 = DIRECTION('',(1.,0.));
#232 = ( GEOMETRIC_REPRESENTATION_CONTEXT(2) 
PARAMETRIC_REPRESENTATION_CONTEXT() REPRESENTATION_CONTEXT('2D SPACE',''
  ) );
#233 = ORIENTED_EDGE('',*,*,#21,.T.);
#234 = ORIENTED_EDGE('',*,*,#235,.T.);
#235 = EDGE_CURVE('',#24,#236,#238,.T.);
#236 = VERTEX_POINT('',#237);
#237 = CARTESIAN_POINT('',(45.,-112.,-58.));
#238 = SURFACE_CURVE('',#239,(#243,#250),.PCURVE_S1.);
#239 = LINE('',#240,#241);
#240 = CARTESIAN_POINT('',(-45.,-112.,-58.));
#241 = VECTOR('',#242,1.);
#242 = DIRECTION('',(1.,0.,0.));
#243 = PCURVE('',#44,#244);
#244 = DEFINITIONAL_REPRESENTATION('',(#245),#249);
#245 = LINE('',#246,#247);
#246 = CARTESIAN_POINT('',(24.,0.));
#247 = VECTOR('',#248,1.);
#248 = DIRECTION('',(0.,1.));
#249 = ( GEOMETRIC_REPRESENTATION_CONTEXT(2) 
PARAMETRIC_REPRESENTATION_CONTEXT() REPRESENTATION_CONTEXT('2D SPACE',''
  ) );
#250 = PCURVE('',#126,#251);
#251 = DEFINITIONAL_REPRESENTATION('',(#252),#256);
#252 = LINE('',#253,#254);
#253 = CARTESIAN_POINT('',(0.,0.));
#254 = VECTOR('',#255,1.);
#255 = DIRECTION('',(1.,0.));
#256 = ( GEOMETRIC_REPRESENTATION_CONTEXT(2) 
PARAMETRIC_REPRESENTATION_CONTEXT() REPRESENTATION_CONTEXT('2D SPACE',''
  ) );
#257 = ORIENTED_EDGE('',*,*,#258,.F.);
#258 = EDGE_CURVE('',#212,#236,#259,.T.);
#259 = SURFACE_CURVE('',#260,(#264,#271),.PCURVE_S1.);
#260 = LINE('',#261,#262);
#261 = CARTESIAN_POINT('',(45.,-112.,-82.));
#262 = VECTOR('',#263,1.);
#263 = DIRECTION('',(0.,0.,1.));
#264 = PCURVE('',#44,#265);
#265 = DEFINITIONAL_REPRESENTATION('',(#266),#270);
#266 = LINE('',#267,#268);
#267 = CARTESIAN_POINT('',(0.,90.));
#268 = VECTOR('',#269,1.);
#269 = DIRECTION('',(1.,0.));
#270 = ( GEOMETRIC_REPRESENTATION_CONTEXT(2) 
PARAMETRIC_REPRESENTATION_CONTEXT() REPRESENTATION_CONTEXT('2D SPACE',''
  ) );
#271 = PCURVE('',#272,#277);
#272 = PLANE('',#273);
#273 = AXIS2_PLACEMENT_3D('',#274,#275,#276);
#274 = CARTESIAN_POINT('',(45.,-112.,-82.));
#275 = DIRECTION('',(1.,0.,0.));
#276 = DIRECTION('',(0.,0.,1.));
#277 = DEFINITIONAL_REPRESENTATION('',(#278),#282);
#278 = LINE('',#279,#280);
#279 = CARTESIAN_POINT('',(0.,0.));
#280 = VECTOR('',#281,1.);
#281 = DIRECTION('',(1.,0.));
#282 = ( GEOMETRIC_REPRESENTATION_CONTEXT(2) 
PARAMETRIC_REPRESENTATION_CONTEXT() REPRESENTATION_CONTEXT('2D SPACE',''
  ) );
#283 = ADVANCED_FACE('',(#284,#332),#126,.T.);
#284 = FACE_BOUND('',#285,.T.);
#285 = EDGE_LOOP('',(#286,#287,#288,#311));
#286 = ORIENTED_EDGE('',*,*,#112,.F.);
#287 = ORIENTED_EDGE('',*,*,#235,.T.);
#288 = ORIENTED_EDGE('',*,*,#289,.T.);
#289 = EDGE_CURVE('',#236,#290,#292,.T.);
#290 = VERTEX_POINT('',#291);
#291 = CARTESIAN_POINT('',(45.,-68.,-58.));
#292 = SURFACE_CURVE('',#293,(#297,#304),.PCURVE_S1.);
#293 = LINE('',#294,#295);
#294 = CARTESIAN_POINT('',(45.,-112.,-58.));
#295 = VECTOR('',#296,1.);
#296 = DIRECTION('',(0.,1.,0.));
#297 = PCURVE('',#126,#298);
#298 = DEFINITIONAL_REPRESENTATION('',(#299),#303);
#299 = LINE('',#300,#301);
#300 = CARTESIAN_POINT('',(90.,0.));
#301 = VECTOR('',#302,1.);
#302 = DIRECTION('',(0.,1.));
#303 = ( GEOMETRIC_REPRESENTATION_CONTEXT(2) 
PARAMETRIC_REPRESENTATION_CONTEXT() REPRESENTATION_CONTEXT('2D SPACE',''
  ) );
#304 = PCURVE('',#272,#305);
#305 = DEFINITIONAL_REPRESENTATION('',(#306),#310);
#306 = LINE('',#307,#308);
#307 = CARTESIAN_POINT('',(24.,0.));
#308 = VECTOR('',#309,1.);
#309 = DIRECTION('',(0.,-1.));
#310 = ( GEOMETRIC_REPRESENTATION_CONTEXT(2) 
PARAMETRIC_REPRESENTATION_CONTEXT() REPRESENTATION_CONTEXT('2D SPACE',''
  ) );
#311 = ORIENTED_EDGE('',*,*,#312,.F.);
#312 = EDGE_CURVE('',#85,#290,#313,.T.);
#313 = SURFACE_CURVE('',#314,(#318,#325),.PCURVE_S1.);
#314 = LINE('',#315,#316);
#315 = CARTESIAN_POINT('',(-45.,-68.,-58.));
#316 = VECTOR('',#317,1.);
#317 = DIRECTION('',(1.,0.,0.));
#318 = PCURVE('',#126,#319);
#319 = DEFINITIONAL_REPRESENTATION('',(#320),#324);
#320 = LINE('',#321,#322);
#321 = CARTESIAN_POINT('',(0.,44.));
#322 = VECTOR('',#323,1.);
#323 = DIRECTION('',(1.,0.));
#324 = ( GEOMETRIC_REPRESENTATION_CONTEXT(2) 
PARAMETRIC_REPRESENTATION_CONTEXT() REPRESENTATION_CONTEXT('2D SPACE',''
  ) );
#325 = PCURVE('',#100,#326);
#326 = DEFINITIONAL_REPRESENTATION('',(#327),#331);
#327 = LINE('',#328,#329);
#328 = CARTESIAN_POINT('',(24.,0.));
#329 = VECTOR('',#330,1.);
#330 = DIRECTION('',(0.,1.));
#331 = ( GEOMETRIC_REPRESENTATION_CONTEXT(2) 
PARAMETRIC_REPRESENTATION_CONTEXT() REPRESENTATION_CONTEXT('2D SPACE',''
  ) );
#332 = FACE_BOUND('',#333,.T.);
#333 = EDGE_LOOP('',(#334,#362,#395,#421));
#334 = ORIENTED_EDGE('',*,*,#335,.F.);
#335 = EDGE_CURVE('',#336,#338,#340,.T.);
#336 = VERTEX_POINT('',#337);
#337 = CARTESIAN_POINT('',(-6.,-81.,-58.));
#338 = VERTEX_POINT('',#339);
#339 = CARTESIAN_POINT('',(-6.,-99.,-58.));
#340 = SURFACE_CURVE('',#341,(#345,#351),.PCURVE_S1.);
#341 = LINE('',#342,#343);
#342 = CARTESIAN_POINT('',(-6.,-105.5,-58.));
#343 = VECTOR('',#344,1.);
#344 = DIRECTION('',(-1.110223024625E-16,-1.,0.));
#345 = PCURVE('',#126,#346);
#346 = DEFINITIONAL_REPRESENTATION('',(#347),#350);
#347 = B_SPLINE_CURVE_WITH_KNOTS('',1,(#348,#349),.UNSPECIFIED.,.F.,.F.,
  (2,2),(-24.5,-6.5),.PIECEWISE_BEZIER_KNOTS.);
#348 = CARTESIAN_POINT('',(39.,31.));
#349 = CARTESIAN_POINT('',(39.,13.));
#350 = ( GEOMETRIC_REPRESENTATION_CONTEXT(2) 
PARAMETRIC_REPRESENTATION_CONTEXT() REPRESENTATION_CONTEXT('2D SPACE',''
  ) );
#351 = PCURVE('',#352,#357);
#352 = PLANE('',#353);
#353 = AXIS2_PLACEMENT_3D('',#354,#355,#356);
#354 = CARTESIAN_POINT('',(-6.,-99.,-83.));
#355 = DIRECTION('',(-1.,1.110223024625E-16,0.));
#356 = DIRECTION('',(1.110223024625E-16,1.,0.));
#357 = DEFINITIONAL_REPRESENTATION('',(#358),#361);
#358 = B_SPLINE_CURVE_WITH_KNOTS('',1,(#359,#360),.UNSPECIFIED.,.F.,.F.,
  (2,2),(-24.5,-6.5),.PIECEWISE_BEZIER_KNOTS.);
#359 = CARTESIAN_POINT('',(18.,-25.));
#360 = CARTESIAN_POINT('',(0.,-25.));
#361 = ( GEOMETRIC_REPRESENTATION_CONTEXT(2) 
PARAMETRIC_REPRESENTATION_CONTEXT() REPRESENTATION_CONTEXT('2D SPACE',''
  ) );
#362 = ORIENTED_EDGE('',*,*,#363,.T.);
#363 = EDGE_CURVE('',#336,#364,#366,.T.);
#364 = VERTEX_POINT('',#365);
#365 = CARTESIAN_POINT('',(6.,-81.,-58.));
#366 = SURFACE_CURVE('',#367,(#372,#383),.PCURVE_S1.);
#367 = CIRCLE('',#368,6.);
#368 = AXIS2_PLACEMENT_3D('',#369,#370,#371);
#369 = CARTESIAN_POINT('',(9.992007221626E-16,-81.,-58.));
#370 = DIRECTION('',(0.,0.,-1.));
#371 = DIRECTION('',(-1.,1.110223024625E-16,0.));
#372 = PCURVE('',#126,#373);
#373 = DEFINITIONAL_REPRESENTATION('',(#374),#382);
#374 = ( BOUNDED_CURVE() B_SPLINE_CURVE(2,(#375,#376,#377,#378,#379,#380
,#381),.UNSPECIFIED.,.T.,.F.) B_SPLINE_CURVE_WITH_KNOTS((1,2,2,2,2,1),(
    -2.094395102393,0.,2.094395102393,4.188790204786,6.28318530718,
8.377580409573),.UNSPECIFIED.) CURVE() GEOMETRIC_REPRESENTATION_ITEM() 
RATIONAL_B_SPLINE_CURVE((1.,0.5,1.,0.5,1.,0.5,1.)) REPRESENTATION_ITEM(
  '') );
#375 = CARTESIAN_POINT('',(39.,31.));
#376 = CARTESIAN_POINT('',(39.,41.392304845413));
#377 = CARTESIAN_POINT('',(48.,36.196152422707));
#378 = CARTESIAN_POINT('',(57.,31.));
#379 = CARTESIAN_POINT('',(48.,25.803847577293));
#380 = CARTESIAN_POINT('',(39.,20.607695154587));
#381 = CARTESIAN_POINT('',(39.,31.));
#382 = ( GEOMETRIC_REPRESENTATION_CONTEXT(2) 
PARAMETRIC_REPRESENTATION_CONTEXT() REPRESENTATION_CONTEXT('2D SPACE',''
  ) );
#383 = PCURVE('',#384,#389);
#384 = CYLINDRICAL_SURFACE('',#385,6.);
#385 = AXIS2_PLACEMENT_3D('',#386,#387,#388);
#386 = CARTESIAN_POINT('',(9.992007221626E-16,-81.,-83.));
#387 = DIRECTION('',(0.,0.,-1.));
#388 = DIRECTION('',(-1.,1.110223024625E-16,0.));
#389 = DEFINITIONAL_REPRESENTATION('',(#390),#394);
#390 = LINE('',#391,#392);
#391 = CARTESIAN_POINT('',(0.,-25.));
#392 = VECTOR('',#393,1.);
#393 = DIRECTION('',(1.,0.));
#394 = ( GEOMETRIC_REPRESENTATION_CONTEXT(2) 
PARAMETRIC_REPRESENTATION_CONTEXT() REPRESENTATION_CONTEXT('2D SPACE',''
  ) );
#395 = ORIENTED_EDGE('',*,*,#396,.F.);
#396 = EDGE_CURVE('',#397,#364,#399,.T.);
#397 = VERTEX_POINT('',#398);
#398 = CARTESIAN_POINT('',(6.,-99.,-58.));
#399 = SURFACE_CURVE('',#400,(#404,#410),.PCURVE_S1.);
#400 = LINE('',#401,#402);
#401 = CARTESIAN_POINT('',(6.,-96.5,-58.));
#402 = VECTOR('',#403,1.);
#403 = DIRECTION('',(1.110223024625E-16,1.,-0.));
#404 = PCURVE('',#126,#405);
#405 = DEFINITIONAL_REPRESENTATION('',(#406),#409);
#406 = B_SPLINE_CURVE_WITH_KNOTS('',1,(#407,#408),.UNSPECIFIED.,.F.,.F.,
  (2,2),(-2.5,15.5),.PIECEWISE_BEZIER_KNOTS.);
#407 = CARTESIAN_POINT('',(51.,13.));
#408 = CARTESIAN_POINT('',(51.,31.));
#409 = ( GEOMETRIC_REPRESENTATION_CONTEXT(2) 
PARAMETRIC_REPRESENTATION_CONTEXT() REPRESENTATION_CONTEXT('2D SPACE',''
  ) );
#410 = PCURVE('',#411,#416);
#411 = PLANE('',#412);
#412 = AXIS2_PLACEMENT_3D('',#413,#414,#415);
#413 = CARTESIAN_POINT('',(6.,-81.,-83.));
#414 = DIRECTION('',(1.,-1.110223024625E-16,0.));
#415 = DIRECTION('',(-1.110223024625E-16,-1.,0.));
#416 = DEFINITIONAL_REPRESENTATION('',(#417),#420);
#417 = B_SPLINE_CURVE_WITH_KNOTS('',1,(#418,#419),.UNSPECIFIED.,.F.,.F.,
  (2,2),(-2.5,15.5),.PIECEWISE_BEZIER_KNOTS.);
#418 = CARTESIAN_POINT('',(18.,-25.));
#419 = CARTESIAN_POINT('',(0.,-25.));
#420 = ( GEOMETRIC_REPRESENTATION_CONTEXT(2) 
PARAMETRIC_REPRESENTATION_CONTEXT() REPRESENTATION_CONTEXT('2D SPACE',''
  ) );
#421 = ORIENTED_EDGE('',*,*,#422,.T.);
#422 = EDGE_CURVE('',#397,#338,#423,.T.);
#423 = SURFACE_CURVE('',#424,(#429,#440),.PCURVE_S1.);
#424 = CIRCLE('',#425,6.);
#425 = AXIS2_PLACEMENT_3D('',#426,#427,#428);
#426 = CARTESIAN_POINT('',(-9.992007221626E-16,-99.,-58.));
#427 = DIRECTION('',(0.,-0.,-1.));
#428 = DIRECTION('',(1.,-1.110223024625E-16,0.));
#429 = PCURVE('',#126,#430);
#430 = DEFINITIONAL_REPRESENTATION('',(#431),#439);
#431 = ( BOUNDED_CURVE() B_SPLINE_CURVE(2,(#432,#433,#434,#435,#436,#437
,#438),.UNSPECIFIED.,.T.,.F.) B_SPLINE_CURVE_WITH_KNOTS((1,2,2,2,2,1),(
    -2.094395102393,0.,2.094395102393,4.188790204786,6.28318530718,
8.377580409573),.UNSPECIFIED.) CURVE() GEOMETRIC_REPRESENTATION_ITEM() 
RATIONAL_B_SPLINE_CURVE((1.,0.5,1.,0.5,1.,0.5,1.)) REPRESENTATION_ITEM(
  '') );
#432 = CARTESIAN_POINT('',(51.,13.));
#433 = CARTESIAN_POINT('',(51.,2.607695154587));
#434 = CARTESIAN_POINT('',(42.,7.803847577293));
#435 = CARTESIAN_POINT('',(33.,13.));
#436 = CARTESIAN_POINT('',(42.,18.196152422707));
#437 = CARTESIAN_POINT('',(51.,23.392304845413));
#438 = CARTESIAN_POINT('',(51.,13.));
#439 = ( GEOMETRIC_REPRESENTATION_CONTEXT(2) 
PARAMETRIC_REPRESENTATION_CONTEXT() REPRESENTATION_CONTEXT('2D SPACE',''
  ) );
#440 = PCURVE('',#441,#446);
#441 = CYLINDRICAL_SURFACE('',#442,6.);
#442 = AXIS2_PLACEMENT_3D('',#443,#444,#445);
#443 = CARTESIAN_POINT('',(-9.992007221626E-16,-99.,-83.));
#444 = DIRECTION('',(0.,-0.,-1.));
#445 = DIRECTION('',(1.,-1.110223024625E-16,0.));
#446 = DEFINITIONAL_REPRESENTATION('',(#447),#451);
#447 = LINE('',#448,#449);
#448 = CARTESIAN_POINT('',(0.,-25.));
#449 = VECTOR('',#450,1.);
#450 = DIRECTION('',(1.,0.));
#451 = ( GEOMETRIC_REPRESENTATION_CONTEXT(2) 
PARAMETRIC_REPRESENTATION_CONTEXT() REPRESENTATION_CONTEXT('2D SPACE',''
  ) );
#452 = ADVANCED_FACE('',(#453,#501),#72,.F.);
#453 = FACE_BOUND('',#454,.F.);
#454 = EDGE_LOOP('',(#455,#456,#457,#480));
#455 = ORIENTED_EDGE('',*,*,#56,.F.);
#456 = ORIENTED_EDGE('',*,*,#211,.T.);
#457 = ORIENTED_EDGE('',*,*,#458,.T.);
#458 = EDGE_CURVE('',#212,#459,#461,.T.);
#459 = VERTEX_POINT('',#460);
#460 = CARTESIAN_POINT('',(45.,-68.,-82.));
#461 = SURFACE_CURVE('',#462,(#466,#473),.PCURVE_S1.);
#462 = LINE('',#463,#464);
#463 = CARTESIAN_POINT('',(45.,-112.,-82.));
#464 = VECTOR('',#465,1.);
#465 = DIRECTION('',(0.,1.,0.));
#466 = PCURVE('',#72,#467);
#467 = DEFINITIONAL_REPRESENTATION('',(#468),#472);
#468 = LINE('',#469,#470);
#469 = CARTESIAN_POINT('',(90.,0.));
#470 = VECTOR('',#471,1.);
#471 = DIRECTION('',(0.,1.));
#472 = ( GEOMETRIC_REPRESENTATION_CONTEXT(2) 
PARAMETRIC_REPRESENTATION_CONTEXT() REPRESENTATION_CONTEXT('2D SPACE',''
  ) );
#473 = PCURVE('',#272,#474);
#474 = DEFINITIONAL_REPRESENTATION('',(#475),#479);
#475 = LINE('',#476,#477);
#476 = CARTESIAN_POINT('',(0.,0.));
#477 = VECTOR('',#478,1.);
#478 = DIRECTION('',(0.,-1.));
#479 = ( GEOMETRIC_REPRESENTATION_CONTEXT(2) 
PARAMETRIC_REPRESENTATION_CONTEXT() REPRESENTATION_CONTEXT('2D SPACE',''
  ) );
#480 = ORIENTED_EDGE('',*,*,#481,.F.);
#481 = EDGE_CURVE('',#57,#459,#482,.T.);
#482 = SURFACE_CURVE('',#483,(#487,#494),.PCURVE_S1.);
#483 = LINE('',#484,#485);
#484 = CARTESIAN_POINT('',(-45.,-68.,-82.));
#485 = VECTOR('',#486,1.);
#486 = DIRECTION('',(1.,0.,0.));
#487 = PCURVE('',#72,#488);
#488 = DEFINITIONAL_REPRESENTATION('',(#489),#493);
#489 = LINE('',#490,#491);
#490 = CARTESIAN_POINT('',(0.,44.));
#491 = VECTOR('',#492,1.);
#492 = DIRECTION('',(1.,0.));
#493 = ( GEOMETRIC_REPRESENTATION_CONTEXT(2) 
PARAMETRIC_REPRESENTATION_CONTEXT() REPRESENTATION_CONTEXT('2D SPACE',''
  ) );
#494 = PCURVE('',#100,#495);
#495 = DEFINITIONAL_REPRESENTATION('',(#496),#500);
#496 = LINE('',#497,#498);
#497 = CARTESIAN_POINT('',(0.,0.));
#498 = VECTOR('',#499,1.);
#499 = DIRECTION('',(0.,1.));
#500 = ( GEOMETRIC_REPRESENTATION_CONTEXT(2) 
PARAMETRIC_REPRESENTATION_CONTEXT() REPRESENTATION_CONTEXT('2D SPACE',''
  ) );
#501 = FACE_BOUND('',#502,.F.);
#502 = EDGE_LOOP('',(#503,#526,#554,#575));
#503 = ORIENTED_EDGE('',*,*,#504,.F.);
#504 = EDGE_CURVE('',#505,#507,#509,.T.);
#505 = VERTEX_POINT('',#506);
#506 = CARTESIAN_POINT('',(-6.,-81.,-82.));
#507 = VERTEX_POINT('',#508);
#508 = CARTESIAN_POINT('',(-6.,-99.,-82.));
#509 = SURFACE_CURVE('',#510,(#514,#520),.PCURVE_S1.);
#510 = LINE('',#511,#512);
#511 = CARTESIAN_POINT('',(-6.,-105.5,-82.));
#512 = VECTOR('',#513,1.);
#513 = DIRECTION('',(-1.110223024625E-16,-1.,0.));
#514 = PCURVE('',#72,#515);
#515 = DEFINITIONAL_REPRESENTATION('',(#516),#519);
#516 = B_SPLINE_CURVE_WITH_KNOTS('',1,(#517,#518),.UNSPECIFIED.,.F.,.F.,
  (2,2),(-24.5,-6.5),.PIECEWISE_BEZIER_KNOTS.);
#517 = CARTESIAN_POINT('',(39.,31.));
#518 = CARTESIAN_POINT('',(39.,13.));
#519 = ( GEOMETRIC_REPRESENTATION_CONTEXT(2) 
PARAMETRIC_REPRESENTATION_CONTEXT() REPRESENTATION_CONTEXT('2D SPACE',''
  ) );
#520 = PCURVE('',#352,#521);
#521 = DEFINITIONAL_REPRESENTATION('',(#522),#525);
#522 = B_SPLINE_CURVE_WITH_KNOTS('',1,(#523,#524),.UNSPECIFIED.,.F.,.F.,
  (2,2),(-24.5,-6.5),.PIECEWISE_BEZIER_KNOTS.);
#523 = CARTESIAN_POINT('',(18.,-1.));
#524 = CARTESIAN_POINT('',(0.,-1.));
#525 = ( GEOMETRIC_REPRESENTATION_CONTEXT(2) 
PARAMETRIC_REPRESENTATION_CONTEXT() REPRESENTATION_CONTEXT('2D SPACE',''
  ) );
#526 = ORIENTED_EDGE('',*,*,#527,.T.);
#527 = EDGE_CURVE('',#505,#528,#530,.T.);
#528 = VERTEX_POINT('',#529);
#529 = CARTESIAN_POINT('',(6.,-81.,-82.));
#530 = SURFACE_CURVE('',#531,(#536,#547),.PCURVE_S1.);
#531 = CIRCLE('',#532,6.);
#532 = AXIS2_PLACEMENT_3D('',#533,#534,#535);
#533 = CARTESIAN_POINT('',(9.992007221626E-16,-81.,-82.));
#534 = DIRECTION('',(0.,0.,-1.));
#535 = DIRECTION('',(-1.,1.110223024625E-16,0.));
#536 = PCURVE('',#72,#537);
#537 = DEFINITIONAL_REPRESENTATION('',(#538),#546);
#538 = ( BOUNDED_CURVE() B_SPLINE_CURVE(2,(#539,#540,#541,#542,#543,#544
,#545),.UNSPECIFIED.,.T.,.F.) B_SPLINE_CURVE_WITH_KNOTS((1,2,2,2,2,1),(
    -2.094395102393,0.,2.094395102393,4.188790204786,6.28318530718,
8.377580409573),.UNSPECIFIED.) CURVE() GEOMETRIC_REPRESENTATION_ITEM() 
RATIONAL_B_SPLINE_CURVE((1.,0.5,1.,0.5,1.,0.5,1.)) REPRESENTATION_ITEM(
  '') );
#539 = CARTESIAN_POINT('',(39.,31.));
#540 = CARTESIAN_POINT('',(39.,41.392304845413));
#541 = CARTESIAN_POINT('',(48.,36.196152422707));
#542 = CARTESIAN_POINT('',(57.,31.));
#543 = CARTESIAN_POINT('',(48.,25.803847577293));
#544 = CARTESIAN_POINT('',(39.,20.607695154587));
#545 = CARTESIAN_POINT('',(39.,31.));
#546 = ( GEOMETRIC_REPRESENTATION_CONTEXT(2) 
PARAMETRIC_REPRESENTATION_CONTEXT() REPRESENTATION_CONTEXT('2D SPACE',''
  ) );
#547 = PCURVE('',#384,#548);
#548 = DEFINITIONAL_REPRESENTATION('',(#549),#553);
#549 = LINE('',#550,#551);
#550 = CARTESIAN_POINT('',(0.,-1.));
#551 = VECTOR('',#552,1.);
#552 = DIRECTION('',(1.,0.));
#553 = ( GEOMETRIC_REPRESENTATION_CONTEXT(2) 
PARAMETRIC_REPRESENTATION_CONTEXT() REPRESENTATION_CONTEXT('2D SPACE',''
  ) );
#554 = ORIENTED_EDGE('',*,*,#555,.F.);
#555 = EDGE_CURVE('',#556,#528,#558,.T.);
#556 = VERTEX_POINT('',#557);
#557 = CARTESIAN_POINT('',(6.,-99.,-82.));
#558 = SURFACE_CURVE('',#559,(#563,#569),.PCURVE_S1.);
#559 = LINE('',#560,#561);
#560 = CARTESIAN_POINT('',(6.,-96.5,-82.));
#561 = VECTOR('',#562,1.);
#562 = DIRECTION('',(1.110223024625E-16,1.,-0.));
#563 = PCURVE('',#72,#564);
#564 = DEFINITIONAL_REPRESENTATION('',(#565),#568);
#565 = B_SPLINE_CURVE_WITH_KNOTS('',1,(#566,#567),.UNSPECIFIED.,.F.,.F.,
  (2,2),(-2.5,15.5),.PIECEWISE_BEZIER_KNOTS.);
#566 = CARTESIAN_POINT('',(51.,13.));
#567 = CARTESIAN_POINT('',(51.,31.));
#568 = ( GEOMETRIC_REPRESENTATION_CONTEXT(2) 
PARAMETRIC_REPRESENTATION_CONTEXT() REPRESENTATION_CONTEXT('2D SPACE',''
  ) );
#569 = PCURVE('',#411,#570);
#570 = DEFINITIONAL_REPRESENTATION('',(#571),#574);
#571 = B_SPLINE_CURVE_WITH_KNOTS('',1,(#572,#573),.UNSPECIFIED.,.F.,.F.,
  (2,2),(-2.5,15.5),.PIECEWISE_BEZIER_KNOTS.);
#572 = CARTESIAN_POINT('',(18.,-1.));
#573 = CARTESIAN_POINT('',(0.,-1.));
#574 = ( GEOMETRIC_REPRESENTATION_CONTEXT(2) 
PARAMETRIC_REPRESENTATION_CONTEXT() REPRESENTATION_CONTEXT('2D SPACE',''
  ) );
#575 = ORIENTED_EDGE('',*,*,#576,.T.);
#576 = EDGE_CURVE('',#556,#507,#577,.T.);
#577 = SURFACE_CURVE('',#578,(#583,#594),.PCURVE_S1.);
#578 = CIRCLE('',#579,6.);
#579 = AXIS2_PLACEMENT_3D('',#580,#581,#582);
#580 = CARTESIAN_POINT('',(-9.992007221626E-16,-99.,-82.));
#581 = DIRECTION('',(0.,-0.,-1.));
#582 = DIRECTION('',(1.,-1.110223024625E-16,0.));
#583 = PCURVE('',#72,#584);
#584 = DEFINITIONAL_REPRESENTATION('',(#585),#593);
#585 = ( BOUNDED_CURVE() B_SPLINE_CURVE(2,(#586,#587,#588,#589,#590,#591
,#592),.UNSPECIFIED.,.T.,.F.) B_SPLINE_CURVE_WITH_KNOTS((1,2,2,2,2,1),(
    -2.094395102393,0.,2.094395102393,4.188790204786,6.28318530718,
8.377580409573),.UNSPECIFIED.) CURVE() GEOMETRIC_REPRESENTATION_ITEM() 
RATIONAL_B_SPLINE_CURVE((1.,0.5,1.,0.5,1.,0.5,1.)) REPRESENTATION_ITEM(
  '') );
#586 = CARTESIAN_POINT('',(51.,13.));
#587 = CARTESIAN_POINT('',(51.,2.607695154587));
#588 = CARTESIAN_POINT('',(42.,7.803847577293));
#589 = CARTESIAN_POINT('',(33.,13.));
#590 = CARTESIAN_POINT('',(42.,18.196152422707));
#591 = CARTESIAN_POINT('',(51.,23.392304845413));
#592 = CARTESIAN_POINT('',(51.,13.));
#593 = ( GEOMETRIC_REPRESENTATION_CONTEXT(2) 
PARAMETRIC_REPRESENTATION_CONTEXT() REPRESENTATION_CONTEXT('2D SPACE',''
  ) );
#594 = PCURVE('',#441,#595);
#595 = DEFINITIONAL_REPRESENTATION('',(#596),#600);
#596 = LINE('',#597,#598);
#597 = CARTESIAN_POINT('',(0.,-1.));
#598 = VECTOR('',#599,1.);
#599 = DIRECTION('',(1.,0.));
#600 = ( GEOMETRIC_REPRESENTATION_CONTEXT(2) 
PARAMETRIC_REPRESENTATION_CONTEXT() REPRESENTATION_CONTEXT('2D SPACE',''
  ) );
#601 = ADVANCED_FACE('',(#602),#100,.T.);
#602 = FACE_BOUND('',#603,.T.);
#603 = EDGE_LOOP('',(#604,#605,#606,#607));
#604 = ORIENTED_EDGE('',*,*,#481,.F.);
#605 = ORIENTED_EDGE('',*,*,#84,.T.);
#606 = ORIENTED_EDGE('',*,*,#312,.T.);
#607 = ORIENTED_EDGE('',*,*,#608,.F.);
#608 = EDGE_CURVE('',#459,#290,#609,.T.);
#609 = SURFACE_CURVE('',#610,(#614,#621),.PCURVE_S1.);
#610 = LINE('',#611,#612);
#611 = CARTESIAN_POINT('',(45.,-68.,-82.));
#612 = VECTOR('',#613,1.);
#613 = DIRECTION('',(0.,0.,1.));
#614 = PCURVE('',#100,#615);
#615 = DEFINITIONAL_REPRESENTATION('',(#616),#620);
#616 = LINE('',#617,#618);
#617 = CARTESIAN_POINT('',(0.,90.));
#618 = VECTOR('',#619,1.);
#619 = DIRECTION('',(1.,0.));
#620 = ( GEOMETRIC_REPRESENTATION_CONTEXT(2) 
PARAMETRIC_REPRESENTATION_CONTEXT() REPRESENTATION_CONTEXT('2D SPACE',''
  ) );
#621 = PCURVE('',#272,#622);
#622 = DEFINITIONAL_REPRESENTATION('',(#623),#627);
#623 = LINE('',#624,#625);
#624 = CARTESIAN_POINT('',(0.,-44.));
#625 = VECTOR('',#626,1.);
#626 = DIRECTION('',(1.,0.));
#627 = ( GEOMETRIC_REPRESENTATION_CONTEXT(2) 
PARAMETRIC_REPRESENTATION_CONTEXT() REPRESENTATION_CONTEXT('2D SPACE',''
  ) );
#628 = ADVANCED_FACE('',(#629,#682),#161,.F.);
#629 = FACE_BOUND('',#630,.T.);
#630 = EDGE_LOOP('',(#631,#632,#655,#681));
#631 = ORIENTED_EDGE('',*,*,#140,.T.);
#632 = ORIENTED_EDGE('',*,*,#633,.T.);
#633 = EDGE_CURVE('',#141,#634,#636,.T.);
#634 = VERTEX_POINT('',#635);
#635 = CARTESIAN_POINT('',(45.,-72.25,-70.));
#636 = SEAM_CURVE('',#637,(#641,#648),.PCURVE_S1.);
#637 = LINE('',#638,#639);
#638 = CARTESIAN_POINT('',(-46.,-72.25,-70.));
#639 = VECTOR('',#640,1.);
#640 = DIRECTION('',(1.,0.,0.));
#641 = PCURVE('',#161,#642);
#642 = DEFINITIONAL_REPRESENTATION('',(#643),#647);
#643 = LINE('',#644,#645);
#644 = CARTESIAN_POINT('',(-6.28318530718,0.));
#645 = VECTOR('',#646,1.);
#646 = DIRECTION('',(-0.,-1.));
#647 = ( GEOMETRIC_REPRESENTATION_CONTEXT(2) 
PARAMETRIC_REPRESENTATION_CONTEXT() REPRESENTATION_CONTEXT('2D SPACE',''
  ) );
#648 = PCURVE('',#161,#649);
#649 = DEFINITIONAL_REPRESENTATION('',(#650),#654);
#650 = LINE('',#651,#652);
#651 = CARTESIAN_POINT('',(-0.,0.));
#652 = VECTOR('',#653,1.);
#653 = DIRECTION('',(-0.,-1.));
#654 = ( GEOMETRIC_REPRESENTATION_CONTEXT(2) 
PARAMETRIC_REPRESENTATION_CONTEXT() REPRESENTATION_CONTEXT('2D SPACE',''
  ) );
#655 = ORIENTED_EDGE('',*,*,#656,.F.);
#656 = EDGE_CURVE('',#634,#634,#657,.T.);
#657 = SURFACE_CURVE('',#658,(#663,#670),.PCURVE_S1.);
#658 = CIRCLE('',#659,2.75);
#659 = AXIS2_PLACEMENT_3D('',#660,#661,#662);
#660 = CARTESIAN_POINT('',(45.,-75.,-70.));
#661 = DIRECTION('',(-1.,0.,0.));
#662 = DIRECTION('',(0.,1.,0.));
#663 = PCURVE('',#161,#664);
#664 = DEFINITIONAL_REPRESENTATION('',(#665),#669);
#665 = LINE('',#666,#667);
#666 = CARTESIAN_POINT('',(-6.28318530718,-91.));
#667 = VECTOR('',#668,1.);
#668 = DIRECTION('',(1.,-0.));
#669 = ( GEOMETRIC_REPRESENTATION_CONTEXT(2) 
PARAMETRIC_REPRESENTATION_CONTEXT() REPRESENTATION_CONTEXT('2D SPACE',''
  ) );
#670 = PCURVE('',#272,#671);
#671 = DEFINITIONAL_REPRESENTATION('',(#672),#680);
#672 = ( BOUNDED_CURVE() B_SPLINE_CURVE(2,(#673,#674,#675,#676,#677,#678
,#679),.UNSPECIFIED.,.T.,.F.) B_SPLINE_CURVE_WITH_KNOTS((1,2,2,2,2,1),(
    -2.094395102393,0.,2.094395102393,4.188790204786,6.28318530718,
8.377580409573),.UNSPECIFIED.) CURVE() GEOMETRIC_REPRESENTATION_ITEM() 
RATIONAL_B_SPLINE_CURVE((1.,0.5,1.,0.5,1.,0.5,1.)) REPRESENTATION_ITEM(
  '') );
#673 = CARTESIAN_POINT('',(12.,-39.75));
#674 = CARTESIAN_POINT('',(7.236860279186,-39.75));
#675 = CARTESIAN_POINT('',(9.618430139593,-35.625));
#676 = CARTESIAN_POINT('',(12.,-31.5));
#677 = CARTESIAN_POINT('',(14.381569860407,-35.625));
#678 = CARTESIAN_POINT('',(16.763139720814,-39.75));
#679 = CARTESIAN_POINT('',(12.,-39.75));
#680 = ( GEOMETRIC_REPRESENTATION_CONTEXT(2) 
PARAMETRIC_REPRESENTATION_CONTEXT() REPRESENTATION_CONTEXT('2D SPACE',''
  ) );
#681 = ORIENTED_EDGE('',*,*,#633,.F.);
#682 = FACE_BOUND('',#683,.T.);
#683 = EDGE_LOOP('',(#684));
#684 = ORIENTED_EDGE('',*,*,#685,.T.);
#685 = EDGE_CURVE('',#686,#686,#688,.T.);
#686 = VERTEX_POINT('',#687);
#687 = CARTESIAN_POINT('',(8.881784197001E-16,-75.,-72.75));
#688 = SURFACE_CURVE('',#689,(#896,#1106),.PCURVE_S1.);
#689 = B_SPLINE_CURVE_WITH_KNOTS('',7,(#690,#691,#692,#693,#694,#695,
    #696,#697,#698,#699,#700,#701,#702,#703,#704,#705,#706,#707,#708,
    #709,#710,#711,#712,#713,#714,#715,#716,#717,#718,#719,#720,#721,
    #722,#723,#724,#725,#726,#727,#728,#729,#730,#731,#732,#733,#734,
    #735,#736,#737,#738,#739,#740,#741,#742,#743,#744,#745,#746,#747,
    #748,#749,#750,#751,#752,#753,#754,#755,#756,#757,#758,#759,#760,
    #761,#762,#763,#764,#765,#766,#767,#768,#769,#770,#771,#772,#773,
    #774,#775,#776,#777,#778,#779,#780,#781,#782,#783,#784,#785,#786,
    #787,#788,#789,#790,#791,#792,#793,#794,#795,#796,#797,#798,#799,
    #800,#801,#802,#803,#804,#805,#806,#807,#808,#809,#810,#811,#812,
    #813,#814,#815,#816,#817,#818,#819,#820,#821,#822,#823,#824,#825,
    #826,#827,#828,#829,#830,#831,#832,#833,#834,#835,#836,#837,#838,
    #839,#840,#841,#842,#843,#844,#845,#846,#847,#848,#849,#850,#851,
    #852,#853,#854,#855,#856,#857,#858,#859,#860,#861,#862,#863,#864,
    #865,#866,#867,#868,#869,#870,#871,#872,#873,#874,#875,#876,#877,
    #878,#879,#880,#881,#882,#883,#884,#885,#886,#887,#888,#889,#890,
    #891,#892,#893,#894,#895),.UNSPECIFIED.,.T.,.F.,(8,6,6,6,6,6,6,6,6,6
    ,6,6,6,6,6,6,6,6,6,6,6,6,6,6,6,6,6,6,6,6,6,6,6,6,8),(0.,
    7.815247508028E-02,0.123488093223,0.154749090222,0.178832557427,
    0.199221343969,0.210760081219,0.223235557947,0.250068552846,
    0.277166250876,0.289702590231,0.300756592448,0.321311568212,
    0.34489281852,0.375941478762,0.400225156934,0.420002694148,
    0.500000017362,0.579997340622,0.599774876748,0.624058552251,
    0.655107207101,0.678688454846,0.699243428376,0.710297428952,
    0.722833765956,0.749931458906,0.776764448773,0.789239923159,
    0.800778659179,0.821167445249,0.845250911895,0.876511909594,
    0.921847526727,1.),.UNSPECIFIED.);
#690 = CARTESIAN_POINT('',(8.881784197001E-16,-75.,-72.75));
#691 = CARTESIAN_POINT('',(0.319489246742,-75.,-72.75));
#692 = CARTESIAN_POINT('',(0.638904974501,-75.01984769931,
    -72.75000022213));
#693 = CARTESIAN_POINT('',(0.957540641959,-75.05952596114,-72.7499990199
    ));
#694 = CARTESIAN_POINT('',(1.274596443202,-75.11917097573,
    -72.74910001386));
#695 = CARTESIAN_POINT('',(1.589123747425,-75.19900204513,
    -72.74548619398));
#696 = CARTESIAN_POINT('',(1.899914086136,-75.29928173032,
    -72.73639371224));
#697 = CARTESIAN_POINT('',(2.382528676532,-75.49002236922,
    -72.70691684226));
#698 = CARTESIAN_POINT('',(2.558131496804,-75.56701347844,-72.6928632985
    ));
#699 = CARTESIAN_POINT('',(2.731666578073,-75.65093345026,
    -72.67477641686));
#700 = CARTESIAN_POINT('',(2.902602596127,-75.74167314537,
    -72.65171135252));
#701 = CARTESIAN_POINT('',(3.070359720116,-75.83902996139,
    -72.62257313917));
#702 = CARTESIAN_POINT('',(3.23430563769,-75.94266356245,-72.58609677675
    ));
#703 = CARTESIAN_POINT('',(3.503703123661,-76.12744010674,-72.5095897535
    ));
#704 = CARTESIAN_POINT('',(3.611610359528,-76.20564394168,
    -72.47415059345));
#705 = CARTESIAN_POINT('',(3.716905087469,-76.28623449259,
    -72.43409805976));
#706 = CARTESIAN_POINT('',(3.819105817208,-76.36875430437,
    -72.38904349359));
#707 = CARTESIAN_POINT('',(3.917808842689,-76.45269525609,
    -72.33861684434));
#708 = CARTESIAN_POINT('',(4.012675633869,-76.53750016664,
    -72.28247529083));
#709 = CARTESIAN_POINT('',(4.173329850021,-76.68809787285,-72.1724211669
    ));
#710 = CARTESIAN_POINT('',(4.24072395241,-76.75372028213,-72.1210039588)
  );
#711 = CARTESIAN_POINT('',(4.30536012509,-76.81904194418,-72.06601359378
    ));
#712 = CARTESIAN_POINT('',(4.367048855106,-76.88366236299,
    -72.00745158598));
#713 = CARTESIAN_POINT('',(4.425649171562,-76.9471813121,-71.94536988267
    ));
#714 = CARTESIAN_POINT('',(4.481064290051,-77.00920991602,
    -71.87987313891));
#715 = CARTESIAN_POINT('',(4.577406291368,-77.12032249933,
    -71.75291621496));
#716 = CARTESIAN_POINT('',(4.619226195263,-77.16990326754,
    -71.69241146593));
#717 = CARTESIAN_POINT('',(4.658677156589,-77.21791628111,
    -71.62969433249));
#718 = CARTESIAN_POINT('',(4.695754448503,-77.26416257353,
    -71.56487819274));
#719 = CARTESIAN_POINT('',(4.730466510549,-77.3084561049,-71.49810249005
    ));
#720 = CARTESIAN_POINT('',(4.762833029691,-77.3506278998,-71.42953300744
    ));
#721 = CARTESIAN_POINT('',(4.809889377139,-77.41311230341,
    -71.31964996133));
#722 = CARTESIAN_POINT('',(4.826156787569,-77.43497160658,-71.2794178224
    ));
#723 = CARTESIAN_POINT('',(4.841694270215,-77.45608622669,
    -71.23869060888));
#724 = CARTESIAN_POINT('',(4.856510894388,-77.47643585823,
    -71.19749465178));
#725 = CARTESIAN_POINT('',(4.870615781141,-77.49600175826,
    -71.15585772958));
#726 = CARTESIAN_POINT('',(4.884018103262,-77.51476674634,
    -71.11380906819));
#727 = CARTESIAN_POINT('',(4.910467809753,-77.55212075728,-71.0255050774
    ));
#728 = CARTESIAN_POINT('',(4.923398170859,-77.57057214816,
    -70.97918479584));
#729 = CARTESIAN_POINT('',(4.935532259504,-77.58805324464,
    -70.93244890133));
#730 = CARTESIAN_POINT('',(4.946883379829,-77.60454955965,
    -70.88532865337));
#731 = CARTESIAN_POINT('',(4.957464049213,-77.62004825169,
    -70.83785616595));
#732 = CARTESIAN_POINT('',(4.967285998271,-77.6345381248,-70.79006440759
    ));
#733 = CARTESIAN_POINT('',(4.99587743916,-77.67698493756,-70.63857989586
    ));
#734 = CARTESIAN_POINT('',(5.011931925014,-77.70124415977,
    -70.53386971097));
#735 = CARTESIAN_POINT('',(5.024648741807,-77.72071729499,
    -70.42811847333));
#736 = CARTESIAN_POINT('',(5.034121981288,-77.73535310551,
    -70.32158985048));
#737 = CARTESIAN_POINT('',(5.040414924125,-77.74511884708,
    -70.21454916232));
#738 = CARTESIAN_POINT('',(5.043560250458,-77.75,-70.10726319251));
#739 = CARTESIAN_POINT('',(5.043560250458,-77.75,-69.89167867353));
#740 = CARTESIAN_POINT('',(5.04035255935,-77.74502206468,-69.78333339749
    ));
#741 = CARTESIAN_POINT('',(5.033934750012,-77.7350625481,-69.67524064939
    ));
#742 = CARTESIAN_POINT('',(5.024272844176,-77.72013657171,
    -69.56767554048));
#743 = CARTESIAN_POINT('',(5.011301093336,-77.70027830337,
    -69.46091161429));
#744 = CARTESIAN_POINT('',(4.99492175967,-77.67554123632,-69.35522064511
    ));
#745 = CARTESIAN_POINT('',(4.965790662229,-77.6323309542,-69.20259731916
    ));
#746 = CARTESIAN_POINT('',(4.955820073648,-77.61763599928,
    -69.15461360773));
#747 = CARTESIAN_POINT('',(4.945081968195,-77.60192346964,
    -69.10695576619));
#748 = CARTESIAN_POINT('',(4.93356439806,-77.58520492469,-69.05965736745
    ));
#749 = CARTESIAN_POINT('',(4.921254630633,-77.56749361702,
    -69.01275109338));
#750 = CARTESIAN_POINT('',(4.908139148501,-77.54880449243,
    -68.96626873488));
#751 = CARTESIAN_POINT('',(4.881915928684,-77.51182740236,
    -68.87965609364));
#752 = CARTESIAN_POINT('',(4.868990650381,-77.49375319181,
    -68.83942449239));
#753 = CARTESIAN_POINT('',(4.855419712382,-77.47494546239,
    -68.79957327205));
#754 = CARTESIAN_POINT('',(4.84119506037,-77.45541943597,-68.76012809188
    ));
#755 = CARTESIAN_POINT('',(4.826308687868,-77.43519165218,-68.7211133864
    ));
#756 = CARTESIAN_POINT('',(4.810752636243,-77.41427996834,
    -68.68255236542));
#757 = CARTESIAN_POINT('',(4.76433245214,-77.35258211287,-68.5736471009)
  );
#758 = CARTESIAN_POINT('',(4.731792835446,-77.31014849756,
    -68.50444801168));
#759 = CARTESIAN_POINT('',(4.696870077196,-77.26555338384,
    -68.43706738947));
#760 = CARTESIAN_POINT('',(4.659543665722,-77.21896939732,
    -68.37167543673));
#761 = CARTESIAN_POINT('',(4.61980463966,-77.17058682052,-68.30841519826
    ));
#762 = CARTESIAN_POINT('',(4.57765758249,-77.12060929435,-68.24740284436
    ));
#763 = CARTESIAN_POINT('',(4.482030843554,-77.01032813169,
    -68.12141445773));
#764 = CARTESIAN_POINT('',(4.427829733905,-76.94962596397,
    -68.05722108511));
#765 = CARTESIAN_POINT('',(4.370573166671,-76.88748756174,
    -67.99629851848));
#766 = CARTESIAN_POINT('',(4.310351717098,-76.82427815186,
    -67.93874669037));
#767 = CARTESIAN_POINT('',(4.247296596872,-76.76037361274,
    -67.88461681933));
#768 = CARTESIAN_POINT('',(4.181583593833,-76.69615044438,
    -67.83391344605));
#769 = CARTESIAN_POINT('',(4.023710638075,-76.54747900383,
    -67.72429575519));
#770 = CARTESIAN_POINT('',(3.929882489604,-76.46317712881,
    -67.66794758421));
#771 = CARTESIAN_POINT('',(3.832232096446,-76.37967030634,
    -67.61726050574));
#772 = CARTESIAN_POINT('',(3.731091732497,-76.29751355189,
    -67.57190563743));
#773 = CARTESIAN_POINT('',(3.62685892929,-76.21721472849,-67.53152529714
    ));
#774 = CARTESIAN_POINT('',(3.520008989903,-76.13923257193,
    -67.49574163492));
#775 = CARTESIAN_POINT('',(3.325933822469,-76.0051142841,-67.43946885608
    ));
#776 = CARTESIAN_POINT('',(3.239403188185,-75.94784968734,
    -67.41731649773));
#777 = CARTESIAN_POINT('',(3.15163274839,-75.89228016467,-67.3974904708)
  );
#778 = CARTESIAN_POINT('',(3.062739713177,-75.83848846513,
    -67.37978659984));
#779 = CARTESIAN_POINT('',(2.972841070069,-75.78654246537,
    -67.36401357317));
#780 = CARTESIAN_POINT('',(2.882053299756,-75.73649678727,
    -67.34999226324));
#781 = CARTESIAN_POINT('',(2.715921214024,-75.64921804188,
    -67.32742571183));
#782 = CARTESIAN_POINT('',(2.640821277043,-75.61132224197,
    -67.31834496181));
#783 = CARTESIAN_POINT('',(2.565233463953,-75.57472015419,
    -67.31022034327));
#784 = CARTESIAN_POINT('',(2.48919662966,-75.53942129986,-67.30296595303
    ));
#785 = CARTESIAN_POINT('',(2.412747223517,-75.50543211492,
    -67.29650203447));
#786 = CARTESIAN_POINT('',(2.335919211935,-75.47275648157,-67.2907545738
    ));
#787 = CARTESIAN_POINT('',(1.946581256686,-75.31454862724,
    -67.26502742691));
#788 = CARTESIAN_POINT('',(1.628498674647,-75.20912504172,
    -67.25498210683));
#789 = CARTESIAN_POINT('',(1.30629485821,-75.12519841434,-67.25099193941
    ));
#790 = CARTESIAN_POINT('',(0.981383889631,-75.06253075027,
    -67.25000162503));
#791 = CARTESIAN_POINT('',(0.654823641749,-75.02084624153,
    -67.24999961081));
#792 = CARTESIAN_POINT('',(0.327427293976,-75.,-67.25));
#793 = CARTESIAN_POINT('',(-0.327427294166,-75.,-67.25));
#794 = CARTESIAN_POINT('',(-0.654823641493,-75.02084624155,
    -67.24999961081));
#795 = CARTESIAN_POINT('',(-0.981383889564,-75.06253075021,
    -67.25000162504));
#796 = CARTESIAN_POINT('',(-1.306294858376,-75.12519841436,
    -67.25099193939));
#797 = CARTESIAN_POINT('',(-1.628498674767,-75.20912504179,
    -67.25498210685));
#798 = CARTESIAN_POINT('',(-1.946581256537,-75.31454862718,
    -67.2650274269));
#799 = CARTESIAN_POINT('',(-2.335919207683,-75.47275647984,
    -67.29075457352));
#800 = CARTESIAN_POINT('',(-2.412747223082,-75.50543211458,
    -67.29650203434));
#801 = CARTESIAN_POINT('',(-2.489196633031,-75.5394213013,
    -67.30296595329));
#802 = CARTESIAN_POINT('',(-2.565233467257,-75.57472015585,
    -67.31022034368));
#803 = CARTESIAN_POINT('',(-2.640821276553,-75.61132224188,
    -67.31834496184));
#804 = CARTESIAN_POINT('',(-2.715921209936,-75.64921803973,
    -67.32742571127));
#805 = CARTESIAN_POINT('',(-2.882053299749,-75.73649678727,
    -67.34999226324));
#806 = CARTESIAN_POINT('',(-2.972841070068,-75.78654246537,
    -67.36401357317));
#807 = CARTESIAN_POINT('',(-3.062739713182,-75.83848846513,
    -67.37978659984));
#808 = CARTESIAN_POINT('',(-3.151632748396,-75.89228016468,
    -67.3974904708));
#809 = CARTESIAN_POINT('',(-3.239403188184,-75.94784968734,
    -67.41731649773));
#810 = CARTESIAN_POINT('',(-3.325933822462,-76.0051142841,
    -67.43946885608));
#811 = CARTESIAN_POINT('',(-3.520008982967,-76.13923256714,
    -67.49574163291));
#812 = CARTESIAN_POINT('',(-3.626858935782,-76.21721473385,
    -67.53152530041));
#813 = CARTESIAN_POINT('',(-3.731091738112,-76.29751355584,
    -67.57190563914));
#814 = CARTESIAN_POINT('',(-3.83223209161,-76.37967030184,
    -67.61726050249));
#815 = CARTESIAN_POINT('',(-3.929882482932,-76.46317712352,
    -67.66794758122));
#816 = CARTESIAN_POINT('',(-4.023710643905,-76.54747900932,
    -67.72429575924));
#817 = CARTESIAN_POINT('',(-4.181583593833,-76.69615044438,
    -67.83391344605));
#818 = CARTESIAN_POINT('',(-4.247296596872,-76.76037361274,
    -67.88461681933));
#819 = CARTESIAN_POINT('',(-4.310351717098,-76.82427815186,
    -67.93874669037));
#820 = CARTESIAN_POINT('',(-4.370573166671,-76.88748756174,
    -67.99629851848));
#821 = CARTESIAN_POINT('',(-4.427829733905,-76.94962596397,
    -68.05722108511));
#822 = CARTESIAN_POINT('',(-4.482030843554,-77.01032813169,
    -68.12141445773));
#823 = CARTESIAN_POINT('',(-4.57765758249,-77.12060929435,
    -68.24740284436));
#824 = CARTESIAN_POINT('',(-4.61980463966,-77.17058682052,
    -68.30841519826));
#825 = CARTESIAN_POINT('',(-4.659543665722,-77.21896939732,
    -68.37167543673));
#826 = CARTESIAN_POINT('',(-4.696870077196,-77.26555338384,
    -68.43706738947));
#827 = CARTESIAN_POINT('',(-4.731792835446,-77.31014849756,
    -68.50444801168));
#828 = CARTESIAN_POINT('',(-4.76433245214,-77.35258211287,-68.5736471009
    ));
#829 = CARTESIAN_POINT('',(-4.810752635596,-77.41427996748,
    -68.6825523639));
#830 = CARTESIAN_POINT('',(-4.826308687721,-77.435191652,-68.72111338626
    ));
#831 = CARTESIAN_POINT('',(-4.841195060786,-77.45541943655,
    -68.76012809313));
#832 = CARTESIAN_POINT('',(-4.855419712865,-77.47494546304,
    -68.79957327328));
#833 = CARTESIAN_POINT('',(-4.868990650402,-77.49375319182,
    -68.83942449219));
#834 = CARTESIAN_POINT('',(-4.881915928205,-77.51182740168,
    -68.87965609206));
#835 = CARTESIAN_POINT('',(-4.908139148501,-77.54880449242,
    -68.96626873488));
#836 = CARTESIAN_POINT('',(-4.921254630633,-77.56749361702,
    -69.01275109338));
#837 = CARTESIAN_POINT('',(-4.93356439806,-77.58520492469,
    -69.05965736745));
#838 = CARTESIAN_POINT('',(-4.945081968195,-77.60192346964,
    -69.10695576619));
#839 = CARTESIAN_POINT('',(-4.955820073648,-77.61763599928,
    -69.15461360773));
#840 = CARTESIAN_POINT('',(-4.965790662229,-77.6323309542,
    -69.20259731916));
#841 = CARTESIAN_POINT('',(-4.99492175967,-77.67554123632,
    -69.35522064511));
#842 = CARTESIAN_POINT('',(-5.011301093336,-77.70027830337,
    -69.46091161429));
#843 = CARTESIAN_POINT('',(-5.024272844176,-77.72013657171,
    -69.56767554048));
#844 = CARTESIAN_POINT('',(-5.033934750012,-77.7350625481,
    -69.67524064939));
#845 = CARTESIAN_POINT('',(-5.04035255935,-77.74502206468,
    -69.78333339749));
#846 = CARTESIAN_POINT('',(-5.043560250458,-77.75,-69.89167867353));
#847 = CARTESIAN_POINT('',(-5.043560250458,-77.75,-70.10726319251));
#848 = CARTESIAN_POINT('',(-5.040414924125,-77.74511884708,
    -70.21454916232));
#849 = CARTESIAN_POINT('',(-5.034121981288,-77.73535310551,
    -70.32158985048));
#850 = CARTESIAN_POINT('',(-5.024648741807,-77.72071729499,
    -70.42811847333));
#851 = CARTESIAN_POINT('',(-5.011931925014,-77.70124415977,
    -70.53386971097));
#852 = CARTESIAN_POINT('',(-4.99587743916,-77.67698493756,
    -70.63857989586));
#853 = CARTESIAN_POINT('',(-4.967285998273,-77.6345381248,
    -70.79006440757));
#854 = CARTESIAN_POINT('',(-4.957464049213,-77.62004825169,
    -70.83785616595));
#855 = CARTESIAN_POINT('',(-4.946883379826,-77.60454955965,
    -70.88532865338));
#856 = CARTESIAN_POINT('',(-4.935532259501,-77.58805324464,
    -70.93244890134));
#857 = CARTESIAN_POINT('',(-4.92339817086,-77.57057214816,
    -70.97918479584));
#858 = CARTESIAN_POINT('',(-4.910467809756,-77.55212075728,
    -71.02550507739));
#859 = CARTESIAN_POINT('',(-4.884018102226,-77.51476674488,
    -71.11380907164));
#860 = CARTESIAN_POINT('',(-4.870615781195,-77.49600175828,
    -71.15585773002));
#861 = CARTESIAN_POINT('',(-4.856510895444,-77.47643585966,
    -71.1974946491));
#862 = CARTESIAN_POINT('',(-4.841694271118,-77.45608622794,
    -71.23869060613));
#863 = CARTESIAN_POINT('',(-4.826156787241,-77.43497160619,
    -71.2794178227));
#864 = CARTESIAN_POINT('',(-4.809889375721,-77.41311230153,
    -71.31964996464));
#865 = CARTESIAN_POINT('',(-4.762833029691,-77.3506278998,
    -71.42953300744));
#866 = CARTESIAN_POINT('',(-4.730466510549,-77.3084561049,
    -71.49810249005));
#867 = CARTESIAN_POINT('',(-4.695754448503,-77.26416257353,
    -71.56487819274));
#868 = CARTESIAN_POINT('',(-4.658677156589,-77.21791628111,
    -71.62969433249));
#869 = CARTESIAN_POINT('',(-4.619226195263,-77.16990326754,
    -71.69241146593));
#870 = CARTESIAN_POINT('',(-4.577406291368,-77.12032249933,
    -71.75291621496));
#871 = CARTESIAN_POINT('',(-4.481064290051,-77.00920991602,
    -71.87987313891));
#872 = CARTESIAN_POINT('',(-4.425649171562,-76.9471813121,
    -71.94536988267));
#873 = CARTESIAN_POINT('',(-4.367048855106,-76.88366236299,
    -72.00745158598));
#874 = CARTESIAN_POINT('',(-4.30536012509,-76.81904194418,
    -72.06601359378));
#875 = CARTESIAN_POINT('',(-4.24072395241,-76.75372028213,-72.1210039588
    ));
#876 = CARTESIAN_POINT('',(-4.173329850021,-76.68809787285,
    -72.1724211669));
#877 = CARTESIAN_POINT('',(-4.012675629732,-76.53750016276,
    -72.28247529366));
#878 = CARTESIAN_POINT('',(-3.917808847405,-76.45269525981,
    -72.33861684226));
#879 = CARTESIAN_POINT('',(-3.819105820621,-76.36875430754,
    -72.38904349132));
#880 = CARTESIAN_POINT('',(-3.716905083481,-76.28623448981,
    -72.43409806096));
#881 = CARTESIAN_POINT('',(-3.611610354923,-76.20564393789,
    -72.47415059574));
#882 = CARTESIAN_POINT('',(-3.503703128571,-76.1274401101,
    -72.50958975211));
#883 = CARTESIAN_POINT('',(-3.23430563769,-75.94266356245,
    -72.58609677675));
#884 = CARTESIAN_POINT('',(-3.070359720116,-75.83902996139,
    -72.62257313917));
#885 = CARTESIAN_POINT('',(-2.902602596127,-75.74167314537,
    -72.65171135252));
#886 = CARTESIAN_POINT('',(-2.731666578073,-75.65093345026,
    -72.67477641686));
#887 = CARTESIAN_POINT('',(-2.558131496804,-75.56701347844,
    -72.6928632985));
#888 = CARTESIAN_POINT('',(-2.382528676532,-75.49002236922,
    -72.70691684226));
#889 = CARTESIAN_POINT('',(-1.899914086401,-75.29928173042,
    -72.73639371223));
#890 = CARTESIAN_POINT('',(-1.589123747119,-75.19900204497,
    -72.74548619401));
#891 = CARTESIAN_POINT('',(-1.274596443033,-75.11917097577,
    -72.74910001383));
#892 = CARTESIAN_POINT('',(-0.957540642172,-75.0595259612,
    -72.74999901991));
#893 = CARTESIAN_POINT('',(-0.638904974705,-75.01984769929,
    -72.75000022213));
#894 = CARTESIAN_POINT('',(-0.319489246536,-75.,-72.75));
#895 = CARTESIAN_POINT('',(8.881784197001E-16,-75.,-72.75));
#896 = PCURVE('',#161,#897);
#897 = DEFINITIONAL_REPRESENTATION('',(#898),#1105);
#898 = B_SPLINE_CURVE_WITH_KNOTS('',7,(#899,#900,#901,#902,#903,#904,
    #905,#906,#907,#908,#909,#910,#911,#912,#913,#914,#915,#916,#917,
    #918,#919,#920,#921,#922,#923,#924,#925,#926,#927,#928,#929,#930,
    #931,#932,#933,#934,#935,#936,#937,#938,#939,#940,#941,#942,#943,
    #944,#945,#946,#947,#948,#949,#950,#951,#952,#953,#954,#955,#956,
    #957,#958,#959,#960,#961,#962,#963,#964,#965,#966,#967,#968,#969,
    #970,#971,#972,#973,#974,#975,#976,#977,#978,#979,#980,#981,#982,
    #983,#984,#985,#986,#987,#988,#989,#990,#991,#992,#993,#994,#995,
    #996,#997,#998,#999,#1000,#1001,#1002,#1003,#1004,#1005,#1006,#1007,
    #1008,#1009,#1010,#1011,#1012,#1013,#1014,#1015,#1016,#1017,#1018,
    #1019,#1020,#1021,#1022,#1023,#1024,#1025,#1026,#1027,#1028,#1029,
    #1030,#1031,#1032,#1033,#1034,#1035,#1036,#1037,#1038,#1039,#1040,
    #1041,#1042,#1043,#1044,#1045,#1046,#1047,#1048,#1049,#1050,#1051,
    #1052,#1053,#1054,#1055,#1056,#1057,#1058,#1059,#1060,#1061,#1062,
    #1063,#1064,#1065,#1066,#1067,#1068,#1069,#1070,#1071,#1072,#1073,
    #1074,#1075,#1076,#1077,#1078,#1079,#1080,#1081,#1082,#1083,#1084,
    #1085,#1086,#1087,#1088,#1089,#1090,#1091,#1092,#1093,#1094,#1095,
    #1096,#1097,#1098,#1099,#1100,#1101,#1102,#1103,#1104),
  .UNSPECIFIED.,.T.,.F.,(8,6,6,6,6,6,6,6,6,6,6,6,6,6,6,6,6,6,6,6,6,6,6,6
    ,6,6,6,6,6,6,6,6,6,6,8),(0.,7.815247508028E-02,0.123488093223,
    0.154749090222,0.178832557427,0.199221343969,0.210760081219,
    0.223235557947,0.250068552846,0.277166250876,0.289702590231,
    0.300756592448,0.321311568212,0.34489281852,0.375941478762,
    0.400225156934,0.420002694148,0.500000017362,0.579997340622,
    0.599774876748,0.624058552251,0.655107207101,0.678688454846,
    0.699243428376,0.710297428952,0.722833765956,0.749931458906,
    0.776764448773,0.789239923159,0.800778659179,0.821167445249,
    0.845250911895,0.876511909594,0.921847526727,1.),.UNSPECIFIED.);
#899 = CARTESIAN_POINT('',(-4.712388980385,-46.));
#900 = CARTESIAN_POINT('',(-4.712388980385,-46.31948924674));
#901 = CARTESIAN_POINT('',(-4.705171736957,-46.6389049745));
#902 = CARTESIAN_POINT('',(-4.690742754246,-46.95754064195));
#903 = CARTESIAN_POINT('',(-4.669055015975,-47.2745964432));
#904 = CARTESIAN_POINT('',(-4.640022917933,-47.58912374742));
#905 = CARTESIAN_POINT('',(-4.603480291571,-47.89991408613));
#906 = CARTESIAN_POINT('',(-4.533296704979,-48.38252867653));
#907 = CARTESIAN_POINT('',(-4.504847804463,-48.5581314968));
#908 = CARTESIAN_POINT('',(-4.473657319112,-48.73166657807));
#909 = CARTESIAN_POINT('',(-4.439656839933,-48.90260259612));
#910 = CARTESIAN_POINT('',(-4.402763996898,-49.07035972011));
#911 = CARTESIAN_POINT('',(-4.36287128803,-49.23430563769));
#912 = CARTESIAN_POINT('',(-4.290147928203,-49.50370312366));
#913 = CARTESIAN_POINT('',(-4.258943349306,-49.61161035952));
#914 = CARTESIAN_POINT('',(-4.2262525069,-49.71690508746));
#915 = CARTESIAN_POINT('',(-4.192112407423,-49.8191058172));
#916 = CARTESIAN_POINT('',(-4.156556628609,-49.91780884268));
#917 = CARTESIAN_POINT('',(-4.119612975218,-50.01267563386));
#918 = CARTESIAN_POINT('',(-4.051785698901,-50.17332985002));
#919 = CARTESIAN_POINT('',(-4.021487424246,-50.24072395241));
#920 = CARTESIAN_POINT('',(-3.990469098925,-50.30536012509));
#921 = CARTESIAN_POINT('',(-3.958796134858,-50.3670488551));
#922 = CARTESIAN_POINT('',(-3.926536211111,-50.42564917156));
#923 = CARTESIAN_POINT('',(-3.893758917231,-50.48106429005));
#924 = CARTESIAN_POINT('',(-3.832408745824,-50.57740629136));
#925 = CARTESIAN_POINT('',(-3.803978406227,-50.61922619526));
#926 = CARTESIAN_POINT('',(-3.775281882146,-50.65867715658));
#927 = CARTESIAN_POINT('',(-3.746357821728,-50.6957544485));
#928 = CARTESIAN_POINT('',(-3.717246660881,-50.73046651054));
#929 = CARTESIAN_POINT('',(-3.687991267259,-50.76283302969));
#930 = CARTESIAN_POINT('',(-3.642025294194,-50.80988937713));
#931 = CARTESIAN_POINT('',(-3.625378600108,-50.82615678756));
#932 = CARTESIAN_POINT('',(-3.608701739087,-50.84169427021));
#933 = CARTESIAN_POINT('',(-3.591999072915,-50.85651089438));
#934 = CARTESIAN_POINT('',(-3.575275088054,-50.87061578114));
#935 = CARTESIAN_POINT('',(-3.558534395644,-50.88401810326));
#936 = CARTESIAN_POINT('',(-3.523669050096,-50.91046780975));
#937 = CARTESIAN_POINT('',(-3.505542197158,-50.92339817085));
#938 = CARTESIAN_POINT('',(-3.487403873835,-50.9355322595));
#939 = CARTESIAN_POINT('',(-3.469256842008,-50.94688337982));
#940 = CARTESIAN_POINT('',(-3.451103924297,-50.95746404921));
#941 = CARTESIAN_POINT('',(-3.432948004061,-50.96728599827));
#942 = CARTESIAN_POINT('',(-3.375741070185,-50.99587743916));
#943 = CARTESIAN_POINT('',(-3.336696626778,-51.01193192501));
#944 = CARTESIAN_POINT('',(-3.297659967128,-51.0246487418));
#945 = CARTESIAN_POINT('',(-3.258631339973,-51.03412198128));
#946 = CARTESIAN_POINT('',(-3.219610535642,-51.04041492412));
#947 = CARTESIAN_POINT('',(-3.180597450868,-51.04356025045));
#948 = CARTESIAN_POINT('',(-3.102203080329,-51.04356025045));
#949 = CARTESIAN_POINT('',(-3.062804792988,-51.04035255935));
#950 = CARTESIAN_POINT('',(-3.023398524913,-51.03393475001));
#951 = CARTESIAN_POINT('',(-2.983984290736,-51.02427284417));
#952 = CARTESIAN_POINT('',(-2.944561986387,-51.01130109333));
#953 = CARTESIAN_POINT('',(-2.905131989104,-50.99492175967));
#954 = CARTESIAN_POINT('',(-2.847451182485,-50.96579066222));
#955 = CARTESIAN_POINT('',(-2.829206815541,-50.95582007364));
#956 = CARTESIAN_POINT('',(-2.810965709975,-50.94508196819));
#957 = CARTESIAN_POINT('',(-2.792730856028,-50.93356439806));
#958 = CARTESIAN_POINT('',(-2.774505180821,-50.92125463063));
#959 = CARTESIAN_POINT('',(-2.756291548352,-50.9081391485));
#960 = CARTESIAN_POINT('',(-2.722045854048,-50.88191592868));
#961 = CARTESIAN_POINT('',(-2.706010477636,-50.86899065038));
#962 = CARTESIAN_POINT('',(-2.689990800533,-50.85541971238));
#963 = CARTESIAN_POINT('',(-2.673990887474,-50.84119506037));
#964 = CARTESIAN_POINT('',(-2.658014697653,-50.82630868786));
#965 = CARTESIAN_POINT('',(-2.642066084727,-50.81075263624));
#966 = CARTESIAN_POINT('',(-2.596550515496,-50.76433245214));
#967 = CARTESIAN_POINT('',(-2.567050639025,-50.73179283544));
#968 = CARTESIAN_POINT('',(-2.53769622313,-50.69687007719));
#969 = CARTESIAN_POINT('',(-2.508531138425,-50.65954366572));
#970 = CARTESIAN_POINT('',(-2.479596742437,-50.61980463966));
#971 = CARTESIAN_POINT('',(-2.450932551649,-50.57765758249));
#972 = CARTESIAN_POINT('',(-2.39004652247,-50.48203084355));
#973 = CARTESIAN_POINT('',(-2.357943441722,-50.4278297339));
#974 = CARTESIAN_POINT('',(-2.326334841028,-50.37057316667));
#975 = CARTESIAN_POINT('',(-2.295286383525,-50.31035171709));
#976 = CARTESIAN_POINT('',(-2.264861921654,-50.24729659687));
#977 = CARTESIAN_POINT('',(-2.23512319306,-50.18158359383));
#978 = CARTESIAN_POINT('',(-2.167954491785,-50.02371063807));
#979 = CARTESIAN_POINT('',(-2.131121088488,-49.9298824896));
#980 = CARTESIAN_POINT('',(-2.09565106457,-49.83223209644));
#981 = CARTESIAN_POINT('',(-2.061573897667,-49.73109173249));
#982 = CARTESIAN_POINT('',(-2.028924570992,-49.62685892929));
#983 = CARTESIAN_POINT('',(-1.997741359247,-49.5200089899));
#984 = CARTESIAN_POINT('',(-1.944852152403,-49.32593382246));
#985 = CARTESIAN_POINT('',(-1.922533698183,-49.23940318818));
#986 = CARTESIAN_POINT('',(-1.901090579373,-49.15163274839));
#987 = CARTESIAN_POINT('',(-1.880508320986,-49.06273971317));
#988 = CARTESIAN_POINT('',(-1.860774816206,-48.97284107006));
#989 = CARTESIAN_POINT('',(-1.841879497045,-48.88205329975));
#990 = CARTESIAN_POINT('',(-1.809098069851,-48.71592121402));
#991 = CARTESIAN_POINT('',(-1.794929915733,-48.64082127704));
#992 = CARTESIAN_POINT('',(-1.781299072837,-48.56523346395));
#993 = CARTESIAN_POINT('',(-1.768197577784,-48.48919662966));
#994 = CARTESIAN_POINT('',(-1.755618317257,-48.41274722351));
#995 = CARTESIAN_POINT('',(-1.743554871629,-48.33591921193));
#996 = CARTESIAN_POINT('',(-1.685269042712,-47.94658125668));
#997 = CARTESIAN_POINT('',(-1.646843795269,-47.62849867464));
#998 = CARTESIAN_POINT('',(-1.616321899833,-47.30629485821));
#999 = CARTESIAN_POINT('',(-1.593535290829,-46.98138388963));
#1000 = CARTESIAN_POINT('',(-1.578376655555,-46.65482364174));
#1001 = CARTESIAN_POINT('',(-1.570796326795,-46.32742729397));
#1002 = CARTESIAN_POINT('',(-1.570796326795,-45.67257270583));
#1003 = CARTESIAN_POINT('',(-1.578376655563,-45.3451763585));
#1004 = CARTESIAN_POINT('',(-1.593535290805,-45.01861611043));
#1005 = CARTESIAN_POINT('',(-1.616321899842,-44.69370514162));
#1006 = CARTESIAN_POINT('',(-1.646843795295,-44.37150132523));
#1007 = CARTESIAN_POINT('',(-1.68526904269,-44.05341874346));
#1008 = CARTESIAN_POINT('',(-1.743554870992,-43.66408079231));
#1009 = CARTESIAN_POINT('',(-1.755618317126,-43.58725277691));
#1010 = CARTESIAN_POINT('',(-1.768197578314,-43.51080336696));
#1011 = CARTESIAN_POINT('',(-1.781299073461,-43.43476653274));
#1012 = CARTESIAN_POINT('',(-1.794929915704,-43.35917872344));
#1013 = CARTESIAN_POINT('',(-1.809098069044,-43.28407879006));
#1014 = CARTESIAN_POINT('',(-1.841879497044,-43.11794670025));
#1015 = CARTESIAN_POINT('',(-1.860774816206,-43.02715892993));
#1016 = CARTESIAN_POINT('',(-1.880508320987,-42.93726028681));
#1017 = CARTESIAN_POINT('',(-1.901090579374,-42.8483672516));
#1018 = CARTESIAN_POINT('',(-1.922533698183,-42.76059681181));
#1019 = CARTESIAN_POINT('',(-1.944852152401,-42.67406617753));
#1020 = CARTESIAN_POINT('',(-1.997741357357,-42.47999101703));
#1021 = CARTESIAN_POINT('',(-2.028924573288,-42.37314106421));
#1022 = CARTESIAN_POINT('',(-2.061573899231,-42.26890826188));
#1023 = CARTESIAN_POINT('',(-2.09565106255,-42.16776790839));
#1024 = CARTESIAN_POINT('',(-2.131121086267,-42.07011751706));
#1025 = CARTESIAN_POINT('',(-2.167954494265,-41.97628935609));
#1026 = CARTESIAN_POINT('',(-2.23512319306,-41.81841640616));
#1027 = CARTESIAN_POINT('',(-2.264861921654,-41.75270340312));
#1028 = CARTESIAN_POINT('',(-2.295286383525,-41.6896482829));
#1029 = CARTESIAN_POINT('',(-2.326334841028,-41.62942683332));
#1030 = CARTESIAN_POINT('',(-2.357943441722,-41.57217026609));
#1031 = CARTESIAN_POINT('',(-2.39004652247,-41.51796915644));
#1032 = CARTESIAN_POINT('',(-2.450932551649,-41.42234241751));
#1033 = CARTESIAN_POINT('',(-2.479596742437,-41.38019536034));
#1034 = CARTESIAN_POINT('',(-2.508531138425,-41.34045633427));
#1035 = CARTESIAN_POINT('',(-2.53769622313,-41.3031299228));
#1036 = CARTESIAN_POINT('',(-2.567050639025,-41.26820716455));
#1037 = CARTESIAN_POINT('',(-2.596550515496,-41.23566754786));
#1038 = CARTESIAN_POINT('',(-2.642066084093,-41.1892473644));
#1039 = CARTESIAN_POINT('',(-2.658014697579,-41.17369131227));
#1040 = CARTESIAN_POINT('',(-2.673990887976,-41.15880493921));
#1041 = CARTESIAN_POINT('',(-2.689990801039,-41.14458028713));
#1042 = CARTESIAN_POINT('',(-2.70601047757,-41.13100934959));
#1043 = CARTESIAN_POINT('',(-2.722045853423,-41.11808407179));
#1044 = CARTESIAN_POINT('',(-2.756291548352,-41.09186085149));
#1045 = CARTESIAN_POINT('',(-2.774505180821,-41.07874536936));
#1046 = CARTESIAN_POINT('',(-2.792730856028,-41.06643560194));
#1047 = CARTESIAN_POINT('',(-2.810965709975,-41.0549180318));
#1048 = CARTESIAN_POINT('',(-2.829206815541,-41.04417992635));
#1049 = CARTESIAN_POINT('',(-2.847451182485,-41.03420933777));
#1050 = CARTESIAN_POINT('',(-2.905131989104,-41.00507824033));
#1051 = CARTESIAN_POINT('',(-2.944561986387,-40.98869890666));
#1052 = CARTESIAN_POINT('',(-2.983984290736,-40.97572715582));
#1053 = CARTESIAN_POINT('',(-3.023398524913,-40.96606524998));
#1054 = CARTESIAN_POINT('',(-3.062804792988,-40.95964744065));
#1055 = CARTESIAN_POINT('',(-3.102203080329,-40.95643974954));
#1056 = CARTESIAN_POINT('',(-3.180597450868,-40.95643974954));
#1057 = CARTESIAN_POINT('',(-3.219610535642,-40.95958507587));
#1058 = CARTESIAN_POINT('',(-3.258631339973,-40.96587801871));
#1059 = CARTESIAN_POINT('',(-3.297659967128,-40.97535125819));
#1060 = CARTESIAN_POINT('',(-3.336696626778,-40.98806807498));
#1061 = CARTESIAN_POINT('',(-3.375741070185,-41.00412256084));
#1062 = CARTESIAN_POINT('',(-3.432948004056,-41.03271400172));
#1063 = CARTESIAN_POINT('',(-3.451103924297,-41.04253595078));
#1064 = CARTESIAN_POINT('',(-3.469256842012,-41.05311662017));
#1065 = CARTESIAN_POINT('',(-3.487403873839,-41.06446774049));
#1066 = CARTESIAN_POINT('',(-3.505542197158,-41.07660182914));
#1067 = CARTESIAN_POINT('',(-3.523669050091,-41.08953219024));
#1068 = CARTESIAN_POINT('',(-3.558534397009,-41.11598189777));
#1069 = CARTESIAN_POINT('',(-3.575275088196,-41.1293842188));
#1070 = CARTESIAN_POINT('',(-3.59199907181,-41.14348910455));
#1071 = CARTESIAN_POINT('',(-3.608701737989,-41.15830572888));
#1072 = CARTESIAN_POINT('',(-3.62537860027,-41.17384321275));
#1073 = CARTESIAN_POINT('',(-3.642025295578,-41.19011062427));
#1074 = CARTESIAN_POINT('',(-3.687991267259,-41.2371669703));
#1075 = CARTESIAN_POINT('',(-3.717246660881,-41.26953348945));
#1076 = CARTESIAN_POINT('',(-3.746357821728,-41.30424555149));
#1077 = CARTESIAN_POINT('',(-3.775281882146,-41.34132284341));
#1078 = CARTESIAN_POINT('',(-3.803978406227,-41.38077380473));
#1079 = CARTESIAN_POINT('',(-3.832408745824,-41.42259370863));
#1080 = CARTESIAN_POINT('',(-3.893758917231,-41.51893570994));
#1081 = CARTESIAN_POINT('',(-3.926536211111,-41.57435082843));
#1082 = CARTESIAN_POINT('',(-3.958796134858,-41.63295114489));
#1083 = CARTESIAN_POINT('',(-3.990469098925,-41.69463987491));
#1084 = CARTESIAN_POINT('',(-4.021487424246,-41.75927604759));
#1085 = CARTESIAN_POINT('',(-4.051785698901,-41.82667014997));
#1086 = CARTESIAN_POINT('',(-4.119612976965,-41.98732437026));
#1087 = CARTESIAN_POINT('',(-4.15655662705,-42.08219115259));
#1088 = CARTESIAN_POINT('',(-4.192112406006,-42.18089417937));
#1089 = CARTESIAN_POINT('',(-4.226252508003,-42.28309491651));
#1090 = CARTESIAN_POINT('',(-4.258943350924,-42.38838964507));
#1091 = CARTESIAN_POINT('',(-4.290147926878,-42.49629687142));
#1092 = CARTESIAN_POINT('',(-4.36287128803,-42.76569436231));
#1093 = CARTESIAN_POINT('',(-4.402763996898,-42.92964027988));
#1094 = CARTESIAN_POINT('',(-4.439656839933,-43.09739740387));
#1095 = CARTESIAN_POINT('',(-4.473657319112,-43.26833342192));
#1096 = CARTESIAN_POINT('',(-4.504847804463,-43.44186850319));
#1097 = CARTESIAN_POINT('',(-4.533296704979,-43.61747132346));
#1098 = CARTESIAN_POINT('',(-4.603480291533,-44.10008591359));
#1099 = CARTESIAN_POINT('',(-4.640022917992,-44.41087625288));
#1100 = CARTESIAN_POINT('',(-4.669055015962,-44.72540355696));
#1101 = CARTESIAN_POINT('',(-4.690742754227,-45.04245935782));
#1102 = CARTESIAN_POINT('',(-4.705171736966,-45.36109502529));
#1103 = CARTESIAN_POINT('',(-4.712388980385,-45.68051075346));
#1104 = CARTESIAN_POINT('',(-4.712388980385,-46.));
#1105 = ( GEOMETRIC_REPRESENTATION_CONTEXT(2) 
PARAMETRIC_REPRESENTATION_CONTEXT() REPRESENTATION_CONTEXT('2D SPACE',''
  ) );
#1106 = PCURVE('',#384,#1107);
#1107 = DEFINITIONAL_REPRESENTATION('',(#1108),#1315);
#1108 = B_SPLINE_CURVE_WITH_KNOTS('',7,(#1109,#1110,#1111,#1112,#1113,
    #1114,#1115,#1116,#1117,#1118,#1119,#1120,#1121,#1122,#1123,#1124,
    #1125,#1126,#1127,#1128,#1129,#1130,#1131,#1132,#1133,#1134,#1135,
    #1136,#1137,#1138,#1139,#1140,#1141,#1142,#1143,#1144,#1145,#1146,
    #1147,#1148,#1149,#1150,#1151,#1152,#1153,#1154,#1155,#1156,#1157,
    #1158,#1159,#1160,#1161,#1162,#1163,#1164,#1165,#1166,#1167,#1168,
    #1169,#1170,#1171,#1172,#1173,#1174,#1175,#1176,#1177,#1178,#1179,
    #1180,#1181,#1182,#1183,#1184,#1185,#1186,#1187,#1188,#1189,#1190,
    #1191,#1192,#1193,#1194,#1195,#1196,#1197,#1198,#1199,#1200,#1201,
    #1202,#1203,#1204,#1205,#1206,#1207,#1208,#1209,#1210,#1211,#1212,
    #1213,#1214,#1215,#1216,#1217,#1218,#1219,#1220,#1221,#1222,#1223,
    #1224,#1225,#1226,#1227,#1228,#1229,#1230,#1231,#1232,#1233,#1234,
    #1235,#1236,#1237,#1238,#1239,#1240,#1241,#1242,#1243,#1244,#1245,
    #1246,#1247,#1248,#1249,#1250,#1251,#1252,#1253,#1254,#1255,#1256,
    #1257,#1258,#1259,#1260,#1261,#1262,#1263,#1264,#1265,#1266,#1267,
    #1268,#1269,#1270,#1271,#1272,#1273,#1274,#1275,#1276,#1277,#1278,
    #1279,#1280,#1281,#1282,#1283,#1284,#1285,#1286,#1287,#1288,#1289,
    #1290,#1291,#1292,#1293,#1294,#1295,#1296,#1297,#1298,#1299,#1300,
    #1301,#1302,#1303,#1304,#1305,#1306,#1307,#1308,#1309,#1310,#1311,
    #1312,#1313,#1314),.UNSPECIFIED.,.T.,.F.,(8,6,6,6,6,6,6,6,6,6,6,6,6,
    6,6,6,6,6,6,6,6,6,6,6,6,6,6,6,6,6,6,6,6,6,8),(0.,7.815247508028E-02,
    0.123488093223,0.154749090222,0.178832557427,0.199221343969,
    0.210760081219,0.223235557947,0.250068552846,0.277166250876,
    0.289702590231,0.300756592448,0.321311568212,0.34489281852,
    0.375941478762,0.400225156934,0.420002694148,0.500000017362,
    0.579997340622,0.599774876748,0.624058552251,0.655107207101,
    0.678688454846,0.699243428376,0.710297428952,0.722833765956,
    0.749931458906,0.776764448773,0.789239923159,0.800778659179,
    0.821167445249,0.845250911895,0.876511909594,0.921847526727,1.),
  .UNSPECIFIED.);
#1109 = CARTESIAN_POINT('',(1.570796326795,-10.25));
#1110 = CARTESIAN_POINT('',(1.624044534585,-10.25));
#1111 = CARTESIAN_POINT('',(1.677280511801,-10.24999977786));
#1112 = CARTESIAN_POINT('',(1.730632936006,-10.2500009801));
#1113 = CARTESIAN_POINT('',(1.784215172378,-10.25089998613));
#1114 = CARTESIAN_POINT('',(1.838125332538,-10.25451380601));
#1115 = CARTESIAN_POINT('',(1.89244094828,-10.26360628775));
#1116 = CARTESIAN_POINT('',(1.978930966039,-10.29308315774));
#1117 = CARTESIAN_POINT('',(2.010865855507,-10.30713670149));
#1118 = CARTESIAN_POINT('',(2.04295706176,-10.32522358313));
#1119 = CARTESIAN_POINT('',(2.075170346331,-10.34828864747));
#1120 = CARTESIAN_POINT('',(2.107460128506,-10.37742686082));
#1121 = CARTESIAN_POINT('',(2.13976308375,-10.41390322324));
#1122 = CARTESIAN_POINT('',(2.194209126552,-10.49041024649));
#1123 = CARTESIAN_POINT('',(2.216412608322,-10.52584940654));
#1124 = CARTESIAN_POINT('',(2.238500038073,-10.56590194023));
#1125 = CARTESIAN_POINT('',(2.260379740599,-10.6109565064));
#1126 = CARTESIAN_POINT('',(2.281963969759,-10.66138315565));
#1127 = CARTESIAN_POINT('',(2.303165772629,-10.71752470916));
#1128 = CARTESIAN_POINT('',(2.339866304823,-10.82757883309));
#1129 = CARTESIAN_POINT('',(2.355540985968,-10.87899604119));
#1130 = CARTESIAN_POINT('',(2.370852776798,-10.93398640621));
#1131 = CARTESIAN_POINT('',(2.385738384943,-10.99254841401));
#1132 = CARTESIAN_POINT('',(2.400138872005,-11.05463011732));
#1133 = CARTESIAN_POINT('',(2.414000179631,-11.12012686108));
#1134 = CARTESIAN_POINT('',(2.438510827763,-11.24708378503));
#1135 = CARTESIAN_POINT('',(2.449320250805,-11.30758853406));
#1136 = CARTESIAN_POINT('',(2.459675943296,-11.37030566751));
#1137 = CARTESIAN_POINT('',(2.469553825917,-11.43512180725));
#1138 = CARTESIAN_POINT('',(2.478932142912,-11.50189750994));
#1139 = CARTESIAN_POINT('',(2.487791883564,-11.57046699255));
#1140 = CARTESIAN_POINT('',(2.500828797533,-11.68035003866));
#1141 = CARTESIAN_POINT('',(2.505370074319,-11.72058217759));
#1142 = CARTESIAN_POINT('',(2.509739187322,-11.76130939111));
#1143 = CARTESIAN_POINT('',(2.513934460239,-11.80250534821));
#1144 = CARTESIAN_POINT('',(2.517954387175,-11.84414227042));
#1145 = CARTESIAN_POINT('',(2.521797632649,-11.8861909318));
#1146 = CARTESIAN_POINT('',(2.52942599549,-11.97449492259));
#1147 = CARTESIAN_POINT('',(2.53318113065,-12.02081520415));
#1148 = CARTESIAN_POINT('',(2.5367276883,-12.06755109866));
#1149 = CARTESIAN_POINT('',(2.540065036668,-12.11467134662));
#1150 = CARTESIAN_POINT('',(2.543192660975,-12.16214383404));
#1151 = CARTESIAN_POINT('',(2.54611016344,-12.2099355924));
#1152 = CARTESIAN_POINT('',(2.554639854078,-12.36142010413));
#1153 = CARTESIAN_POINT('',(2.559488122674,-12.46613028902));
#1154 = CARTESIAN_POINT('',(2.563364304772,-12.57188152666));
#1155 = CARTESIAN_POINT('',(2.566269988882,-12.67841014951));
#1156 = CARTESIAN_POINT('',(2.568206299701,-12.78545083767));
#1157 = CARTESIAN_POINT('',(2.569174081497,-12.89273680748));
#1158 = CARTESIAN_POINT('',(2.569174081497,-13.10832132646));
#1159 = CARTESIAN_POINT('',(2.568187111372,-13.2166666025));
#1160 = CARTESIAN_POINT('',(2.5662123785,-13.3247593506));
#1161 = CARTESIAN_POINT('',(2.563249010084,-13.43232445951));
#1162 = CARTESIAN_POINT('',(2.559295858126,-13.5390883857));
#1163 = CARTESIAN_POINT('',(2.554351304392,-13.64477935488));
#1164 = CARTESIAN_POINT('',(2.545665829098,-13.79740268084));
#1165 = CARTESIAN_POINT('',(2.542706133806,-13.84538639226));
#1166 = CARTESIAN_POINT('',(2.539534281476,-13.8930442338));
#1167 = CARTESIAN_POINT('',(2.536150696349,-13.94034263254));
#1168 = CARTESIAN_POINT('',(2.532555924944,-13.98724890661));
#1169 = CARTESIAN_POINT('',(2.528750636053,-14.03373126511));
#1170 = CARTESIAN_POINT('',(2.521195353781,-14.12034390635));
#1171 = CARTESIAN_POINT('',(2.517492002903,-14.1605755076));
#1172 = CARTESIAN_POINT('',(2.513626612527,-14.20042672794));
#1173 = CARTESIAN_POINT('',(2.509600371085,-14.23987190812));
#1174 = CARTESIAN_POINT('',(2.505414611026,-14.27888661359));
#1175 = CARTESIAN_POINT('',(2.501070808819,-14.31744763458));
#1176 = CARTESIAN_POINT('',(2.488202394795,-14.42635289909));
#1177 = CARTESIAN_POINT('',(2.479290477099,-14.49555198831));
#1178 = CARTESIAN_POINT('',(2.469850951283,-14.56293261052));
#1179 = CARTESIAN_POINT('',(2.459903209536,-14.62832456327));
#1180 = CARTESIAN_POINT('',(2.44946947815,-14.69158480173));
#1181 = CARTESIAN_POINT('',(2.43857437886,-14.75259715563));
#1182 = CARTESIAN_POINT('',(2.414246521008,-14.87858554226));
#1183 = CARTESIAN_POINT('',(2.400684790225,-14.94277891488));
#1184 = CARTESIAN_POINT('',(2.386605076189,-15.00370148151));
#1185 = CARTESIAN_POINT('',(2.372058151557,-15.06125330963));
#1186 = CARTESIAN_POINT('',(2.357099299312,-15.11538318066));
#1187 = CARTESIAN_POINT('',(2.341787828786,-15.16608655394));
#1188 = CARTESIAN_POINT('',(2.305644953587,-15.2757042448));
#1189 = CARTESIAN_POINT('',(2.284627854851,-15.33205241578));
#1190 = CARTESIAN_POINT('',(2.263223792002,-15.38273949425));
#1191 = CARTESIAN_POINT('',(2.241519199294,-15.42809436256));
#1192 = CARTESIAN_POINT('',(2.219601489547,-15.46847470285));
#1193 = CARTESIAN_POINT('',(2.197562094976,-15.50425836507));
#1194 = CARTESIAN_POINT('',(2.15824398855,-15.56053114391));
#1195 = CARTESIAN_POINT('',(2.14095362818,-15.58268350226));
#1196 = CARTESIAN_POINT('',(2.123645487589,-15.60250952919));
#1197 = CARTESIAN_POINT('',(2.10633495054,-15.62021340016));
#1198 = CARTESIAN_POINT('',(2.089036006541,-15.63598642682));
#1199 = CARTESIAN_POINT('',(2.071761533502,-15.65000773675));
#1200 = CARTESIAN_POINT('',(2.040484345637,-15.67257428816));
#1201 = CARTESIAN_POINT('',(2.026466313934,-15.68165503818));
#1202 = CARTESIAN_POINT('',(2.012472056805,-15.68977965672));
#1203 = CARTESIAN_POINT('',(1.998503591397,-15.69703404696));
#1204 = CARTESIAN_POINT('',(1.98456242121,-15.70349796552));
#1205 = CARTESIAN_POINT('',(1.970649576819,-15.70924542619));
#1206 = CARTESIAN_POINT('',(1.900607175263,-15.73497257308));
#1207 = CARTESIAN_POINT('',(1.84487884302,-15.74501789316));
#1208 = CARTESIAN_POINT('',(1.789573671988,-15.74900806058));
#1209 = CARTESIAN_POINT('',(1.734625739276,-15.74999837496));
#1210 = CARTESIAN_POINT('',(1.679933603273,-15.75000038918));
#1211 = CARTESIAN_POINT('',(1.625367542458,-15.75));
#1212 = CARTESIAN_POINT('',(1.5162251111,-15.75));
#1213 = CARTESIAN_POINT('',(1.461659050359,-15.75000038918));
#1214 = CARTESIAN_POINT('',(1.406966914325,-15.74999837495));
#1215 = CARTESIAN_POINT('',(1.352018981576,-15.7490080606));
#1216 = CARTESIAN_POINT('',(1.296713810547,-15.74501789314));
#1217 = CARTESIAN_POINT('',(1.240985478354,-15.73497257309));
#1218 = CARTESIAN_POINT('',(1.170943077536,-15.70924542647));
#1219 = CARTESIAN_POINT('',(1.157030232469,-15.70349796565));
#1220 = CARTESIAN_POINT('',(1.143089061582,-15.6970340467));
#1221 = CARTESIAN_POINT('',(1.129120596168,-15.68977965631));
#1222 = CARTESIAN_POINT('',(1.115126339736,-15.68165503815));
#1223 = CARTESIAN_POINT('',(1.101108308722,-15.67257428872));
#1224 = CARTESIAN_POINT('',(1.069831120089,-15.65000773675));
#1225 = CARTESIAN_POINT('',(1.052556647049,-15.63598642682));
#1226 = CARTESIAN_POINT('',(1.035257703048,-15.62021340015));
#1227 = CARTESIAN_POINT('',(1.017947166,-15.60250952919));
#1228 = CARTESIAN_POINT('',(1.00063902541,-15.58268350226));
#1229 = CARTESIAN_POINT('',(0.983348665041,-15.56053114391));
#1230 = CARTESIAN_POINT('',(0.944030560019,-15.50425836708));
#1231 = CARTESIAN_POINT('',(0.921991162636,-15.46847469959));
#1232 = CARTESIAN_POINT('',(0.900073453152,-15.42809436085));
#1233 = CARTESIAN_POINT('',(0.878368862689,-15.3827394975));
#1234 = CARTESIAN_POINT('',(0.856964800161,-15.33205241877));
#1235 = CARTESIAN_POINT('',(0.835947698668,-15.27570424075));
#1236 = CARTESIAN_POINT('',(0.799804824804,-15.16608655394));
#1237 = CARTESIAN_POINT('',(0.784493354277,-15.11538318066));
#1238 = CARTESIAN_POINT('',(0.769534502032,-15.06125330963));
#1239 = CARTESIAN_POINT('',(0.754987577401,-15.00370148151));
#1240 = CARTESIAN_POINT('',(0.740907863365,-14.94277891488));
#1241 = CARTESIAN_POINT('',(0.727346132582,-14.87858554226));
#1242 = CARTESIAN_POINT('',(0.70301827473,-14.75259715563));
#1243 = CARTESIAN_POINT('',(0.692123175439,-14.69158480173));
#1244 = CARTESIAN_POINT('',(0.681689444054,-14.62832456327));
#1245 = CARTESIAN_POINT('',(0.671741702307,-14.56293261052));
#1246 = CARTESIAN_POINT('',(0.662302176491,-14.49555198831));
#1247 = CARTESIAN_POINT('',(0.653390258795,-14.42635289909));
#1248 = CARTESIAN_POINT('',(0.64052184495,-14.31744763609));
#1249 = CARTESIAN_POINT('',(0.636178042602,-14.27888661373));
#1250 = CARTESIAN_POINT('',(0.631992282386,-14.23987190686));
#1251 = CARTESIAN_POINT('',(0.627966040927,-14.20042672671));
#1252 = CARTESIAN_POINT('',(0.624100650683,-14.1605755078));
#1253 = CARTESIAN_POINT('',(0.620397299947,-14.12034390793));
#1254 = CARTESIAN_POINT('',(0.612842017537,-14.03373126511));
#1255 = CARTESIAN_POINT('',(0.609036728646,-13.98724890661));
#1256 = CARTESIAN_POINT('',(0.60544195724,-13.94034263254));
#1257 = CARTESIAN_POINT('',(0.602058372114,-13.8930442338));
#1258 = CARTESIAN_POINT('',(0.598886519784,-13.84538639226));
#1259 = CARTESIAN_POINT('',(0.595926824492,-13.79740268084));
#1260 = CARTESIAN_POINT('',(0.587241349198,-13.64477935488));
#1261 = CARTESIAN_POINT('',(0.582296795464,-13.5390883857));
#1262 = CARTESIAN_POINT('',(0.578343643506,-13.43232445951));
#1263 = CARTESIAN_POINT('',(0.57538027509,-13.3247593506));
#1264 = CARTESIAN_POINT('',(0.573405542218,-13.2166666025));
#1265 = CARTESIAN_POINT('',(0.572418572093,-13.10832132646));
#1266 = CARTESIAN_POINT('',(0.572418572093,-12.89273680748));
#1267 = CARTESIAN_POINT('',(0.573386353889,-12.78545083767));
#1268 = CARTESIAN_POINT('',(0.575322664708,-12.67841014951));
#1269 = CARTESIAN_POINT('',(0.578228348818,-12.57188152666));
#1270 = CARTESIAN_POINT('',(0.582104530916,-12.46613028902));
#1271 = CARTESIAN_POINT('',(0.586952799512,-12.36142010413));
#1272 = CARTESIAN_POINT('',(0.595482490149,-12.20993559242));
#1273 = CARTESIAN_POINT('',(0.598399992614,-12.16214383404));
#1274 = CARTESIAN_POINT('',(0.601527616923,-12.11467134661));
#1275 = CARTESIAN_POINT('',(0.60486496529,-12.06755109865));
#1276 = CARTESIAN_POINT('',(0.60841152294,-12.02081520415));
#1277 = CARTESIAN_POINT('',(0.612166658099,-11.9744949226));
#1278 = CARTESIAN_POINT('',(0.619795021239,-11.88619092835));
#1279 = CARTESIAN_POINT('',(0.623638266406,-11.84414226997));
#1280 = CARTESIAN_POINT('',(0.627658193056,-11.80250535089));
#1281 = CARTESIAN_POINT('',(0.63185346601,-11.76130939386));
#1282 = CARTESIAN_POINT('',(0.636222579357,-11.72058217729));
#1283 = CARTESIAN_POINT('',(0.640763856449,-11.68035003535));
#1284 = CARTESIAN_POINT('',(0.653800770025,-11.57046699255));
#1285 = CARTESIAN_POINT('',(0.662660510678,-11.50189750994));
#1286 = CARTESIAN_POINT('',(0.672038827672,-11.43512180725));
#1287 = CARTESIAN_POINT('',(0.681916710294,-11.37030566751));
#1288 = CARTESIAN_POINT('',(0.692272402785,-11.30758853406));
#1289 = CARTESIAN_POINT('',(0.703081825827,-11.24708378503));
#1290 = CARTESIAN_POINT('',(0.727592473959,-11.12012686108));
#1291 = CARTESIAN_POINT('',(0.741453781585,-11.05463011732));
#1292 = CARTESIAN_POINT('',(0.755854268647,-10.99254841401));
#1293 = CARTESIAN_POINT('',(0.770739876791,-10.93398640621));
#1294 = CARTESIAN_POINT('',(0.786051667622,-10.87899604119));
#1295 = CARTESIAN_POINT('',(0.801726348766,-10.82757883309));
#1296 = CARTESIAN_POINT('',(0.838426881906,-10.71752470633));
#1297 = CARTESIAN_POINT('',(0.859628682827,-10.66138315773));
#1298 = CARTESIAN_POINT('',(0.881212912215,-10.61095650867));
#1299 = CARTESIAN_POINT('',(0.903092616328,-10.56590193903));
#1300 = CARTESIAN_POINT('',(0.925180046264,-10.52584940425));
#1301 = CARTESIAN_POINT('',(0.947383526045,-10.49041024789));
#1302 = CARTESIAN_POINT('',(1.00182956984,-10.41390322324));
#1303 = CARTESIAN_POINT('',(1.034132525084,-10.37742686082));
#1304 = CARTESIAN_POINT('',(1.066422307259,-10.34828864747));
#1305 = CARTESIAN_POINT('',(1.09863559183,-10.32522358313));
#1306 = CARTESIAN_POINT('',(1.130726798083,-10.30713670149));
#1307 = CARTESIAN_POINT('',(1.16266168755,-10.29308315774));
#1308 = CARTESIAN_POINT('',(1.249151705262,-10.26360628776));
#1309 = CARTESIAN_POINT('',(1.303467321108,-10.25451380598));
#1310 = CARTESIAN_POINT('',(1.357377481235,-10.25089998616));
#1311 = CARTESIAN_POINT('',(1.410959717549,-10.25000098008));
#1312 = CARTESIAN_POINT('',(1.464312141755,-10.24999977786));
#1313 = CARTESIAN_POINT('',(1.517548119039,-10.25));
#1314 = CARTESIAN_POINT('',(1.570796326795,-10.25));
#1315 = ( GEOMETRIC_REPRESENTATION_CONTEXT(2) 
PARAMETRIC_REPRESENTATION_CONTEXT() REPRESENTATION_CONTEXT('2D SPACE',''
  ) );
#1316 = ADVANCED_FACE('',(#1317),#196,.F.);
#1317 = FACE_BOUND('',#1318,.T.);
#1318 = EDGE_LOOP('',(#1319,#1320,#1343,#1651,#1674,#1700,#1701,#2007));
#1319 = ORIENTED_EDGE('',*,*,#175,.T.);
#1320 = ORIENTED_EDGE('',*,*,#1321,.T.);
#1321 = EDGE_CURVE('',#176,#1322,#1324,.T.);
#1322 = VERTEX_POINT('',#1323);
#1323 = CARTESIAN_POINT('',(-5.043560250458,-102.25,-70.));
#1324 = SEAM_CURVE('',#1325,(#1329,#1336),.PCURVE_S1.);
#1325 = LINE('',#1326,#1327);
#1326 = CARTESIAN_POINT('',(-46.,-102.25,-70.));
#1327 = VECTOR('',#1328,1.);
#1328 = DIRECTION('',(1.,0.,0.));
#1329 = PCURVE('',#196,#1330);
#1330 = DEFINITIONAL_REPRESENTATION('',(#1331),#1335);
#1331 = LINE('',#1332,#1333);
#1332 = CARTESIAN_POINT('',(-6.28318530718,0.));
#1333 = VECTOR('',#1334,1.);
#1334 = DIRECTION('',(-0.,-1.));
#1335 = ( GEOMETRIC_REPRESENTATION_CONTEXT(2) 
PARAMETRIC_REPRESENTATION_CONTEXT() REPRESENTATION_CONTEXT('2D SPACE',''
  ) );
#1336 = PCURVE('',#196,#1337);
#1337 = DEFINITIONAL_REPRESENTATION('',(#1338),#1342);
#1338 = LINE('',#1339,#1340);
#1339 = CARTESIAN_POINT('',(-0.,0.));
#1340 = VECTOR('',#1341,1.);
#1341 = DIRECTION('',(-0.,-1.));
#1342 = ( GEOMETRIC_REPRESENTATION_CONTEXT(2) 
PARAMETRIC_REPRESENTATION_CONTEXT() REPRESENTATION_CONTEXT('2D SPACE',''
  ) );
#1343 = ORIENTED_EDGE('',*,*,#1344,.T.);
#1344 = EDGE_CURVE('',#1322,#1345,#1347,.T.);
#1345 = VERTEX_POINT('',#1346);
#1346 = CARTESIAN_POINT('',(5.043560250458,-102.25,-70.));
#1347 = SURFACE_CURVE('',#1348,(#1447,#1549),.PCURVE_S1.);
#1348 = B_SPLINE_CURVE_WITH_KNOTS('',7,(#1349,#1350,#1351,#1352,#1353,
    #1354,#1355,#1356,#1357,#1358,#1359,#1360,#1361,#1362,#1363,#1364,
    #1365,#1366,#1367,#1368,#1369,#1370,#1371,#1372,#1373,#1374,#1375,
    #1376,#1377,#1378,#1379,#1380,#1381,#1382,#1383,#1384,#1385,#1386,
    #1387,#1388,#1389,#1390,#1391,#1392,#1393,#1394,#1395,#1396,#1397,
    #1398,#1399,#1400,#1401,#1402,#1403,#1404,#1405,#1406,#1407,#1408,
    #1409,#1410,#1411,#1412,#1413,#1414,#1415,#1416,#1417,#1418,#1419,
    #1420,#1421,#1422,#1423,#1424,#1425,#1426,#1427,#1428,#1429,#1430,
    #1431,#1432,#1433,#1434,#1435,#1436,#1437,#1438,#1439,#1440,#1441,
    #1442,#1443,#1444,#1445,#1446),.UNSPECIFIED.,.F.,.F.,(8,6,6,6,6,6,6,
    6,6,6,6,6,6,6,6,6,8),(0.,7.867724319792E-02,0.101757554817,
    0.14254014106,0.190712997071,0.253242677505,0.303171982662,
    0.34166506788,0.499999998617,0.658334929303,0.696828014517,
    0.74675731967,0.809287002934,0.857459858958,0.898242445212,
    0.92132275684,1.),.UNSPECIFIED.);
#1349 = CARTESIAN_POINT('',(-5.043560250458,-102.25,-70.));
#1350 = CARTESIAN_POINT('',(-5.043560250458,-102.25,-69.84292972216));
#1351 = CARTESIAN_POINT('',(-5.036815630336,-102.2604664568,
    -69.68570121767));
#1352 = CARTESIAN_POINT('',(-5.023302599339,-102.2814375424,
    -69.52922135287));
#1353 = CARTESIAN_POINT('',(-5.002873692167,-102.3128394391,
    -69.37439738687));
#1354 = CARTESIAN_POINT('',(-4.975256109111,-102.3544898074,
    -69.2221217951));
#1355 = CARTESIAN_POINT('',(-4.940050056188,-102.4061012533,
    -69.07325709288));
#1356 = CARTESIAN_POINT('',(-4.884018103259,-102.4852332536,
    -68.8861909318));
#1357 = CARTESIAN_POINT('',(-4.870615781141,-102.5039982417,
    -68.84414227041));
#1358 = CARTESIAN_POINT('',(-4.856510894391,-102.5235641417,
    -68.80250534822));
#1359 = CARTESIAN_POINT('',(-4.841694270217,-102.5439137733,
    -68.76130939112));
#1360 = CARTESIAN_POINT('',(-4.826156787568,-102.5650283934,
    -68.72058217759));
#1361 = CARTESIAN_POINT('',(-4.809889377136,-102.5868876965,
    -68.68035003865));
#1362 = CARTESIAN_POINT('',(-4.762833029691,-102.6493721001,
    -68.57046699255));
#1363 = CARTESIAN_POINT('',(-4.730466510549,-102.6915438951,
    -68.50189750994));
#1364 = CARTESIAN_POINT('',(-4.695754448503,-102.7358374264,
    -68.43512180725));
#1365 = CARTESIAN_POINT('',(-4.658677156589,-102.7820837188,
    -68.37030566751));
#1366 = CARTESIAN_POINT('',(-4.619226195263,-102.8300967324,
    -68.30758853406));
#1367 = CARTESIAN_POINT('',(-4.577406291368,-102.8796775006,
    -68.24708378503));
#1368 = CARTESIAN_POINT('',(-4.481064290051,-102.9907900839,
    -68.12012686108));
#1369 = CARTESIAN_POINT('',(-4.425649171562,-103.0528186878,
    -68.05463011732));
#1370 = CARTESIAN_POINT('',(-4.367048855106,-103.116337637,
    -67.99254841401));
#1371 = CARTESIAN_POINT('',(-4.30536012509,-103.1809580558,
    -67.93398640621));
#1372 = CARTESIAN_POINT('',(-4.24072395241,-103.2462797178,
    -67.87899604119));
#1373 = CARTESIAN_POINT('',(-4.173329850021,-103.3119021271,
    -67.82757883309));
#1374 = CARTESIAN_POINT('',(-4.012675633815,-103.4624998334,
    -67.71752470913));
#1375 = CARTESIAN_POINT('',(-3.917808842675,-103.5473047439,
    -67.66138315565));
#1376 = CARTESIAN_POINT('',(-3.819105817254,-103.6312456955,
    -67.61095650643));
#1377 = CARTESIAN_POINT('',(-3.716905087529,-103.7137655073,
    -67.56590194025));
#1378 = CARTESIAN_POINT('',(-3.611610359529,-103.7943560583,
    -67.52584940653));
#1379 = CARTESIAN_POINT('',(-3.503703123586,-103.8725598933,
    -67.49041024647));
#1380 = CARTESIAN_POINT('',(-3.305963029118,-104.0081874816,
    -67.43425342693));
#1381 = CARTESIAN_POINT('',(-3.216761100169,-104.0666977192,
    -67.41197743865));
#1382 = CARTESIAN_POINT('',(-3.126274694763,-104.1233989332,
    -67.39212183493));
#1383 = CARTESIAN_POINT('',(-3.034628546058,-104.1782056368,
    -67.37446607107));
#1384 = CARTESIAN_POINT('',(-2.941946569378,-104.2310485689,
    -67.35880424571));
#1385 = CARTESIAN_POINT('',(-2.848351530249,-104.2818727989,
    -67.34494427444));
#1386 = CARTESIAN_POINT('',(-2.681197030011,-104.3682297758,
    -67.32327276425));
#1387 = CARTESIAN_POINT('',(-2.607943053459,-104.4046067358,
    -67.31480096772));
#1388 = CARTESIAN_POINT('',(-2.53423970332,-104.4397558224,
    -67.30720810402));
#1389 = CARTESIAN_POINT('',(-2.460121801819,-104.4736692229,
    -67.30041642509));
#1390 = CARTESIAN_POINT('',(-2.385622008027,-104.5063417482,
    -67.29435365228));
#1391 = CARTESIAN_POINT('',(-2.310770753034,-104.5377703802,
    -67.28895262402));
#1392 = CARTESIAN_POINT('',(-1.926377999378,-104.6921084005,
    -67.26440002529));
#1393 = CARTESIAN_POINT('',(-1.611456896432,-104.7952882438,
    -67.25477462812));
#1394 = CARTESIAN_POINT('',(-1.292551371967,-104.8774382036,
    -67.25095058711));
#1395 = CARTESIAN_POINT('',(-0.971019938062,-104.9387862915,
    -67.25000154597));
#1396 = CARTESIAN_POINT('',(-0.647890060988,-104.9795930417,
    -67.24999962769));
#1397 = CARTESIAN_POINT('',(-0.323959176142,-105.,-67.25));
#1398 = CARTESIAN_POINT('',(0.323959176039,-105.,-67.25));
#1399 = CARTESIAN_POINT('',(0.647890061106,-104.9795930417,
    -67.24999962769));
#1400 = CARTESIAN_POINT('',(0.971019938104,-104.9387862915,
    -67.25000154597));
#1401 = CARTESIAN_POINT('',(1.292551371879,-104.8774382036,
    -67.25095058711));
#1402 = CARTESIAN_POINT('',(1.611456896388,-104.7952882438,
    -67.25477462812));
#1403 = CARTESIAN_POINT('',(1.926377999452,-104.6921084005,
    -67.26440002529));
#1404 = CARTESIAN_POINT('',(2.310770753033,-104.5377703802,
    -67.28895262402));
#1405 = CARTESIAN_POINT('',(2.385622008027,-104.5063417482,
    -67.29435365228));
#1406 = CARTESIAN_POINT('',(2.460121801819,-104.4736692229,
    -67.30041642509));
#1407 = CARTESIAN_POINT('',(2.53423970332,-104.4397558224,
    -67.30720810402));
#1408 = CARTESIAN_POINT('',(2.607943053459,-104.4046067358,
    -67.31480096772));
#1409 = CARTESIAN_POINT('',(2.681197030011,-104.3682297758,
    -67.32327276425));
#1410 = CARTESIAN_POINT('',(2.848351530249,-104.2818727989,
    -67.34494427444));
#1411 = CARTESIAN_POINT('',(2.941946569378,-104.2310485689,
    -67.35880424571));
#1412 = CARTESIAN_POINT('',(3.034628546058,-104.1782056368,
    -67.37446607107));
#1413 = CARTESIAN_POINT('',(3.126274694763,-104.1233989332,
    -67.39212183493));
#1414 = CARTESIAN_POINT('',(3.216761100169,-104.0666977192,
    -67.41197743865));
#1415 = CARTESIAN_POINT('',(3.305963029119,-104.0081874816,
    -67.43425342693));
#1416 = CARTESIAN_POINT('',(3.503703128571,-103.8725598898,
    -67.49041024789));
#1417 = CARTESIAN_POINT('',(3.611610354923,-103.7943560621,
    -67.52584940425));
#1418 = CARTESIAN_POINT('',(3.716905083481,-103.7137655101,
    -67.56590193903));
#1419 = CARTESIAN_POINT('',(3.819105820621,-103.6312456924,
    -67.61095650867));
#1420 = CARTESIAN_POINT('',(3.917808847405,-103.5473047401,
    -67.66138315773));
#1421 = CARTESIAN_POINT('',(4.012675629732,-103.4624998372,
    -67.71752470633));
#1422 = CARTESIAN_POINT('',(4.173329850021,-103.3119021271,
    -67.82757883309));
#1423 = CARTESIAN_POINT('',(4.24072395241,-103.2462797178,
    -67.87899604119));
#1424 = CARTESIAN_POINT('',(4.30536012509,-103.1809580558,
    -67.93398640621));
#1425 = CARTESIAN_POINT('',(4.367048855106,-103.116337637,
    -67.99254841401));
#1426 = CARTESIAN_POINT('',(4.425649171562,-103.0528186878,
    -68.05463011732));
#1427 = CARTESIAN_POINT('',(4.481064290051,-102.9907900839,
    -68.12012686108));
#1428 = CARTESIAN_POINT('',(4.577406291368,-102.8796775006,
    -68.24708378503));
#1429 = CARTESIAN_POINT('',(4.619226195263,-102.8300967324,
    -68.30758853406));
#1430 = CARTESIAN_POINT('',(4.658677156589,-102.7820837188,
    -68.37030566751));
#1431 = CARTESIAN_POINT('',(4.695754448503,-102.7358374264,
    -68.43512180725));
#1432 = CARTESIAN_POINT('',(4.730466510549,-102.6915438951,
    -68.50189750994));
#1433 = CARTESIAN_POINT('',(4.762833029691,-102.6493721001,
    -68.57046699255));
#1434 = CARTESIAN_POINT('',(4.809889377138,-102.5868876965,
    -68.68035003866));
#1435 = CARTESIAN_POINT('',(4.826156787569,-102.5650283934,
    -68.72058217759));
#1436 = CARTESIAN_POINT('',(4.841694270215,-102.5439137733,
    -68.76130939112));
#1437 = CARTESIAN_POINT('',(4.856510894389,-102.5235641417,
    -68.80250534821));
#1438 = CARTESIAN_POINT('',(4.870615781141,-102.5039982417,
    -68.84414227042));
#1439 = CARTESIAN_POINT('',(4.884018103261,-102.4852332536,
    -68.8861909318));
#1440 = CARTESIAN_POINT('',(4.940050056142,-102.4061012534,
    -69.07325709273));
#1441 = CARTESIAN_POINT('',(4.97525610913,-102.3544898074,
    -69.22212179525));
#1442 = CARTESIAN_POINT('',(5.002873692201,-102.312839439,
    -69.37439738699));
#1443 = CARTESIAN_POINT('',(5.023302599338,-102.2814375424,
    -69.52922135275));
#1444 = CARTESIAN_POINT('',(5.036815630311,-102.2604664569,
    -69.68570121752));
#1445 = CARTESIAN_POINT('',(5.043560250458,-102.25,-69.84292972231));
#1446 = CARTESIAN_POINT('',(5.043560250458,-102.25,-70.));
#1447 = PCURVE('',#196,#1448);
#1448 = DEFINITIONAL_REPRESENTATION('',(#1449),#1548);
#1449 = B_SPLINE_CURVE_WITH_KNOTS('',7,(#1450,#1451,#1452,#1453,#1454,
    #1455,#1456,#1457,#1458,#1459,#1460,#1461,#1462,#1463,#1464,#1465,
    #1466,#1467,#1468,#1469,#1470,#1471,#1472,#1473,#1474,#1475,#1476,
    #1477,#1478,#1479,#1480,#1481,#1482,#1483,#1484,#1485,#1486,#1487,
    #1488,#1489,#1490,#1491,#1492,#1493,#1494,#1495,#1496,#1497,#1498,
    #1499,#1500,#1501,#1502,#1503,#1504,#1505,#1506,#1507,#1508,#1509,
    #1510,#1511,#1512,#1513,#1514,#1515,#1516,#1517,#1518,#1519,#1520,
    #1521,#1522,#1523,#1524,#1525,#1526,#1527,#1528,#1529,#1530,#1531,
    #1532,#1533,#1534,#1535,#1536,#1537,#1538,#1539,#1540,#1541,#1542,
    #1543,#1544,#1545,#1546,#1547),.UNSPECIFIED.,.F.,.F.,(8,6,6,6,6,6,6,
    6,6,6,6,6,6,6,6,6,8),(0.,7.867724319792E-02,0.101757554817,
    0.14254014106,0.190712997071,0.253242677505,0.303171982662,
    0.34166506788,0.499999998617,0.658334929303,0.696828014517,
    0.74675731967,0.809287002934,0.857459858958,0.898242445212,
    0.92132275684,1.),.UNSPECIFIED.);
#1450 = CARTESIAN_POINT('',(0.,-40.95643974954));
#1451 = CARTESIAN_POINT('',(-5.71164646691E-02,-40.95643974954));
#1452 = CARTESIAN_POINT('',(-0.114290450404,-40.96318436966));
#1453 = CARTESIAN_POINT('',(-0.171496597705,-40.97669740066));
#1454 = CARTESIAN_POINT('',(-0.228711972046,-40.99712630783));
#1455 = CARTESIAN_POINT('',(-0.285914568217,-41.02474389088));
#1456 = CARTESIAN_POINT('',(-0.343081814679,-41.05994994381));
#1457 = CARTESIAN_POINT('',(-0.416941742058,-41.11598189674));
#1458 = CARTESIAN_POINT('',(-0.433682434465,-41.12938421885));
#1459 = CARTESIAN_POINT('',(-0.450406419323,-41.1434891056));
#1460 = CARTESIAN_POINT('',(-0.467109085494,-41.15830572978));
#1461 = CARTESIAN_POINT('',(-0.483785946518,-41.17384321243));
#1462 = CARTESIAN_POINT('',(-0.500432640607,-41.19011062286));
#1463 = CARTESIAN_POINT('',(-0.546398613669,-41.2371669703));
#1464 = CARTESIAN_POINT('',(-0.575654007291,-41.26953348945));
#1465 = CARTESIAN_POINT('',(-0.604765168138,-41.30424555149));
#1466 = CARTESIAN_POINT('',(-0.633689228556,-41.34132284341));
#1467 = CARTESIAN_POINT('',(-0.662385752638,-41.38077380473));
#1468 = CARTESIAN_POINT('',(-0.690816092234,-41.42259370863));
#1469 = CARTESIAN_POINT('',(-0.752166263641,-41.51893570994));
#1470 = CARTESIAN_POINT('',(-0.784943557522,-41.57435082843));
#1471 = CARTESIAN_POINT('',(-0.817203481268,-41.63295114489));
#1472 = CARTESIAN_POINT('',(-0.848876445335,-41.69463987491));
#1473 = CARTESIAN_POINT('',(-0.879894770656,-41.75927604759));
#1474 = CARTESIAN_POINT('',(-0.910193045311,-41.82667014997));
#1475 = CARTESIAN_POINT('',(-0.978020321651,-41.98732436618));
#1476 = CARTESIAN_POINT('',(-1.014963975021,-42.08219115732));
#1477 = CARTESIAN_POINT('',(-1.050519753815,-42.18089418274));
#1478 = CARTESIAN_POINT('',(-1.084659853293,-42.28309491247));
#1479 = CARTESIAN_POINT('',(-1.117350695719,-42.38838964047));
#1480 = CARTESIAN_POINT('',(-1.148555274633,-42.49629687641));
#1481 = CARTESIAN_POINT('',(-1.201934852362,-42.69403697088));
#1482 = CARTESIAN_POINT('',(-1.224691725554,-42.78323889983));
#1483 = CARTESIAN_POINT('',(-1.246525754879,-42.87372530523));
#1484 = CARTESIAN_POINT('',(-1.267453027773,-42.96537145394));
#1485 = CARTESIAN_POINT('',(-1.287487003106,-43.05805343062));
#1486 = CARTESIAN_POINT('',(-1.306639431367,-43.15164846975));
#1487 = CARTESIAN_POINT('',(-1.339015694091,-43.31880296998));
#1488 = CARTESIAN_POINT('',(-1.352595695947,-43.39205694654));
#1489 = CARTESIAN_POINT('',(-1.365669390126,-43.46576029668));
#1490 = CARTESIAN_POINT('',(-1.378243999223,-43.53987819818));
#1491 = CARTESIAN_POINT('',(-1.390325991733,-43.61437799197));
#1492 = CARTESIAN_POINT('',(-1.401921215056,-43.68922924696));
#1493 = CARTESIAN_POINT('',(-1.458749859469,-44.07362200062));
#1494 = CARTESIAN_POINT('',(-1.496353874552,-44.38854310356));
#1495 = CARTESIAN_POINT('',(-1.5262294252,-44.70744862803));
#1496 = CARTESIAN_POINT('',(-1.548536328046,-45.02898006193));
#1497 = CARTESIAN_POINT('',(-1.563375728795,-45.35210993901));
#1498 = CARTESIAN_POINT('',(-1.570796326795,-45.67604082385));
#1499 = CARTESIAN_POINT('',(-1.570796326795,-46.32395917603));
#1500 = CARTESIAN_POINT('',(-1.563375728799,-46.6478900611));
#1501 = CARTESIAN_POINT('',(-1.548536328034,-46.9710199381));
#1502 = CARTESIAN_POINT('',(-1.526229425205,-47.29255137187));
#1503 = CARTESIAN_POINT('',(-1.496353874562,-47.61145689638));
#1504 = CARTESIAN_POINT('',(-1.458749859458,-47.92637799945));
#1505 = CARTESIAN_POINT('',(-1.401921215056,-48.31077075303));
#1506 = CARTESIAN_POINT('',(-1.390325991733,-48.38562200802));
#1507 = CARTESIAN_POINT('',(-1.378243999223,-48.46012180181));
#1508 = CARTESIAN_POINT('',(-1.365669390126,-48.53423970332));
#1509 = CARTESIAN_POINT('',(-1.352595695946,-48.60794305345));
#1510 = CARTESIAN_POINT('',(-1.339015694091,-48.68119703001));
#1511 = CARTESIAN_POINT('',(-1.306639431367,-48.84835153024));
#1512 = CARTESIAN_POINT('',(-1.287487003106,-48.94194656937));
#1513 = CARTESIAN_POINT('',(-1.267453027773,-49.03462854605));
#1514 = CARTESIAN_POINT('',(-1.246525754879,-49.12627469476));
#1515 = CARTESIAN_POINT('',(-1.224691725554,-49.21676110016));
#1516 = CARTESIAN_POINT('',(-1.201934852362,-49.30596302911));
#1517 = CARTESIAN_POINT('',(-1.148555273288,-49.50370312857));
#1518 = CARTESIAN_POINT('',(-1.117350697334,-49.61161035492));
#1519 = CARTESIAN_POINT('',(-1.084659854413,-49.71690508348));
#1520 = CARTESIAN_POINT('',(-1.050519752416,-49.81910582062));
#1521 = CARTESIAN_POINT('',(-1.01496397346,-49.9178088474));
#1522 = CARTESIAN_POINT('',(-0.978020323375,-50.01267562973));
#1523 = CARTESIAN_POINT('',(-0.910193045311,-50.17332985002));
#1524 = CARTESIAN_POINT('',(-0.879894770656,-50.24072395241));
#1525 = CARTESIAN_POINT('',(-0.848876445335,-50.30536012509));
#1526 = CARTESIAN_POINT('',(-0.817203481268,-50.3670488551));
#1527 = CARTESIAN_POINT('',(-0.784943557522,-50.42564917156));
#1528 = CARTESIAN_POINT('',(-0.752166263641,-50.48106429005));
#1529 = CARTESIAN_POINT('',(-0.690816092234,-50.57740629136));
#1530 = CARTESIAN_POINT('',(-0.662385752638,-50.61922619526));
#1531 = CARTESIAN_POINT('',(-0.633689228556,-50.65867715658));
#1532 = CARTESIAN_POINT('',(-0.604765168138,-50.6957544485));
#1533 = CARTESIAN_POINT('',(-0.575654007291,-50.73046651054));
#1534 = CARTESIAN_POINT('',(-0.546398613669,-50.76283302969));
#1535 = CARTESIAN_POINT('',(-0.500432640605,-50.80988937713));
#1536 = CARTESIAN_POINT('',(-0.483785946518,-50.82615678756));
#1537 = CARTESIAN_POINT('',(-0.467109085496,-50.84169427021));
#1538 = CARTESIAN_POINT('',(-0.450406419324,-50.85651089438));
#1539 = CARTESIAN_POINT('',(-0.433682434465,-50.87061578114));
#1540 = CARTESIAN_POINT('',(-0.416941742055,-50.88401810326));
#1541 = CARTESIAN_POINT('',(-0.343081814738,-50.94005005614));
#1542 = CARTESIAN_POINT('',(-0.285914568158,-50.97525610913));
#1543 = CARTESIAN_POINT('',(-0.228711971998,-51.0028736922));
#1544 = CARTESIAN_POINT('',(-0.171496597751,-51.02330259933));
#1545 = CARTESIAN_POINT('',(-0.114290450463,-51.03681563031));
#1546 = CARTESIAN_POINT('',(-5.711646461192E-02,-51.04356025045));
#1547 = CARTESIAN_POINT('',(0.,-51.04356025045));
#1548 = ( GEOMETRIC_REPRESENTATION_CONTEXT(2) 
PARAMETRIC_REPRESENTATION_CONTEXT() REPRESENTATION_CONTEXT('2D SPACE',''
  ) );
#1549 = PCURVE('',#441,#1550);
#1550 = DEFINITIONAL_REPRESENTATION('',(#1551),#1650);
#1551 = B_SPLINE_CURVE_WITH_KNOTS('',7,(#1552,#1553,#1554,#1555,#1556,
    #1557,#1558,#1559,#1560,#1561,#1562,#1563,#1564,#1565,#1566,#1567,
    #1568,#1569,#1570,#1571,#1572,#1573,#1574,#1575,#1576,#1577,#1578,
    #1579,#1580,#1581,#1582,#1583,#1584,#1585,#1586,#1587,#1588,#1589,
    #1590,#1591,#1592,#1593,#1594,#1595,#1596,#1597,#1598,#1599,#1600,
    #1601,#1602,#1603,#1604,#1605,#1606,#1607,#1608,#1609,#1610,#1611,
    #1612,#1613,#1614,#1615,#1616,#1617,#1618,#1619,#1620,#1621,#1622,
    #1623,#1624,#1625,#1626,#1627,#1628,#1629,#1630,#1631,#1632,#1633,
    #1634,#1635,#1636,#1637,#1638,#1639,#1640,#1641,#1642,#1643,#1644,
    #1645,#1646,#1647,#1648,#1649),.UNSPECIFIED.,.F.,.F.,(8,6,6,6,6,6,6,
    6,6,6,6,6,6,6,6,6,8),(0.,7.867724319792E-02,0.101757554817,
    0.14254014106,0.190712997071,0.253242677505,0.303171982662,
    0.34166506788,0.499999998617,0.658334929303,0.696828014517,
    0.74675731967,0.809287002934,0.857459858958,0.898242445212,
    0.92132275684,1.),.UNSPECIFIED.);
#1552 = CARTESIAN_POINT('',(2.569174081497,-13.));
#1553 = CARTESIAN_POINT('',(2.569174081497,-13.15707027784));
#1554 = CARTESIAN_POINT('',(2.567099003122,-13.31429878232));
#1555 = CARTESIAN_POINT('',(2.562940773435,-13.47077864712));
#1556 = CARTESIAN_POINT('',(2.556697127335,-13.62560261312));
#1557 = CARTESIAN_POINT('',(2.548368982533,-13.7778782049));
#1558 = CARTESIAN_POINT('',(2.53795781453,-13.92674290711));
#1559 = CARTESIAN_POINT('',(2.521797632649,-14.11380906819));
#1560 = CARTESIAN_POINT('',(2.517954387175,-14.15585772958));
#1561 = CARTESIAN_POINT('',(2.513934460239,-14.19749465177));
#1562 = CARTESIAN_POINT('',(2.509739187323,-14.23869060887));
#1563 = CARTESIAN_POINT('',(2.505370074319,-14.2794178224));
#1564 = CARTESIAN_POINT('',(2.500828797532,-14.31964996134));
#1565 = CARTESIAN_POINT('',(2.487791883564,-14.42953300744));
#1566 = CARTESIAN_POINT('',(2.478932142912,-14.49810249005));
#1567 = CARTESIAN_POINT('',(2.469553825917,-14.56487819274));
#1568 = CARTESIAN_POINT('',(2.459675943296,-14.62969433249));
#1569 = CARTESIAN_POINT('',(2.449320250805,-14.69241146593));
#1570 = CARTESIAN_POINT('',(2.438510827763,-14.75291621496));
#1571 = CARTESIAN_POINT('',(2.414000179631,-14.87987313891));
#1572 = CARTESIAN_POINT('',(2.400138872005,-14.94536988267));
#1573 = CARTESIAN_POINT('',(2.385738384943,-15.00745158598));
#1574 = CARTESIAN_POINT('',(2.370852776798,-15.06601359378));
#1575 = CARTESIAN_POINT('',(2.355540985968,-15.1210039588));
#1576 = CARTESIAN_POINT('',(2.339866304823,-15.1724211669));
#1577 = CARTESIAN_POINT('',(2.303165772617,-15.28247529087));
#1578 = CARTESIAN_POINT('',(2.281963969757,-15.33861684434));
#1579 = CARTESIAN_POINT('',(2.260379740609,-15.38904349356));
#1580 = CARTESIAN_POINT('',(2.238500038086,-15.43409805974));
#1581 = CARTESIAN_POINT('',(2.216412608322,-15.47415059346));
#1582 = CARTESIAN_POINT('',(2.194209126537,-15.50958975352));
#1583 = CARTESIAN_POINT('',(2.154245258247,-15.56574657306));
#1584 = CARTESIAN_POINT('',(2.136469205139,-15.58802256134));
#1585 = CARTESIAN_POINT('',(2.118678012061,-15.60787816506));
#1586 = CARTESIAN_POINT('',(2.100887625661,-15.62553392892));
#1587 = CARTESIAN_POINT('',(2.083112415475,-15.64119575428));
#1588 = CARTESIAN_POINT('',(2.065365488653,-15.65505572555));
#1589 = CARTESIAN_POINT('',(2.034008159896,-15.67672723574));
#1590 = CARTESIAN_POINT('',(2.020378406878,-15.68519903227));
#1591 = CARTESIAN_POINT('',(2.006771887743,-15.69279189597));
#1592 = CARTESIAN_POINT('',(1.993190263055,-15.6995835749));
#1593 = CARTESIAN_POINT('',(1.979634745173,-15.70564634771));
#1594 = CARTESIAN_POINT('',(1.966106131582,-15.71104737597));
#1595 = CARTESIAN_POINT('',(1.89706950411,-15.7355999747));
#1596 = CARTESIAN_POINT('',(1.84195465355,-15.74522537187));
#1597 = CARTESIAN_POINT('',(1.787249742916,-15.74904941288));
#1598 = CARTESIAN_POINT('',(1.732890065253,-15.74999845402));
#1599 = CARTESIAN_POINT('',(1.678778007099,-15.7500003723));
#1600 = CARTESIAN_POINT('',(1.624789522819,-15.75));
#1601 = CARTESIAN_POINT('',(1.516803130788,-15.75));
#1602 = CARTESIAN_POINT('',(1.462814646471,-15.7500003723));
#1603 = CARTESIAN_POINT('',(1.40870258833,-15.74999845402));
#1604 = CARTESIAN_POINT('',(1.354342910688,-15.74904941288));
#1605 = CARTESIAN_POINT('',(1.299638000049,-15.74522537188));
#1606 = CARTESIAN_POINT('',(1.244523149467,-15.7355999747));
#1607 = CARTESIAN_POINT('',(1.175486522008,-15.71104737597));
#1608 = CARTESIAN_POINT('',(1.161957908417,-15.70564634771));
#1609 = CARTESIAN_POINT('',(1.148402390534,-15.6995835749));
#1610 = CARTESIAN_POINT('',(1.134820765846,-15.69279189597));
#1611 = CARTESIAN_POINT('',(1.121214246712,-15.68519903227));
#1612 = CARTESIAN_POINT('',(1.107584493694,-15.67672723574));
#1613 = CARTESIAN_POINT('',(1.076227164937,-15.65505572555));
#1614 = CARTESIAN_POINT('',(1.058480238115,-15.64119575428));
#1615 = CARTESIAN_POINT('',(1.040705027928,-15.62553392892));
#1616 = CARTESIAN_POINT('',(1.022914641529,-15.60787816506));
#1617 = CARTESIAN_POINT('',(1.005123448451,-15.58802256134));
#1618 = CARTESIAN_POINT('',(0.987347395343,-15.56574657306));
#1619 = CARTESIAN_POINT('',(0.947383526045,-15.50958975211));
#1620 = CARTESIAN_POINT('',(0.925180046264,-15.47415059574));
#1621 = CARTESIAN_POINT('',(0.903092616327,-15.43409806096));
#1622 = CARTESIAN_POINT('',(0.881212912215,-15.38904349132));
#1623 = CARTESIAN_POINT('',(0.859628682827,-15.33861684226));
#1624 = CARTESIAN_POINT('',(0.838426881906,-15.28247529366));
#1625 = CARTESIAN_POINT('',(0.801726348766,-15.1724211669));
#1626 = CARTESIAN_POINT('',(0.786051667622,-15.1210039588));
#1627 = CARTESIAN_POINT('',(0.770739876791,-15.06601359378));
#1628 = CARTESIAN_POINT('',(0.755854268647,-15.00745158598));
#1629 = CARTESIAN_POINT('',(0.741453781585,-14.94536988267));
#1630 = CARTESIAN_POINT('',(0.727592473959,-14.87987313891));
#1631 = CARTESIAN_POINT('',(0.703081825827,-14.75291621496));
#1632 = CARTESIAN_POINT('',(0.692272402785,-14.69241146593));
#1633 = CARTESIAN_POINT('',(0.681916710294,-14.62969433249));
#1634 = CARTESIAN_POINT('',(0.672038827672,-14.56487819274));
#1635 = CARTESIAN_POINT('',(0.662660510678,-14.49810249005));
#1636 = CARTESIAN_POINT('',(0.653800770025,-14.42953300744));
#1637 = CARTESIAN_POINT('',(0.640763856057,-14.31964996133));
#1638 = CARTESIAN_POINT('',(0.636222579271,-14.2794178224));
#1639 = CARTESIAN_POINT('',(0.631853466268,-14.23869060888));
#1640 = CARTESIAN_POINT('',(0.627658193351,-14.19749465178));
#1641 = CARTESIAN_POINT('',(0.623638266414,-14.15585772958));
#1642 = CARTESIAN_POINT('',(0.61979502094,-14.11380906819));
#1643 = CARTESIAN_POINT('',(0.603634839073,-13.92674290726));
#1644 = CARTESIAN_POINT('',(0.593223671051,-13.77787820474));
#1645 = CARTESIAN_POINT('',(0.584895526245,-13.625602613));
#1646 = CARTESIAN_POINT('',(0.578651880155,-13.47077864724));
#1647 = CARTESIAN_POINT('',(0.574493650475,-13.31429878248));
#1648 = CARTESIAN_POINT('',(0.572418572093,-13.15707027768));
#1649 = CARTESIAN_POINT('',(0.572418572093,-13.));
#1650 = ( GEOMETRIC_REPRESENTATION_CONTEXT(2) 
PARAMETRIC_REPRESENTATION_CONTEXT() REPRESENTATION_CONTEXT('2D SPACE',''
  ) );
#1651 = ORIENTED_EDGE('',*,*,#1652,.T.);
#1652 = EDGE_CURVE('',#1345,#1653,#1655,.T.);
#1653 = VERTEX_POINT('',#1654);
#1654 = CARTESIAN_POINT('',(45.,-102.25,-70.));
#1655 = SEAM_CURVE('',#1656,(#1660,#1667),.PCURVE_S1.);
#1656 = LINE('',#1657,#1658);
#1657 = CARTESIAN_POINT('',(-46.,-102.25,-70.));
#1658 = VECTOR('',#1659,1.);
#1659 = DIRECTION('',(1.,0.,0.));
#1660 = PCURVE('',#196,#1661);
#1661 = DEFINITIONAL_REPRESENTATION('',(#1662),#1666);
#1662 = LINE('',#1663,#1664);
#1663 = CARTESIAN_POINT('',(-6.28318530718,0.));
#1664 = VECTOR('',#1665,1.);
#1665 = DIRECTION('',(-0.,-1.));
#1666 = ( GEOMETRIC_REPRESENTATION_CONTEXT(2) 
PARAMETRIC_REPRESENTATION_CONTEXT() REPRESENTATION_CONTEXT('2D SPACE',''
  ) );
#1667 = PCURVE('',#196,#1668);
#1668 = DEFINITIONAL_REPRESENTATION('',(#1669),#1673);
#1669 = LINE('',#1670,#1671);
#1670 = CARTESIAN_POINT('',(-0.,0.));
#1671 = VECTOR('',#1672,1.);
#1672 = DIRECTION('',(-0.,-1.));
#1673 = ( GEOMETRIC_REPRESENTATION_CONTEXT(2) 
PARAMETRIC_REPRESENTATION_CONTEXT() REPRESENTATION_CONTEXT('2D SPACE',''
  ) );
#1674 = ORIENTED_EDGE('',*,*,#1675,.F.);
#1675 = EDGE_CURVE('',#1653,#1653,#1676,.T.);
#1676 = SURFACE_CURVE('',#1677,(#1682,#1689),.PCURVE_S1.);
#1677 = CIRCLE('',#1678,2.75);
#1678 = AXIS2_PLACEMENT_3D('',#1679,#1680,#1681);
#1679 = CARTESIAN_POINT('',(45.,-105.,-70.));
#1680 = DIRECTION('',(-1.,0.,0.));
#1681 = DIRECTION('',(0.,1.,0.));
#1682 = PCURVE('',#196,#1683);
#1683 = DEFINITIONAL_REPRESENTATION('',(#1684),#1688);
#1684 = LINE('',#1685,#1686);
#1685 = CARTESIAN_POINT('',(-6.28318530718,-91.));
#1686 = VECTOR('',#1687,1.);
#1687 = DIRECTION('',(1.,-0.));
#1688 = ( GEOMETRIC_REPRESENTATION_CONTEXT(2) 
PARAMETRIC_REPRESENTATION_CONTEXT() REPRESENTATION_CONTEXT('2D SPACE',''
  ) );
#1689 = PCURVE('',#272,#1690);
#1690 = DEFINITIONAL_REPRESENTATION('',(#1691),#1699);
#1691 = ( BOUNDED_CURVE() B_SPLINE_CURVE(2,(#1692,#1693,#1694,#1695,
#1696,#1697,#1698),.UNSPECIFIED.,.T.,.F.) B_SPLINE_CURVE_WITH_KNOTS((1,2
    ,2,2,2,1),(-2.094395102393,0.,2.094395102393,4.188790204786,
6.28318530718,8.377580409573),.UNSPECIFIED.) CURVE() 
GEOMETRIC_REPRESENTATION_ITEM() RATIONAL_B_SPLINE_CURVE((1.,0.5,1.,0.5,
1.,0.5,1.)) REPRESENTATION_ITEM('') );
#1692 = CARTESIAN_POINT('',(12.,-9.75));
#1693 = CARTESIAN_POINT('',(7.236860279186,-9.75));
#1694 = CARTESIAN_POINT('',(9.618430139593,-5.625));
#1695 = CARTESIAN_POINT('',(12.,-1.5));
#1696 = CARTESIAN_POINT('',(14.381569860407,-5.625));
#1697 = CARTESIAN_POINT('',(16.763139720814,-9.75));
#1698 = CARTESIAN_POINT('',(12.,-9.75));
#1699 = ( GEOMETRIC_REPRESENTATION_CONTEXT(2) 
PARAMETRIC_REPRESENTATION_CONTEXT() REPRESENTATION_CONTEXT('2D SPACE',''
  ) );
#1700 = ORIENTED_EDGE('',*,*,#1652,.F.);
#1701 = ORIENTED_EDGE('',*,*,#1702,.T.);
#1702 = EDGE_CURVE('',#1345,#1322,#1703,.T.);
#1703 = SURFACE_CURVE('',#1704,(#1803,#1905),.PCURVE_S1.);
#1704 = B_SPLINE_CURVE_WITH_KNOTS('',7,(#1705,#1706,#1707,#1708,#1709,
    #1710,#1711,#1712,#1713,#1714,#1715,#1716,#1717,#1718,#1719,#1720,
    #1721,#1722,#1723,#1724,#1725,#1726,#1727,#1728,#1729,#1730,#1731,
    #1732,#1733,#1734,#1735,#1736,#1737,#1738,#1739,#1740,#1741,#1742,
    #1743,#1744,#1745,#1746,#1747,#1748,#1749,#1750,#1751,#1752,#1753,
    #1754,#1755,#1756,#1757,#1758,#1759,#1760,#1761,#1762,#1763,#1764,
    #1765,#1766,#1767,#1768,#1769,#1770,#1771,#1772,#1773,#1774,#1775,
    #1776,#1777,#1778,#1779,#1780,#1781,#1782,#1783,#1784,#1785,#1786,
    #1787,#1788,#1789,#1790,#1791,#1792,#1793,#1794,#1795,#1796,#1797,
    #1798,#1799,#1800,#1801,#1802),.UNSPECIFIED.,.F.,.F.,(8,6,6,6,6,6,6,
    6,6,6,6,6,6,6,6,6,8),(0.,7.933428725974E-02,0.101446015372,
    0.142562892737,0.189733338869,0.25184111694,0.300416655447,
    0.339978393736,0.499999994397,0.660021595214,0.699583333511,
    0.748158872024,0.810266654079,0.857437100188,0.898553977534,
    0.920665706521,1.),.UNSPECIFIED.);
#1705 = CARTESIAN_POINT('',(5.043560250458,-102.25,-70.));
#1706 = CARTESIAN_POINT('',(5.043560250458,-102.25,-70.15836912137));
#1707 = CARTESIAN_POINT('',(5.036703610306,-102.2606402639,
    -70.3169033729));
#1708 = CARTESIAN_POINT('',(5.022965332744,-102.2819609755,
    -70.47467082411));
#1709 = CARTESIAN_POINT('',(5.002193090565,-102.3138855807,
    -70.63073921677));
#1710 = CARTESIAN_POINT('',(4.97410552635,-102.3562245807,
    -70.78419197748));
#1711 = CARTESIAN_POINT('',(4.938290552193,-102.4086793261,
    -70.93414423009));
#1712 = CARTESIAN_POINT('',(4.881915928192,-102.4881725983,
    -71.12034390797));
#1713 = CARTESIAN_POINT('',(4.868990650389,-102.5062468081,
    -71.16057550784));
#1714 = CARTESIAN_POINT('',(4.855419712851,-102.5250545369,
    -71.20042672675));
#1715 = CARTESIAN_POINT('',(4.841195060771,-102.5445805634,
    -71.2398719069));
#1716 = CARTESIAN_POINT('',(4.826308687706,-102.564808348,
    -71.27888661377));
#1717 = CARTESIAN_POINT('',(4.81075263558,-102.5857200325,
    -71.31744763613));
#1718 = CARTESIAN_POINT('',(4.764332452121,-102.6474178871,
    -71.42635289913));
#1719 = CARTESIAN_POINT('',(4.731792835425,-102.6898515024,
    -71.49555198835));
#1720 = CARTESIAN_POINT('',(4.696870077173,-102.7344466161,
    -71.56293261056));
#1721 = CARTESIAN_POINT('',(4.659543665698,-102.7810306027,
    -71.62832456331));
#1722 = CARTESIAN_POINT('',(4.619804639633,-102.8294131795,
    -71.69158480177));
#1723 = CARTESIAN_POINT('',(4.577657582462,-102.8793907056,
    -71.75259715567));
#1724 = CARTESIAN_POINT('',(4.48203084352,-102.9896718683,
    -71.87858554231));
#1725 = CARTESIAN_POINT('',(4.427829733867,-103.050374036,
    -71.94277891493));
#1726 = CARTESIAN_POINT('',(4.370573166629,-103.1125124382,
    -72.00370148155));
#1727 = CARTESIAN_POINT('',(4.310351717053,-103.1757218481,
    -72.06125330967));
#1728 = CARTESIAN_POINT('',(4.247296596822,-103.2396263873,
    -72.1153831807));
#1729 = CARTESIAN_POINT('',(4.181583593778,-103.3038495556,
    -72.16608655398));
#1730 = CARTESIAN_POINT('',(4.023710643812,-103.4525209907,
    -72.27570424081));
#1731 = CARTESIAN_POINT('',(3.929882482856,-103.5368228765,
    -72.33205241881));
#1732 = CARTESIAN_POINT('',(3.832232091564,-103.6203296981,
    -72.38273949752));
#1733 = CARTESIAN_POINT('',(3.731091738069,-103.7024864441,
    -72.42809436087));
#1734 = CARTESIAN_POINT('',(3.626858935702,-103.7827852662,
    -72.46847469962));
#1735 = CARTESIAN_POINT('',(3.52000898284,-103.8607674329,
    -72.50425836712));
#1736 = CARTESIAN_POINT('',(3.325933822379,-103.9948857159,
    -72.56053114393));
#1737 = CARTESIAN_POINT('',(3.239403188095,-104.0521503127,
    -72.58268350229));
#1738 = CARTESIAN_POINT('',(3.1516327483,-104.1077198353,-72.60250952921
    ));
#1739 = CARTESIAN_POINT('',(3.062739713087,-104.1615115349,
    -72.62021340017));
#1740 = CARTESIAN_POINT('',(2.972841069979,-104.2134575346,
    -72.63598642683));
#1741 = CARTESIAN_POINT('',(2.882053299666,-104.2635032127,
    -72.65000773676));
#1742 = CARTESIAN_POINT('',(2.715921213935,-104.3507819581,
    -72.67257428817));
#1743 = CARTESIAN_POINT('',(2.640821276954,-104.388677758,
    -72.68165503819));
#1744 = CARTESIAN_POINT('',(2.565233463864,-104.4252798458,
    -72.68977965673));
#1745 = CARTESIAN_POINT('',(2.489196629571,-104.4605787001,
    -72.69703404697));
#1746 = CARTESIAN_POINT('',(2.412747223427,-104.4945678851,
    -72.70349796553));
#1747 = CARTESIAN_POINT('',(2.335919211846,-104.5272435184,
    -72.70924542619));
#1748 = CARTESIAN_POINT('',(1.946581256864,-104.6854513726,
    -72.73497257307));
#1749 = CARTESIAN_POINT('',(1.628498674395,-104.7908749584,
    -72.74501789319));
#1750 = CARTESIAN_POINT('',(1.306294857843,-104.8748015857,
    -72.74900806056));
#1751 = CARTESIAN_POINT('',(0.981383889723,-104.9374692496,
    -72.74999837497));
#1752 = CARTESIAN_POINT('',(0.654823642149,-104.9791537585,
    -72.75000038918));
#1753 = CARTESIAN_POINT('',(0.327427293642,-105.,-72.75));
#1754 = CARTESIAN_POINT('',(-0.32742729396,-105.,-72.75));
#1755 = CARTESIAN_POINT('',(-0.654823641727,-104.9791537584,
    -72.75000038918));
#1756 = CARTESIAN_POINT('',(-0.981383889592,-104.9374692497,
    -72.74999837496));
#1757 = CARTESIAN_POINT('',(-1.306294858152,-104.8748015856,
    -72.74900806058));
#1758 = CARTESIAN_POINT('',(-1.628498674583,-104.7908749582,
    -72.74501789316));
#1759 = CARTESIAN_POINT('',(-1.946581256615,-104.6854513727,
    -72.73497257309));
#1760 = CARTESIAN_POINT('',(-2.335919211846,-104.5272435184,
    -72.70924542619));
#1761 = CARTESIAN_POINT('',(-2.412747223427,-104.4945678851,
    -72.70349796553));
#1762 = CARTESIAN_POINT('',(-2.489196629571,-104.4605787001,
    -72.69703404697));
#1763 = CARTESIAN_POINT('',(-2.565233463864,-104.4252798458,
    -72.68977965673));
#1764 = CARTESIAN_POINT('',(-2.640821276954,-104.388677758,
    -72.68165503819));
#1765 = CARTESIAN_POINT('',(-2.715921213935,-104.3507819581,
    -72.67257428817));
#1766 = CARTESIAN_POINT('',(-2.882053299662,-104.2635032127,
    -72.65000773676));
#1767 = CARTESIAN_POINT('',(-2.972841069979,-104.2134575346,
    -72.63598642683));
#1768 = CARTESIAN_POINT('',(-3.06273971309,-104.1615115349,
    -72.62021340017));
#1769 = CARTESIAN_POINT('',(-3.151632748303,-104.1077198353,
    -72.60250952921));
#1770 = CARTESIAN_POINT('',(-3.239403188094,-104.0521503127,
    -72.58268350229));
#1771 = CARTESIAN_POINT('',(-3.325933822375,-103.9948857159,
    -72.56053114393));
#1772 = CARTESIAN_POINT('',(-3.520008989818,-103.8607674281,
    -72.5042583651));
#1773 = CARTESIAN_POINT('',(-3.62685892921,-103.7827852715,
    -72.46847470288));
#1774 = CARTESIAN_POINT('',(-3.73109173242,-103.7024864481,
    -72.42809436259));
#1775 = CARTESIAN_POINT('',(-3.832232096374,-103.6203296937,
    -72.38273949429));
#1776 = CARTESIAN_POINT('',(-3.929882489537,-103.5368228712,
    -72.33205241582));
#1777 = CARTESIAN_POINT('',(-4.023710638011,-103.4525209962,
    -72.27570424484));
#1778 = CARTESIAN_POINT('',(-4.181583593778,-103.3038495556,
    -72.16608655398));
#1779 = CARTESIAN_POINT('',(-4.247296596822,-103.2396263873,
    -72.1153831807));
#1780 = CARTESIAN_POINT('',(-4.310351717053,-103.1757218481,
    -72.06125330967));
#1781 = CARTESIAN_POINT('',(-4.370573166629,-103.1125124382,
    -72.00370148155));
#1782 = CARTESIAN_POINT('',(-4.427829733867,-103.050374036,
    -71.94277891493));
#1783 = CARTESIAN_POINT('',(-4.48203084352,-102.9896718683,
    -71.87858554231));
#1784 = CARTESIAN_POINT('',(-4.577657582462,-102.8793907056,
    -71.75259715567));
#1785 = CARTESIAN_POINT('',(-4.619804639633,-102.8294131795,
    -71.69158480177));
#1786 = CARTESIAN_POINT('',(-4.659543665698,-102.7810306027,
    -71.62832456331));
#1787 = CARTESIAN_POINT('',(-4.696870077173,-102.7344466161,
    -71.56293261056));
#1788 = CARTESIAN_POINT('',(-4.731792835425,-102.6898515024,
    -71.49555198835));
#1789 = CARTESIAN_POINT('',(-4.764332452121,-102.6474178871,
    -71.42635289913));
#1790 = CARTESIAN_POINT('',(-4.81075263623,-102.5857200316,
    -71.31744763461));
#1791 = CARTESIAN_POINT('',(-4.826308687853,-102.5648083478,
    -71.27888661363));
#1792 = CARTESIAN_POINT('',(-4.841195060353,-102.544580564,
    -71.23987190816));
#1793 = CARTESIAN_POINT('',(-4.855419712365,-102.5250545376,
    -71.20042672799));
#1794 = CARTESIAN_POINT('',(-4.868990650367,-102.5062468082,
    -71.16057550764));
#1795 = CARTESIAN_POINT('',(-4.881915928674,-102.4881725976,
    -71.12034390638));
#1796 = CARTESIAN_POINT('',(-4.938290552178,-102.4086793262,
    -70.93414423014));
#1797 = CARTESIAN_POINT('',(-4.974105526353,-102.3562245807,
    -70.78419197749));
#1798 = CARTESIAN_POINT('',(-5.002193090575,-102.3138855807,
    -70.63073921673));
#1799 = CARTESIAN_POINT('',(-5.022965332746,-102.2819609755,
    -70.47467082406));
#1800 = CARTESIAN_POINT('',(-5.036703610301,-102.2606402639,
    -70.31690337291));
#1801 = CARTESIAN_POINT('',(-5.043560250458,-102.25,-70.15836912143));
#1802 = CARTESIAN_POINT('',(-5.043560250458,-102.25,-70.));
#1803 = PCURVE('',#196,#1804);
#1804 = DEFINITIONAL_REPRESENTATION('',(#1805),#1904);
#1805 = B_SPLINE_CURVE_WITH_KNOTS('',7,(#1806,#1807,#1808,#1809,#1810,
    #1811,#1812,#1813,#1814,#1815,#1816,#1817,#1818,#1819,#1820,#1821,
    #1822,#1823,#1824,#1825,#1826,#1827,#1828,#1829,#1830,#1831,#1832,
    #1833,#1834,#1835,#1836,#1837,#1838,#1839,#1840,#1841,#1842,#1843,
    #1844,#1845,#1846,#1847,#1848,#1849,#1850,#1851,#1852,#1853,#1854,
    #1855,#1856,#1857,#1858,#1859,#1860,#1861,#1862,#1863,#1864,#1865,
    #1866,#1867,#1868,#1869,#1870,#1871,#1872,#1873,#1874,#1875,#1876,
    #1877,#1878,#1879,#1880,#1881,#1882,#1883,#1884,#1885,#1886,#1887,
    #1888,#1889,#1890,#1891,#1892,#1893,#1894,#1895,#1896,#1897,#1898,
    #1899,#1900,#1901,#1902,#1903),.UNSPECIFIED.,.F.,.F.,(8,6,6,6,6,6,6,
    6,6,6,6,6,6,6,6,6,8),(0.,7.933428725974E-02,0.101446015372,
    0.142562892737,0.189733338869,0.25184111694,0.300416655447,
    0.339978393736,0.499999994397,0.660021595214,0.699583333511,
    0.748158872024,0.810266654079,0.857437100188,0.898553977534,
    0.920665706521,1.),.UNSPECIFIED.);
#1806 = CARTESIAN_POINT('',(-6.28318530718,-51.04356025045));
#1807 = CARTESIAN_POINT('',(-6.22559653577,-51.04356025045));
#1808 = CARTESIAN_POINT('',(-6.167947735796,-51.0367036103));
#1809 = CARTESIAN_POINT('',(-6.110265756983,-51.02296533274));
#1810 = CARTESIAN_POINT('',(-6.052574859548,-51.00219309056));
#1811 = CARTESIAN_POINT('',(-5.994898285531,-50.97410552635));
#1812 = CARTESIAN_POINT('',(-5.937259830137,-50.93829055219));
#1813 = CARTESIAN_POINT('',(-5.863638506997,-50.88191592819));
#1814 = CARTESIAN_POINT('',(-5.847603131144,-50.86899065038));
#1815 = CARTESIAN_POINT('',(-5.831583454613,-50.85541971285));
#1816 = CARTESIAN_POINT('',(-5.81558354155,-50.84119506077));
#1817 = CARTESIAN_POINT('',(-5.799607351152,-50.8263086877));
#1818 = CARTESIAN_POINT('',(-5.783658737666,-50.81075263558));
#1819 = CARTESIAN_POINT('',(-5.738143169069,-50.76433245212));
#1820 = CARTESIAN_POINT('',(-5.708643292597,-50.73179283542));
#1821 = CARTESIAN_POINT('',(-5.679288876702,-50.69687007717));
#1822 = CARTESIAN_POINT('',(-5.650123791996,-50.65954366569));
#1823 = CARTESIAN_POINT('',(-5.621189396007,-50.61980463963));
#1824 = CARTESIAN_POINT('',(-5.592525205219,-50.57765758246));
#1825 = CARTESIAN_POINT('',(-5.531639176039,-50.48203084352));
#1826 = CARTESIAN_POINT('',(-5.499536095291,-50.42782973386));
#1827 = CARTESIAN_POINT('',(-5.467927494595,-50.37057316662));
#1828 = CARTESIAN_POINT('',(-5.436879037092,-50.31035171705));
#1829 = CARTESIAN_POINT('',(-5.40645457522,-50.24729659682));
#1830 = CARTESIAN_POINT('',(-5.376715846625,-50.18158359377));
#1831 = CARTESIAN_POINT('',(-5.309547147817,-50.02371064381));
#1832 = CARTESIAN_POINT('',(-5.272713739831,-49.92988248285));
#1833 = CARTESIAN_POINT('',(-5.237243716125,-49.83223209156));
#1834 = CARTESIAN_POINT('',(-5.203166552805,-49.73109173806));
#1835 = CARTESIAN_POINT('',(-5.170517226851,-49.6268589357));
#1836 = CARTESIAN_POINT('',(-5.139334010911,-49.52000898284));
#1837 = CARTESIAN_POINT('',(-5.08644480597,-49.32593382237));
#1838 = CARTESIAN_POINT('',(-5.06412635175,-49.23940318809));
#1839 = CARTESIAN_POINT('',(-5.042683232941,-49.1516327483));
#1840 = CARTESIAN_POINT('',(-5.022100974556,-49.06273971308));
#1841 = CARTESIAN_POINT('',(-5.002367469777,-48.97284106997));
#1842 = CARTESIAN_POINT('',(-4.983472150617,-48.88205329966));
#1843 = CARTESIAN_POINT('',(-4.950690723424,-48.71592121393));
#1844 = CARTESIAN_POINT('',(-4.936522569307,-48.64082127695));
#1845 = CARTESIAN_POINT('',(-4.922891726411,-48.56523346386));
#1846 = CARTESIAN_POINT('',(-4.909790231358,-48.48919662957));
#1847 = CARTESIAN_POINT('',(-4.897210970832,-48.41274722342));
#1848 = CARTESIAN_POINT('',(-4.885147525205,-48.33591921184));
#1849 = CARTESIAN_POINT('',(-4.826861696331,-47.94658125686));
#1850 = CARTESIAN_POINT('',(-4.78843644881,-47.62849867439));
#1851 = CARTESIAN_POINT('',(-4.7579145534,-47.30629485784));
#1852 = CARTESIAN_POINT('',(-4.735127944458,-46.98138388972));
#1853 = CARTESIAN_POINT('',(-4.71996930913,-46.65482364214));
#1854 = CARTESIAN_POINT('',(-4.712388980385,-46.32742729364));
#1855 = CARTESIAN_POINT('',(-4.712388980385,-45.67257270604));
#1856 = CARTESIAN_POINT('',(-4.719969309144,-45.34517635827));
#1857 = CARTESIAN_POINT('',(-4.735127944417,-45.01861611041));
#1858 = CARTESIAN_POINT('',(-4.757914553418,-44.69370514184));
#1859 = CARTESIAN_POINT('',(-4.788436448853,-44.37150132541));
#1860 = CARTESIAN_POINT('',(-4.826861696293,-44.05341874338));
#1861 = CARTESIAN_POINT('',(-4.885147525205,-43.66408078815));
#1862 = CARTESIAN_POINT('',(-4.897210970832,-43.58725277657));
#1863 = CARTESIAN_POINT('',(-4.909790231358,-43.51080337042));
#1864 = CARTESIAN_POINT('',(-4.922891726411,-43.43476653613));
#1865 = CARTESIAN_POINT('',(-4.936522569307,-43.35917872304));
#1866 = CARTESIAN_POINT('',(-4.950690723424,-43.28407878606));
#1867 = CARTESIAN_POINT('',(-4.983472150616,-43.11794670033));
#1868 = CARTESIAN_POINT('',(-5.002367469777,-43.02715893002));
#1869 = CARTESIAN_POINT('',(-5.022100974556,-42.93726028691));
#1870 = CARTESIAN_POINT('',(-5.042683232942,-42.84836725169));
#1871 = CARTESIAN_POINT('',(-5.06412635175,-42.7605968119));
#1872 = CARTESIAN_POINT('',(-5.086444805969,-42.67406617762));
#1873 = CARTESIAN_POINT('',(-5.139334012813,-42.47999101018));
#1874 = CARTESIAN_POINT('',(-5.170517224557,-42.37314107079));
#1875 = CARTESIAN_POINT('',(-5.203166551231,-42.26890826758));
#1876 = CARTESIAN_POINT('',(-5.237243718134,-42.16776790362));
#1877 = CARTESIAN_POINT('',(-5.272713742053,-42.07011751046));
#1878 = CARTESIAN_POINT('',(-5.309547145349,-41.97628936198));
#1879 = CARTESIAN_POINT('',(-5.376715846625,-41.81841640622));
#1880 = CARTESIAN_POINT('',(-5.40645457522,-41.75270340317));
#1881 = CARTESIAN_POINT('',(-5.436879037092,-41.68964828294));
#1882 = CARTESIAN_POINT('',(-5.467927494595,-41.62942683337));
#1883 = CARTESIAN_POINT('',(-5.499536095291,-41.57217026613));
#1884 = CARTESIAN_POINT('',(-5.531639176039,-41.51796915648));
#1885 = CARTESIAN_POINT('',(-5.592525205219,-41.42234241753));
#1886 = CARTESIAN_POINT('',(-5.621189396007,-41.38019536036));
#1887 = CARTESIAN_POINT('',(-5.650123791996,-41.3404563343));
#1888 = CARTESIAN_POINT('',(-5.679288876702,-41.30312992282));
#1889 = CARTESIAN_POINT('',(-5.708643292597,-41.26820716457));
#1890 = CARTESIAN_POINT('',(-5.738143169069,-41.23566754787));
#1891 = CARTESIAN_POINT('',(-5.783658738303,-41.18924736377));
#1892 = CARTESIAN_POINT('',(-5.799607351227,-41.17369131214));
#1893 = CARTESIAN_POINT('',(-5.815583541044,-41.15880493964));
#1894 = CARTESIAN_POINT('',(-5.831583454104,-41.14458028763));
#1895 = CARTESIAN_POINT('',(-5.84760313121,-41.13100934963));
#1896 = CARTESIAN_POINT('',(-5.863638507626,-41.11808407132));
#1897 = CARTESIAN_POINT('',(-5.937259830116,-41.06170944782));
#1898 = CARTESIAN_POINT('',(-5.994898285527,-41.02589447364));
#1899 = CARTESIAN_POINT('',(-6.052574859564,-40.99780690942));
#1900 = CARTESIAN_POINT('',(-6.110265757,-40.97703466725));
#1901 = CARTESIAN_POINT('',(-6.167947735794,-40.96329638969));
#1902 = CARTESIAN_POINT('',(-6.225596535749,-40.95643974954));
#1903 = CARTESIAN_POINT('',(-6.28318530718,-40.95643974954));
#1904 = ( GEOMETRIC_REPRESENTATION_CONTEXT(2) 
PARAMETRIC_REPRESENTATION_CONTEXT() REPRESENTATION_CONTEXT('2D SPACE',''
  ) );
#1905 = PCURVE('',#441,#1906);
#1906 = DEFINITIONAL_REPRESENTATION('',(#1907),#2006);
#1907 = B_SPLINE_CURVE_WITH_KNOTS('',7,(#1908,#1909,#1910,#1911,#1912,
    #1913,#1914,#1915,#1916,#1917,#1918,#1919,#1920,#1921,#1922,#1923,
    #1924,#1925,#1926,#1927,#1928,#1929,#1930,#1931,#1932,#1933,#1934,
    #1935,#1936,#1937,#1938,#1939,#1940,#1941,#1942,#1943,#1944,#1945,
    #1946,#1947,#1948,#1949,#1950,#1951,#1952,#1953,#1954,#1955,#1956,
    #1957,#1958,#1959,#1960,#1961,#1962,#1963,#1964,#1965,#1966,#1967,
    #1968,#1969,#1970,#1971,#1972,#1973,#1974,#1975,#1976,#1977,#1978,
    #1979,#1980,#1981,#1982,#1983,#1984,#1985,#1986,#1987,#1988,#1989,
    #1990,#1991,#1992,#1993,#1994,#1995,#1996,#1997,#1998,#1999,#2000,
    #2001,#2002,#2003,#2004,#2005),.UNSPECIFIED.,.F.,.F.,(8,6,6,6,6,6,6,
    6,6,6,6,6,6,6,6,6,8),(0.,7.933428725974E-02,0.101446015372,
    0.142562892737,0.189733338869,0.25184111694,0.300416655447,
    0.339978393736,0.499999994397,0.660021595214,0.699583333511,
    0.748158872024,0.810266654079,0.857437100188,0.898553977534,
    0.920665706521,1.),.UNSPECIFIED.);
#1908 = CARTESIAN_POINT('',(0.572418572093,-13.));
#1909 = CARTESIAN_POINT('',(0.572418572093,-12.84163087862));
#1910 = CARTESIAN_POINT('',(0.574528106164,-12.68309662709));
#1911 = CARTESIAN_POINT('',(0.578755666687,-12.52532917588));
#1912 = CARTESIAN_POINT('',(0.585103538853,-12.36926078322));
#1913 = CARTESIAN_POINT('',(0.593570575122,-12.21580802251));
#1914 = CARTESIAN_POINT('',(0.60415496967,-12.0658557699));
#1915 = CARTESIAN_POINT('',(0.620397299951,-11.87965609202));
#1916 = CARTESIAN_POINT('',(0.624100650687,-11.83942449215));
#1917 = CARTESIAN_POINT('',(0.627966040931,-11.79957327324));
#1918 = CARTESIAN_POINT('',(0.631992282391,-11.76012809309));
#1919 = CARTESIAN_POINT('',(0.636178042607,-11.72111338622));
#1920 = CARTESIAN_POINT('',(0.640521844955,-11.68255236386));
#1921 = CARTESIAN_POINT('',(0.6533902588,-11.57364710086));
#1922 = CARTESIAN_POINT('',(0.662302176496,-11.50444801164));
#1923 = CARTESIAN_POINT('',(0.671741702313,-11.43706738943));
#1924 = CARTESIAN_POINT('',(0.681689444061,-11.37167543668));
#1925 = CARTESIAN_POINT('',(0.692123175446,-11.30841519822));
#1926 = CARTESIAN_POINT('',(0.703018274737,-11.24740284432));
#1927 = CARTESIAN_POINT('',(0.72734613259,-11.12141445769));
#1928 = CARTESIAN_POINT('',(0.740907863374,-11.05722108507));
#1929 = CARTESIAN_POINT('',(0.754987577411,-10.99629851844));
#1930 = CARTESIAN_POINT('',(0.769534502043,-10.93874669032));
#1931 = CARTESIAN_POINT('',(0.784493354289,-10.88461681929));
#1932 = CARTESIAN_POINT('',(0.799804824816,-10.83391344601));
#1933 = CARTESIAN_POINT('',(0.835947698689,-10.72429575918));
#1934 = CARTESIAN_POINT('',(0.856964800178,-10.66794758119));
#1935 = CARTESIAN_POINT('',(0.878368862699,-10.61726050247));
#1936 = CARTESIAN_POINT('',(0.900073453161,-10.57190563912));
#1937 = CARTESIAN_POINT('',(0.921991162653,-10.53152530037));
#1938 = CARTESIAN_POINT('',(0.944030560045,-10.49574163287));
#1939 = CARTESIAN_POINT('',(0.983348665057,-10.43946885606));
#1940 = CARTESIAN_POINT('',(1.000639025428,-10.41731649771));
#1941 = CARTESIAN_POINT('',(1.017947166019,-10.39749047078));
#1942 = CARTESIAN_POINT('',(1.035257703067,-10.37978659982));
#1943 = CARTESIAN_POINT('',(1.052556647066,-10.36401357316));
#1944 = CARTESIAN_POINT('',(1.069831120105,-10.34999226323));
#1945 = CARTESIAN_POINT('',(1.10110830797,-10.32742571182));
#1946 = CARTESIAN_POINT('',(1.115126339672,-10.3183449618));
#1947 = CARTESIAN_POINT('',(1.129120596801,-10.31022034327));
#1948 = CARTESIAN_POINT('',(1.143089062209,-10.30296595302));
#1949 = CARTESIAN_POINT('',(1.157030232396,-10.29650203446));
#1950 = CARTESIAN_POINT('',(1.170943076787,-10.2907545738));
#1951 = CARTESIAN_POINT('',(1.240985478295,-10.26502742692));
#1952 = CARTESIAN_POINT('',(1.296713810617,-10.2549821068));
#1953 = CARTESIAN_POINT('',(1.352018981661,-10.25099193943));
#1954 = CARTESIAN_POINT('',(1.406966914298,-10.25000162502));
#1955 = CARTESIAN_POINT('',(1.46165905025,-10.24999961081));
#1956 = CARTESIAN_POINT('',(1.516225111188,-10.25));
#1957 = CARTESIAN_POINT('',(1.625367542455,-10.25));
#1958 = CARTESIAN_POINT('',(1.679933603269,-10.24999961081));
#1959 = CARTESIAN_POINT('',(1.734625739269,-10.25000162503));
#1960 = CARTESIAN_POINT('',(1.789573671978,-10.25099193941));
#1961 = CARTESIAN_POINT('',(1.844878843009,-10.25498210683));
#1962 = CARTESIAN_POINT('',(1.90060717525,-10.26502742691));
#1963 = CARTESIAN_POINT('',(1.970649576803,-10.2907545738));
#1964 = CARTESIAN_POINT('',(1.984562421194,-10.29650203446));
#1965 = CARTESIAN_POINT('',(1.99850359138,-10.30296595302));
#1966 = CARTESIAN_POINT('',(2.012472056789,-10.31022034327));
#1967 = CARTESIAN_POINT('',(2.026466313917,-10.3183449618));
#1968 = CARTESIAN_POINT('',(2.04048434562,-10.32742571182));
#1969 = CARTESIAN_POINT('',(2.071761533484,-10.34999226323));
#1970 = CARTESIAN_POINT('',(2.089036006523,-10.36401357316));
#1971 = CARTESIAN_POINT('',(2.106334950523,-10.37978659982));
#1972 = CARTESIAN_POINT('',(2.123645487572,-10.39749047078));
#1973 = CARTESIAN_POINT('',(2.140953628162,-10.41731649771));
#1974 = CARTESIAN_POINT('',(2.158243988532,-10.43946885606));
#1975 = CARTESIAN_POINT('',(2.197562094958,-10.49574163489));
#1976 = CARTESIAN_POINT('',(2.21960148953,-10.53152529711));
#1977 = CARTESIAN_POINT('',(2.241519199278,-10.5719056374));
#1978 = CARTESIAN_POINT('',(2.263223791986,-10.6172605057));
#1979 = CARTESIAN_POINT('',(2.284627854836,-10.66794758417));
#1980 = CARTESIAN_POINT('',(2.305644953573,-10.72429575515));
#1981 = CARTESIAN_POINT('',(2.341787828774,-10.83391344601));
#1982 = CARTESIAN_POINT('',(2.357099299301,-10.88461681929));
#1983 = CARTESIAN_POINT('',(2.372058151546,-10.93874669032));
#1984 = CARTESIAN_POINT('',(2.386605076179,-10.99629851844));
#1985 = CARTESIAN_POINT('',(2.400684790216,-11.05722108507));
#1986 = CARTESIAN_POINT('',(2.414246521,-11.12141445769));
#1987 = CARTESIAN_POINT('',(2.438574378853,-11.24740284432));
#1988 = CARTESIAN_POINT('',(2.449469478143,-11.30841519822));
#1989 = CARTESIAN_POINT('',(2.459903209529,-11.37167543668));
#1990 = CARTESIAN_POINT('',(2.469850951277,-11.43706738943));
#1991 = CARTESIAN_POINT('',(2.479290477094,-11.50444801164));
#1992 = CARTESIAN_POINT('',(2.48820239479,-11.57364710086));
#1993 = CARTESIAN_POINT('',(2.501070808815,-11.68255236538));
#1994 = CARTESIAN_POINT('',(2.505414611022,-11.72111338636));
#1995 = CARTESIAN_POINT('',(2.50960037108,-11.76012809183));
#1996 = CARTESIAN_POINT('',(2.513626612523,-11.799573272));
#1997 = CARTESIAN_POINT('',(2.517492002899,-11.83942449235));
#1998 = CARTESIAN_POINT('',(2.521195353778,-11.87965609361));
#1999 = CARTESIAN_POINT('',(2.537437683915,-12.06585576985));
#2000 = CARTESIAN_POINT('',(2.548022078469,-12.2158080225));
#2001 = CARTESIAN_POINT('',(2.55648911474,-12.36926078326));
#2002 = CARTESIAN_POINT('',(2.562836986903,-12.52532917593));
#2003 = CARTESIAN_POINT('',(2.567064547424,-12.68309662708));
#2004 = CARTESIAN_POINT('',(2.569174081497,-12.84163087856));
#2005 = CARTESIAN_POINT('',(2.569174081497,-13.));
#2006 = ( GEOMETRIC_REPRESENTATION_CONTEXT(2) 
PARAMETRIC_REPRESENTATION_CONTEXT() REPRESENTATION_CONTEXT('2D SPACE',''
  ) );
#2007 = ORIENTED_EDGE('',*,*,#1321,.F.);
#2008 = ADVANCED_FACE('',(#2009,#2015,#2018),#272,.T.);
#2009 = FACE_BOUND('',#2010,.T.);
#2010 = EDGE_LOOP('',(#2011,#2012,#2013,#2014));
#2011 = ORIENTED_EDGE('',*,*,#258,.F.);
#2012 = ORIENTED_EDGE('',*,*,#458,.T.);
#2013 = ORIENTED_EDGE('',*,*,#608,.T.);
#2014 = ORIENTED_EDGE('',*,*,#289,.F.);
#2015 = FACE_BOUND('',#2016,.T.);
#2016 = EDGE_LOOP('',(#2017));
#2017 = ORIENTED_EDGE('',*,*,#656,.T.);
#2018 = FACE_BOUND('',#2019,.T.);
#2019 = EDGE_LOOP('',(#2020));
#2020 = ORIENTED_EDGE('',*,*,#1675,.T.);
#2021 = ADVANCED_FACE('',(#2022),#352,.F.);
#2022 = FACE_BOUND('',#2023,.F.);
#2023 = EDGE_LOOP('',(#2024,#2025,#2046,#2047));
#2024 = ORIENTED_EDGE('',*,*,#504,.T.);
#2025 = ORIENTED_EDGE('',*,*,#2026,.T.);
#2026 = EDGE_CURVE('',#507,#338,#2027,.T.);
#2027 = SURFACE_CURVE('',#2028,(#2032,#2039),.PCURVE_S1.);
#2028 = LINE('',#2029,#2030);
#2029 = CARTESIAN_POINT('',(-6.,-99.,-83.));
#2030 = VECTOR('',#2031,1.);
#2031 = DIRECTION('',(0.,0.,1.));
#2032 = PCURVE('',#352,#2033);
#2033 = DEFINITIONAL_REPRESENTATION('',(#2034),#2038);
#2034 = LINE('',#2035,#2036);
#2035 = CARTESIAN_POINT('',(0.,0.));
#2036 = VECTOR('',#2037,1.);
#2037 = DIRECTION('',(0.,-1.));
#2038 = ( GEOMETRIC_REPRESENTATION_CONTEXT(2) 
PARAMETRIC_REPRESENTATION_CONTEXT() REPRESENTATION_CONTEXT('2D SPACE',''
  ) );
#2039 = PCURVE('',#441,#2040);
#2040 = DEFINITIONAL_REPRESENTATION('',(#2041),#2045);
#2041 = LINE('',#2042,#2043);
#2042 = CARTESIAN_POINT('',(3.14159265359,0.));
#2043 = VECTOR('',#2044,1.);
#2044 = DIRECTION('',(0.,-1.));
#2045 = ( GEOMETRIC_REPRESENTATION_CONTEXT(2) 
PARAMETRIC_REPRESENTATION_CONTEXT() REPRESENTATION_CONTEXT('2D SPACE',''
  ) );
#2046 = ORIENTED_EDGE('',*,*,#335,.F.);
#2047 = ORIENTED_EDGE('',*,*,#2048,.F.);
#2048 = EDGE_CURVE('',#505,#336,#2049,.T.);
#2049 = SURFACE_CURVE('',#2050,(#2054,#2061),.PCURVE_S1.);
#2050 = LINE('',#2051,#2052);
#2051 = CARTESIAN_POINT('',(-6.,-81.,-83.));
#2052 = VECTOR('',#2053,1.);
#2053 = DIRECTION('',(0.,0.,1.));
#2054 = PCURVE('',#352,#2055);
#2055 = DEFINITIONAL_REPRESENTATION('',(#2056),#2060);
#2056 = LINE('',#2057,#2058);
#2057 = CARTESIAN_POINT('',(18.,0.));
#2058 = VECTOR('',#2059,1.);
#2059 = DIRECTION('',(0.,-1.));
#2060 = ( GEOMETRIC_REPRESENTATION_CONTEXT(2) 
PARAMETRIC_REPRESENTATION_CONTEXT() REPRESENTATION_CONTEXT('2D SPACE',''
  ) );
#2061 = PCURVE('',#384,#2062);
#2062 = DEFINITIONAL_REPRESENTATION('',(#2063),#2067);
#2063 = LINE('',#2064,#2065);
#2064 = CARTESIAN_POINT('',(0.,0.));
#2065 = VECTOR('',#2066,1.);
#2066 = DIRECTION('',(0.,-1.));
#2067 = ( GEOMETRIC_REPRESENTATION_CONTEXT(2) 
PARAMETRIC_REPRESENTATION_CONTEXT() REPRESENTATION_CONTEXT('2D SPACE',''
  ) );
#2068 = ADVANCED_FACE('',(#2069,#2095),#441,.F.);
#2069 = FACE_BOUND('',#2070,.F.);
#2070 = EDGE_LOOP('',(#2071,#2072,#2093,#2094));
#2071 = ORIENTED_EDGE('',*,*,#576,.F.);
#2072 = ORIENTED_EDGE('',*,*,#2073,.T.);
#2073 = EDGE_CURVE('',#556,#397,#2074,.T.);
#2074 = SURFACE_CURVE('',#2075,(#2079,#2086),.PCURVE_S1.);
#2075 = LINE('',#2076,#2077);
#2076 = CARTESIAN_POINT('',(6.,-99.,-83.));
#2077 = VECTOR('',#2078,1.);
#2078 = DIRECTION('',(0.,0.,1.));
#2079 = PCURVE('',#441,#2080);
#2080 = DEFINITIONAL_REPRESENTATION('',(#2081),#2085);
#2081 = LINE('',#2082,#2083);
#2082 = CARTESIAN_POINT('',(0.,0.));
#2083 = VECTOR('',#2084,1.);
#2084 = DIRECTION('',(0.,-1.));
#2085 = ( GEOMETRIC_REPRESENTATION_CONTEXT(2) 
PARAMETRIC_REPRESENTATION_CONTEXT() REPRESENTATION_CONTEXT('2D SPACE',''
  ) );
#2086 = PCURVE('',#411,#2087);
#2087 = DEFINITIONAL_REPRESENTATION('',(#2088),#2092);
#2088 = LINE('',#2089,#2090);
#2089 = CARTESIAN_POINT('',(18.,0.));
#2090 = VECTOR('',#2091,1.);
#2091 = DIRECTION('',(0.,-1.));
#2092 = ( GEOMETRIC_REPRESENTATION_CONTEXT(2) 
PARAMETRIC_REPRESENTATION_CONTEXT() REPRESENTATION_CONTEXT('2D SPACE',''
  ) );
#2093 = ORIENTED_EDGE('',*,*,#422,.T.);
#2094 = ORIENTED_EDGE('',*,*,#2026,.F.);
#2095 = FACE_BOUND('',#2096,.F.);
#2096 = EDGE_LOOP('',(#2097,#2098));
#2097 = ORIENTED_EDGE('',*,*,#1344,.T.);
#2098 = ORIENTED_EDGE('',*,*,#1702,.T.);
#2099 = ADVANCED_FACE('',(#2100),#411,.F.);
#2100 = FACE_BOUND('',#2101,.F.);
#2101 = EDGE_LOOP('',(#2102,#2103,#2124,#2125));
#2102 = ORIENTED_EDGE('',*,*,#555,.T.);
#2103 = ORIENTED_EDGE('',*,*,#2104,.T.);
#2104 = EDGE_CURVE('',#528,#364,#2105,.T.);
#2105 = SURFACE_CURVE('',#2106,(#2110,#2117),.PCURVE_S1.);
#2106 = LINE('',#2107,#2108);
#2107 = CARTESIAN_POINT('',(6.,-81.,-83.));
#2108 = VECTOR('',#2109,1.);
#2109 = DIRECTION('',(0.,0.,1.));
#2110 = PCURVE('',#411,#2111);
#2111 = DEFINITIONAL_REPRESENTATION('',(#2112),#2116);
#2112 = LINE('',#2113,#2114);
#2113 = CARTESIAN_POINT('',(0.,0.));
#2114 = VECTOR('',#2115,1.);
#2115 = DIRECTION('',(0.,-1.));
#2116 = ( GEOMETRIC_REPRESENTATION_CONTEXT(2) 
PARAMETRIC_REPRESENTATION_CONTEXT() REPRESENTATION_CONTEXT('2D SPACE',''
  ) );
#2117 = PCURVE('',#384,#2118);
#2118 = DEFINITIONAL_REPRESENTATION('',(#2119),#2123);
#2119 = LINE('',#2120,#2121);
#2120 = CARTESIAN_POINT('',(3.14159265359,0.));
#2121 = VECTOR('',#2122,1.);
#2122 = DIRECTION('',(0.,-1.));
#2123 = ( GEOMETRIC_REPRESENTATION_CONTEXT(2) 
PARAMETRIC_REPRESENTATION_CONTEXT() REPRESENTATION_CONTEXT('2D SPACE',''
  ) );
#2124 = ORIENTED_EDGE('',*,*,#396,.F.);
#2125 = ORIENTED_EDGE('',*,*,#2073,.F.);
#2126 = ADVANCED_FACE('',(#2127,#2133),#384,.F.);
#2127 = FACE_BOUND('',#2128,.F.);
#2128 = EDGE_LOOP('',(#2129,#2130,#2131,#2132));
#2129 = ORIENTED_EDGE('',*,*,#527,.F.);
#2130 = ORIENTED_EDGE('',*,*,#2048,.T.);
#2131 = ORIENTED_EDGE('',*,*,#363,.T.);
#2132 = ORIENTED_EDGE('',*,*,#2104,.F.);
#2133 = FACE_BOUND('',#2134,.F.);
#2134 = EDGE_LOOP('',(#2135));
#2135 = ORIENTED_EDGE('',*,*,#685,.T.);
#2136 = ( GEOMETRIC_REPRESENTATION_CONTEXT(3) 
GLOBAL_UNCERTAINTY_ASSIGNED_CONTEXT((#2140)) 
GLOBAL_UNIT_ASSIGNED_CONTEXT((#2137,#2138,#2139)) REPRESENTATION_CONTEXT
('Context #1','3D Context with UNIT and UNCERTAINTY') );
#2137 = ( LENGTH_UNIT() NAMED_UNIT(*) SI_UNIT(.MILLI.,.METRE.) );
#2138 = ( NAMED_UNIT(*) PLANE_ANGLE_UNIT() SI_UNIT($,.RADIAN.) );
#2139 = ( NAMED_UNIT(*) SI_UNIT($,.STERADIAN.) SOLID_ANGLE_UNIT() );
#2140 = UNCERTAINTY_MEASURE_WITH_UNIT(LENGTH_MEASURE(1.E-07),#2137,
  'distance_accuracy_value','confusion accuracy');
#2141 = PRODUCT_RELATED_PRODUCT_CATEGORY('part',$,(#7));
ENDSEC;
END-ISO-10303-21;
