ISO-10303-21;
HEADER;
FILE_DESCRIPTION(('Open CASCADE Model'),'2;1');
FILE_NAME('Open CASCADE Shape Model','2026-10-06T19:56:10',('Author'),(
    'Open CASCADE'),'Open CASCADE STEP processor 7.9','Open CASCADE 7.9'
  ,'Unknown');
FILE_SCHEMA(('AUTOMOTIVE_DESIGN { 1 0 10303 214 1 1 1 1 }'));
ENDSEC;
DATA;
#1 = APPLICATION_PROTOCOL_DEFINITION('international standard',
  'automotive_design',2000,#2);
#2 = APPLICATION_CONTEXT(
  'core data for automotive mechanical design processes');
#3 = SHAPE_DEFINITION_REPRESENTATION(#4,#10);
#4 = PRODUCT_DEFINITION_SHAPE('','',#5);
#5 = PRODUCT_DEFINITION('design','',#6,#9);
#6 = PRODUCT_DEFINITION_FORMATION('','',#7);
#7 = PRODUCT('Open CASCADE STEP translator 7.9 25',
  'Open CASCADE STEP translator 7.9 25','',(#8));
#8 = PRODUCT_CONTEXT('',#2,'mechanical');
#9 = PRODUCT_DEFINITION_CONTEXT('part definition',#2,'design');
#10 = ADVANCED_BREP_SHAPE_REPRESENTATION('',(#11,#15),#6787);
#11 = AXIS2_PLACEMENT_3D('',#12,#13,#14);
#12 = CARTESIAN_POINT('',(0.,0.,0.));
#13 = DIRECTION('',(0.,0.,1.));
#14 = DIRECTION('',(1.,0.,-0.));
#15 = MANIFOLD_SOLID_BREP('',#16);
#16 = CLOSED_SHELL('',(#17,#179,#582,#1305,#1743,#2442,#3251,#3365,#3410
    ,#3945,#4560,#4586,#5102,#5241,#5318,#5368,#5395,#5534,#5611,#5661,
    #5800,#5877,#5927,#5954,#5961,#6100,#6177,#6227,#6276,#6303,#6357,
    #6367,#6416,#6443,#6497,#6507,#6556,#6583,#6637,#6647,#6696,#6723,
    #6777));
#17 = ADVANCED_FACE('',(#18),#32,.F.);
#18 = FACE_BOUND('',#19,.F.);
#19 = EDGE_LOOP('',(#20,#69,#110,#138));
#20 = ORIENTED_EDGE('',*,*,#21,.T.);
#21 = EDGE_CURVE('',#22,#24,#26,.T.);
#22 = VERTEX_POINT('',#23);
#23 = CARTESIAN_POINT('',(-44.5,-50.,52.));
#24 = VERTEX_POINT('',#25);
#25 = CARTESIAN_POINT('',(44.5,-50.,52.));
#26 = SURFACE_CURVE('',#27,(#31,#57),.PCURVE_S1.);
#27 = LINE('',#28,#29);
#28 = CARTESIAN_POINT('',(-44.5,-50.,52.));
#29 = VECTOR('',#30,1.);
#30 = DIRECTION('',(1.,0.,0.));
#31 = PCURVE('',#32,#51);
#32 = B_SPLINE_SURFACE_WITH_KNOTS('',8,1,(
    (#33,#34)
    ,(#35,#36)
    ,(#37,#38)
    ,(#39,#40)
    ,(#41,#42)
    ,(#43,#44)
    ,(#45,#46)
    ,(#47,#48)
    ,(#49,#50)),.UNSPECIFIED.,.F.,.F.,.F.,(9,9),(2,2),(0.,89.),(0.,1.),
  .PIECEWISE_BEZIER_KNOTS.);
#33 = CARTESIAN_POINT('',(-44.5,-50.,52.));
#34 = CARTESIAN_POINT('',(-21.7092002396,-35.36892173867,36.));
#35 = CARTESIAN_POINT('',(-33.375,-50.,52.));
#36 = CARTESIAN_POINT('',(-16.84155411848,-38.35664935784,36.));
#37 = CARTESIAN_POINT('',(-22.25,-50.,52.));
#38 = CARTESIAN_POINT('',(-11.5039811506,-40.57876605831,35.999999999999
    ));
#39 = CARTESIAN_POINT('',(-11.125,-50.,52.));
#40 = CARTESIAN_POINT('',(-5.836972021004,-41.94904026294,
    36.000000000002));
#41 = CARTESIAN_POINT('',(-6.661338147751E-16,-50.,52.));
#42 = CARTESIAN_POINT('',(-1.048050535246E-13,-42.41217654369,
    35.999999999998));
#43 = CARTESIAN_POINT('',(11.125,-50.,52.));
#44 = CARTESIAN_POINT('',(5.836972021004,-41.94904026294,36.000000000002
    ));
#45 = CARTESIAN_POINT('',(22.25,-50.,52.));
#46 = CARTESIAN_POINT('',(11.503981150608,-40.57876605831,
    35.999999999999));
#47 = CARTESIAN_POINT('',(33.375,-50.,52.));
#48 = CARTESIAN_POINT('',(16.841554118486,-38.35664935784,36.));
#49 = CARTESIAN_POINT('',(44.5,-50.,52.));
#50 = CARTESIAN_POINT('',(21.709200239603,-35.36892173867,36.));
#51 = DEFINITIONAL_REPRESENTATION('',(#52),#56);
#52 = LINE('',#53,#54);
#53 = CARTESIAN_POINT('',(0.,0.));
#54 = VECTOR('',#55,1.);
#55 = DIRECTION('',(1.,0.));
#56 = ( GEOMETRIC_REPRESENTATION_CONTEXT(2) 
PARAMETRIC_REPRESENTATION_CONTEXT() REPRESENTATION_CONTEXT('2D SPACE',''
  ) );
#57 = PCURVE('',#58,#63);
#58 = PLANE('',#59);
#59 = AXIS2_PLACEMENT_3D('',#60,#61,#62);
#60 = CARTESIAN_POINT('',(-44.5,-50.,52.));
#61 = DIRECTION('',(0.,0.,-1.));
#62 = DIRECTION('',(0.523113258786,0.852263174426,0.));
#63 = DEFINITIONAL_REPRESENTATION('',(#64),#68);
#64 = LINE('',#65,#66);
#65 = CARTESIAN_POINT('',(0.,0.));
#66 = VECTOR('',#67,1.);
#67 = DIRECTION('',(0.523113258786,0.852263174426));
#68 = ( GEOMETRIC_REPRESENTATION_CONTEXT(2) 
PARAMETRIC_REPRESENTATION_CONTEXT() REPRESENTATION_CONTEXT('2D SPACE',''
  ) );
#69 = ORIENTED_EDGE('',*,*,#70,.T.);
#70 = EDGE_CURVE('',#24,#71,#73,.T.);
#71 = VERTEX_POINT('',#72);
#72 = CARTESIAN_POINT('',(21.709200239603,-35.36892173867,36.));
#73 = SURFACE_CURVE('',#74,(#77,#84),.PCURVE_S1.);
#74 = B_SPLINE_CURVE_WITH_KNOTS('',1,(#75,#76),.UNSPECIFIED.,.F.,.F.,(2,
    2),(0.,1.),.PIECEWISE_BEZIER_KNOTS.);
#75 = CARTESIAN_POINT('',(44.5,-50.,52.));
#76 = CARTESIAN_POINT('',(21.709200239603,-35.36892173867,36.));
#77 = PCURVE('',#32,#78);
#78 = DEFINITIONAL_REPRESENTATION('',(#79),#83);
#79 = LINE('',#80,#81);
#80 = CARTESIAN_POINT('',(89.,0.));
#81 = VECTOR('',#82,1.);
#82 = DIRECTION('',(0.,1.));
#83 = ( GEOMETRIC_REPRESENTATION_CONTEXT(2) 
PARAMETRIC_REPRESENTATION_CONTEXT() REPRESENTATION_CONTEXT('2D SPACE',''
  ) );
#84 = PCURVE('',#85,#104);
#85 = B_SPLINE_SURFACE_WITH_KNOTS('',8,1,(
    (#86,#87)
    ,(#88,#89)
    ,(#90,#91)
    ,(#92,#93)
    ,(#94,#95)
    ,(#96,#97)
    ,(#98,#99)
    ,(#100,#101)
    ,(#102,#103
    )),.UNSPECIFIED.,.F.,.F.,.F.,(9,9),(2,2),(0.,72.5),(0.,1.),
  .PIECEWISE_BEZIER_KNOTS.);
#86 = CARTESIAN_POINT('',(44.5,-50.,52.));
#87 = CARTESIAN_POINT('',(21.709200239603,-35.36892173867,36.));
#88 = CARTESIAN_POINT('',(44.5,-40.9375,52.));
#89 = CARTESIAN_POINT('',(26.220048722771,-32.60019404901,36.));
#90 = CARTESIAN_POINT('',(44.5,-31.875,52.));
#91 = CARTESIAN_POINT('',(30.327336781083,-29.17398015232,36.));
#92 = CARTESIAN_POINT('',(44.5,-22.8125,52.));
#93 = CARTESIAN_POINT('',(33.919258974382,-25.15890575617,36.));
#94 = CARTESIAN_POINT('',(44.5,-13.75,52.));
#95 = CARTESIAN_POINT('',(36.898015002485,-20.64640906685,36.));
#96 = CARTESIAN_POINT('',(44.5,-4.6875,52.));
#97 = CARTESIAN_POINT('',(39.185622982523,-15.74717815009,36.));
#98 = CARTESIAN_POINT('',(44.5,4.375,52.));
#99 = CARTESIAN_POINT('',(40.728540909106,-10.5855764877,36.));
#100 = CARTESIAN_POINT('',(44.5,13.4375,52.));
#101 = CARTESIAN_POINT('',(41.5,-5.292788212052,36.));
#102 = CARTESIAN_POINT('',(44.5,22.5,52.));
#103 = CARTESIAN_POINT('',(41.5,-7.105427357601E-15,36.));
#104 = DEFINITIONAL_REPRESENTATION('',(#105),#109);
#105 = LINE('',#106,#107);
#106 = CARTESIAN_POINT('',(0.,0.));
#107 = VECTOR('',#108,1.);
#108 = DIRECTION('',(0.,1.));
#109 = ( GEOMETRIC_REPRESENTATION_CONTEXT(2) 
PARAMETRIC_REPRESENTATION_CONTEXT() REPRESENTATION_CONTEXT('2D SPACE',''
  ) );
#110 = ORIENTED_EDGE('',*,*,#111,.F.);
#111 = EDGE_CURVE('',#112,#71,#114,.T.);
#112 = VERTEX_POINT('',#113);
#113 = CARTESIAN_POINT('',(-21.7092002396,-35.36892173867,36.));
#114 = SURFACE_CURVE('',#115,(#120,#126),.PCURVE_S1.);
#115 = CIRCLE('',#116,41.5);
#116 = AXIS2_PLACEMENT_3D('',#117,#118,#119);
#117 = CARTESIAN_POINT('',(0.,0.,36.));
#118 = DIRECTION('',(0.,0.,1.));
#119 = DIRECTION('',(1.,0.,0.));
#120 = PCURVE('',#32,#121);
#121 = DEFINITIONAL_REPRESENTATION('',(#122),#125);
#122 = B_SPLINE_CURVE_WITH_KNOTS('',1,(#123,#124),.UNSPECIFIED.,.F.,.F.,
  (2,2),(4.161889176395,5.262888784374),.PIECEWISE_BEZIER_KNOTS.);
#123 = CARTESIAN_POINT('',(0.,1.));
#124 = CARTESIAN_POINT('',(89.,1.));
#125 = ( GEOMETRIC_REPRESENTATION_CONTEXT(2) 
PARAMETRIC_REPRESENTATION_CONTEXT() REPRESENTATION_CONTEXT('2D SPACE',''
  ) );
#126 = PCURVE('',#127,#132);
#127 = PLANE('',#128);
#128 = AXIS2_PLACEMENT_3D('',#129,#130,#131);
#129 = CARTESIAN_POINT('',(0.,0.,36.));
#130 = DIRECTION('',(0.,0.,1.));
#131 = DIRECTION('',(1.,0.,0.));
#132 = DEFINITIONAL_REPRESENTATION('',(#133),#137);
#133 = CIRCLE('',#134,41.5);
#134 = AXIS2_PLACEMENT_2D('',#135,#136);
#135 = CARTESIAN_POINT('',(0.,0.));
#136 = DIRECTION('',(1.,0.));
#137 = ( GEOMETRIC_REPRESENTATION_CONTEXT(2) 
PARAMETRIC_REPRESENTATION_CONTEXT() REPRESENTATION_CONTEXT('2D SPACE',''
  ) );
#138 = ORIENTED_EDGE('',*,*,#139,.F.);
#139 = EDGE_CURVE('',#22,#112,#140,.T.);
#140 = SURFACE_CURVE('',#141,(#144,#151),.PCURVE_S1.);
#141 = B_SPLINE_CURVE_WITH_KNOTS('',1,(#142,#143),.UNSPECIFIED.,.F.,.F.,
  (2,2),(0.,1.),.PIECEWISE_BEZIER_KNOTS.);
#142 = CARTESIAN_POINT('',(-44.5,-50.,52.));
#143 = CARTESIAN_POINT('',(-21.7092002396,-35.36892173867,36.));
#144 = PCURVE('',#32,#145);
#145 = DEFINITIONAL_REPRESENTATION('',(#146),#150);
#146 = LINE('',#147,#148);
#147 = CARTESIAN_POINT('',(0.,0.));
#148 = VECTOR('',#149,1.);
#149 = DIRECTION('',(0.,1.));
#150 = ( GEOMETRIC_REPRESENTATION_CONTEXT(2) 
PARAMETRIC_REPRESENTATION_CONTEXT() REPRESENTATION_CONTEXT('2D SPACE',''
  ) );
#151 = PCURVE('',#152,#173);
#152 = B_SPLINE_SURFACE_WITH_KNOTS('',9,1,(
    (#153,#154)
    ,(#155,#156)
    ,(#157,#158)
    ,(#159,#160)
    ,(#161,#162)
    ,(#163,#164)
    ,(#165,#166)
    ,(#167,#168)
    ,(#169,#170)
    ,(#171,#172
    )),.UNSPECIFIED.,.F.,.F.,.F.,(10,10),(2,2),(0.,145.),(0.,1.),
  .PIECEWISE_BEZIER_KNOTS.);
#153 = CARTESIAN_POINT('',(-44.5,95.,52.));
#154 = CARTESIAN_POINT('',(-21.7092002396,35.368921738679,36.));
#155 = CARTESIAN_POINT('',(-44.5,78.888888888889,52.));
#156 = CARTESIAN_POINT('',(-29.7284864319,30.446739179268,
    36.000000000001));
#157 = CARTESIAN_POINT('',(-44.5,62.777777777778,52.));
#158 = CARTESIAN_POINT('',(-36.49225327909,23.479044304581,
    35.999999999997));
#159 = CARTESIAN_POINT('',(-44.5,46.666666666667,52.));
#160 = CARTESIAN_POINT('',(-41.40418880897,14.831836849938,
    36.000000000005));
#161 = CARTESIAN_POINT('',(-44.5,30.555555555556,52.));
#162 = CARTESIAN_POINT('',(-43.99255105595,5.073924827785,
    35.999999999994));
#163 = CARTESIAN_POINT('',(-44.5,14.444444444444,52.));
#164 = CARTESIAN_POINT('',(-43.99255105595,-5.073924827785,
    36.000000000005));
#165 = CARTESIAN_POINT('',(-44.5,-1.666666666667,52.));
#166 = CARTESIAN_POINT('',(-41.40418880897,-14.83183684993,
    35.999999999997));
#167 = CARTESIAN_POINT('',(-44.5,-17.77777777777,52.));
#168 = CARTESIAN_POINT('',(-36.49225327909,-23.47904430458,
    36.000000000001));
#169 = CARTESIAN_POINT('',(-44.5,-33.88888888888,52.));
#170 = CARTESIAN_POINT('',(-29.7284864319,-30.44673917926,36.));
#171 = CARTESIAN_POINT('',(-44.5,-50.,52.));
#172 = CARTESIAN_POINT('',(-21.7092002396,-35.36892173867,36.));
#173 = DEFINITIONAL_REPRESENTATION('',(#174),#178);
#174 = LINE('',#175,#176);
#175 = CARTESIAN_POINT('',(145.,0.));
#176 = VECTOR('',#177,1.);
#177 = DIRECTION('',(0.,1.));
#178 = ( GEOMETRIC_REPRESENTATION_CONTEXT(2) 
PARAMETRIC_REPRESENTATION_CONTEXT() REPRESENTATION_CONTEXT('2D SPACE',''
  ) );
#179 = ADVANCED_FACE('',(#180,#311),#58,.F.);
#180 = FACE_BOUND('',#181,.F.);
#181 = EDGE_LOOP('',(#182,#183,#206,#248,#290));
#182 = ORIENTED_EDGE('',*,*,#21,.F.);
#183 = ORIENTED_EDGE('',*,*,#184,.F.);
#184 = EDGE_CURVE('',#185,#22,#187,.T.);
#185 = VERTEX_POINT('',#186);
#186 = CARTESIAN_POINT('',(-44.5,95.,52.));
#187 = SURFACE_CURVE('',#188,(#192,#199),.PCURVE_S1.);
#188 = LINE('',#189,#190);
#189 = CARTESIAN_POINT('',(-44.5,95.,52.));
#190 = VECTOR('',#191,1.);
#191 = DIRECTION('',(0.,-1.,0.));
#192 = PCURVE('',#58,#193);
#193 = DEFINITIONAL_REPRESENTATION('',(#194),#198);
#194 = LINE('',#195,#196);
#195 = CARTESIAN_POINT('',(123.57816029177,-75.85142252391));
#196 = VECTOR('',#197,1.);
#197 = DIRECTION('',(-0.852263174426,0.523113258786));
#198 = ( GEOMETRIC_REPRESENTATION_CONTEXT(2) 
PARAMETRIC_REPRESENTATION_CONTEXT() REPRESENTATION_CONTEXT('2D SPACE',''
  ) );
#199 = PCURVE('',#152,#200);
#200 = DEFINITIONAL_REPRESENTATION('',(#201),#205);
#201 = LINE('',#202,#203);
#202 = CARTESIAN_POINT('',(0.,0.));
#203 = VECTOR('',#204,1.);
#204 = DIRECTION('',(1.,0.));
#205 = ( GEOMETRIC_REPRESENTATION_CONTEXT(2) 
PARAMETRIC_REPRESENTATION_CONTEXT() REPRESENTATION_CONTEXT('2D SPACE',''
  ) );
#206 = ORIENTED_EDGE('',*,*,#207,.F.);
#207 = EDGE_CURVE('',#208,#185,#210,.T.);
#208 = VERTEX_POINT('',#209);
#209 = CARTESIAN_POINT('',(44.5,95.,52.));
#210 = SURFACE_CURVE('',#211,(#215,#222),.PCURVE_S1.);
#211 = LINE('',#212,#213);
#212 = CARTESIAN_POINT('',(44.5,95.,52.));
#213 = VECTOR('',#214,1.);
#214 = DIRECTION('',(-1.,0.,0.));
#215 = PCURVE('',#58,#216);
#216 = DEFINITIONAL_REPRESENTATION('',(#217),#221);
#217 = LINE('',#218,#219);
#218 = CARTESIAN_POINT('',(170.13524032369,0.));
#219 = VECTOR('',#220,1.);
#220 = DIRECTION('',(-0.523113258786,-0.852263174426));
#221 = ( GEOMETRIC_REPRESENTATION_CONTEXT(2) 
PARAMETRIC_REPRESENTATION_CONTEXT() REPRESENTATION_CONTEXT('2D SPACE',''
  ) );
#222 = PCURVE('',#223,#242);
#223 = B_SPLINE_SURFACE_WITH_KNOTS('',8,1,(
    (#224,#225)
    ,(#226,#227)
    ,(#228,#229)
    ,(#230,#231)
    ,(#232,#233)
    ,(#234,#235)
    ,(#236,#237)
    ,(#238,#239)
    ,(#240,#241
  )),.UNSPECIFIED.,.F.,.F.,.F.,(9,9),(2,2),(0.,89.),(0.,1.),
  .PIECEWISE_BEZIER_KNOTS.);
#224 = CARTESIAN_POINT('',(44.5,95.,52.));
#225 = CARTESIAN_POINT('',(21.709200239603,35.368921738679,36.));
#226 = CARTESIAN_POINT('',(33.375,95.,52.));
#227 = CARTESIAN_POINT('',(16.841554118486,38.356649357848,36.));
#228 = CARTESIAN_POINT('',(22.25,95.,52.));
#229 = CARTESIAN_POINT('',(11.503981150608,40.57876605831,
    35.999999999999));
#230 = CARTESIAN_POINT('',(11.125,95.,52.));
#231 = CARTESIAN_POINT('',(5.836972021005,41.949040262946,
    36.000000000002));
#232 = CARTESIAN_POINT('',(6.661338147751E-16,95.,52.));
#233 = CARTESIAN_POINT('',(-4.209965709379E-13,42.412176543697,
    35.999999999998));
#234 = CARTESIAN_POINT('',(-11.125,95.,52.));
#235 = CARTESIAN_POINT('',(-5.836972021004,41.949040262945,
    36.000000000001));
#236 = CARTESIAN_POINT('',(-22.25,95.,52.));
#237 = CARTESIAN_POINT('',(-11.5039811506,40.578766058311,
    35.999999999999));
#238 = CARTESIAN_POINT('',(-33.375,95.,52.));
#239 = CARTESIAN_POINT('',(-16.84155411848,38.356649357848,36.));
#240 = CARTESIAN_POINT('',(-44.5,95.,52.));
#241 = CARTESIAN_POINT('',(-21.7092002396,35.368921738679,36.));
#242 = DEFINITIONAL_REPRESENTATION('',(#243),#247);
#243 = LINE('',#244,#245);
#244 = CARTESIAN_POINT('',(0.,0.));
#245 = VECTOR('',#246,1.);
#246 = DIRECTION('',(1.,0.));
#247 = ( GEOMETRIC_REPRESENTATION_CONTEXT(2) 
PARAMETRIC_REPRESENTATION_CONTEXT() REPRESENTATION_CONTEXT('2D SPACE',''
  ) );
#248 = ORIENTED_EDGE('',*,*,#249,.F.);
#249 = EDGE_CURVE('',#250,#208,#252,.T.);
#250 = VERTEX_POINT('',#251);
#251 = CARTESIAN_POINT('',(44.5,22.5,52.));
#252 = SURFACE_CURVE('',#253,(#257,#264),.PCURVE_S1.);
#253 = LINE('',#254,#255);
#254 = CARTESIAN_POINT('',(44.5,-50.,52.));
#255 = VECTOR('',#256,1.);
#256 = DIRECTION('',(0.,1.,0.));
#257 = PCURVE('',#58,#258);
#258 = DEFINITIONAL_REPRESENTATION('',(#259),#263);
#259 = LINE('',#260,#261);
#260 = CARTESIAN_POINT('',(46.55708003192,75.851422523914));
#261 = VECTOR('',#262,1.);
#262 = DIRECTION('',(0.852263174426,-0.523113258786));
#263 = ( GEOMETRIC_REPRESENTATION_CONTEXT(2) 
PARAMETRIC_REPRESENTATION_CONTEXT() REPRESENTATION_CONTEXT('2D SPACE',''
  ) );
#264 = PCURVE('',#265,#284);
#265 = B_SPLINE_SURFACE_WITH_KNOTS('',8,1,(
    (#266,#267)
    ,(#268,#269)
    ,(#270,#271)
    ,(#272,#273)
    ,(#274,#275)
    ,(#276,#277)
    ,(#278,#279)
    ,(#280,#281)
    ,(#282,#283
    )),.UNSPECIFIED.,.F.,.F.,.F.,(9,9),(2,2),(72.5,145.),(0.,1.),
  .PIECEWISE_BEZIER_KNOTS.);
#266 = CARTESIAN_POINT('',(44.5,22.5,52.));
#267 = CARTESIAN_POINT('',(41.5,0.,36.));
#268 = CARTESIAN_POINT('',(44.5,31.5625,52.));
#269 = CARTESIAN_POINT('',(41.5,5.292788212052,36.));
#270 = CARTESIAN_POINT('',(44.5,40.625,52.));
#271 = CARTESIAN_POINT('',(40.728540909106,10.585576487701,36.));
#272 = CARTESIAN_POINT('',(44.5,49.6875,52.));
#273 = CARTESIAN_POINT('',(39.185622982523,15.747178150092,36.));
#274 = CARTESIAN_POINT('',(44.5,58.75,52.));
#275 = CARTESIAN_POINT('',(36.898015002486,20.646409066854,36.));
#276 = CARTESIAN_POINT('',(44.5,67.8125,52.));
#277 = CARTESIAN_POINT('',(33.919258974381,25.158905756173,36.));
#278 = CARTESIAN_POINT('',(44.5,76.875,52.));
#279 = CARTESIAN_POINT('',(30.327336781083,29.173980152329,36.));
#280 = CARTESIAN_POINT('',(44.5,85.9375,52.));
#281 = CARTESIAN_POINT('',(26.220048722771,32.60019404901,36.));
#282 = CARTESIAN_POINT('',(44.5,95.,52.));
#283 = CARTESIAN_POINT('',(21.709200239603,35.368921738679,36.));
#284 = DEFINITIONAL_REPRESENTATION('',(#285),#289);
#285 = LINE('',#286,#287);
#286 = CARTESIAN_POINT('',(0.,0.));
#287 = VECTOR('',#288,1.);
#288 = DIRECTION('',(1.,0.));
#289 = ( GEOMETRIC_REPRESENTATION_CONTEXT(2) 
PARAMETRIC_REPRESENTATION_CONTEXT() REPRESENTATION_CONTEXT('2D SPACE',''
  ) );
#290 = ORIENTED_EDGE('',*,*,#291,.F.);
#291 = EDGE_CURVE('',#24,#250,#292,.T.);
#292 = SURFACE_CURVE('',#293,(#297,#304),.PCURVE_S1.);
#293 = LINE('',#294,#295);
#294 = CARTESIAN_POINT('',(44.5,-50.,52.));
#295 = VECTOR('',#296,1.);
#296 = DIRECTION('',(0.,1.,0.));
#297 = PCURVE('',#58,#298);
#298 = DEFINITIONAL_REPRESENTATION('',(#299),#303);
#299 = LINE('',#300,#301);
#300 = CARTESIAN_POINT('',(46.55708003192,75.851422523914));
#301 = VECTOR('',#302,1.);
#302 = DIRECTION('',(0.852263174426,-0.523113258786));
#303 = ( GEOMETRIC_REPRESENTATION_CONTEXT(2) 
PARAMETRIC_REPRESENTATION_CONTEXT() REPRESENTATION_CONTEXT('2D SPACE',''
  ) );
#304 = PCURVE('',#85,#305);
#305 = DEFINITIONAL_REPRESENTATION('',(#306),#310);
#306 = LINE('',#307,#308);
#307 = CARTESIAN_POINT('',(0.,0.));
#308 = VECTOR('',#309,1.);
#309 = DIRECTION('',(1.,0.));
#310 = ( GEOMETRIC_REPRESENTATION_CONTEXT(2) 
PARAMETRIC_REPRESENTATION_CONTEXT() REPRESENTATION_CONTEXT('2D SPACE',''
  ) );
#311 = FACE_BOUND('',#312,.F.);
#312 = EDGE_LOOP('',(#313,#369,#420,#471,#525));
#313 = ORIENTED_EDGE('',*,*,#314,.F.);
#314 = EDGE_CURVE('',#315,#317,#319,.T.);
#315 = VERTEX_POINT('',#316);
#316 = CARTESIAN_POINT('',(41.986307949102,-47.49122485899,52.));
#317 = VERTEX_POINT('',#318);
#318 = CARTESIAN_POINT('',(-41.9863079491,-47.49122485899,52.));
#319 = SURFACE_CURVE('',#320,(#328,#339),.PCURVE_S1.);
#320 = B_SPLINE_CURVE_WITH_KNOTS('',6,(#321,#322,#323,#324,#325,#326,
    #327),.UNSPECIFIED.,.F.,.F.,(7,7),(0.,1.),.PIECEWISE_BEZIER_KNOTS.);
#321 = CARTESIAN_POINT('',(41.986307949102,-47.49122485899,52.));
#322 = CARTESIAN_POINT('',(27.991079392328,-47.49348117578,52.));
#323 = CARTESIAN_POINT('',(13.995606828872,-47.49492453338,52.));
#324 = CARTESIAN_POINT('',(3.566924533516E-12,-47.49542323182,52.));
#325 = CARTESIAN_POINT('',(-13.99560682887,-47.49492453338,52.));
#326 = CARTESIAN_POINT('',(-27.99107939232,-47.49348117578,52.));
#327 = CARTESIAN_POINT('',(-41.9863079491,-47.49122485899,52.));
#328 = PCURVE('',#58,#329);
#329 = DEFINITIONAL_REPRESENTATION('',(#330),#338);
#330 = B_SPLINE_CURVE_WITH_KNOTS('',6,(#331,#332,#333,#334,#335,#336,
    #337),.UNSPECIFIED.,.F.,.F.,(7,7),(0.,1.),.PIECEWISE_BEZIER_KNOTS.);
#331 = CARTESIAN_POINT('',(47.380271057189,72.396721817513));
#332 = CARTESIAN_POINT('',(40.057258463688,60.470284210133));
#333 = CARTESIAN_POINT('',(32.734811082252,48.543213375103));
#334 = CARTESIAN_POINT('',(25.413098563,36.615533946881));
#335 = CARTESIAN_POINT('',(18.092236088382,24.687332767114));
#336 = CARTESIAN_POINT('',(10.772248947995,12.758751853105));
#337 = CARTESIAN_POINT('',(3.453082305926,0.829953627254));
#338 = ( GEOMETRIC_REPRESENTATION_CONTEXT(2) 
PARAMETRIC_REPRESENTATION_CONTEXT() REPRESENTATION_CONTEXT('2D SPACE',''
  ) );
#339 = PCURVE('',#340,#359);
#340 = B_SPLINE_SURFACE_WITH_KNOTS('',8,1,(
    (#341,#342)
    ,(#343,#344)
    ,(#345,#346)
    ,(#347,#348)
    ,(#349,#350)
    ,(#351,#352)
    ,(#353,#354)
    ,(#355,#356)
    ,(#357,#358
  )),.UNSPECIFIED.,.F.,.F.,.F.,(9,9),(2,2),(0.,84.),(0.,1.),
  .PIECEWISE_BEZIER_KNOTS.);
#341 = CARTESIAN_POINT('',(-42.,-47.5,52.01));
#342 = CARTESIAN_POINT('',(-20.06533446167,-33.44222410278,35.99));
#343 = CARTESIAN_POINT('',(-31.5,-47.5,52.01));
#344 = CARTESIAN_POINT('',(-15.54712695228,-36.15314860842,35.99));
#345 = CARTESIAN_POINT('',(-21.,-47.5,52.01));
#346 = CARTESIAN_POINT('',(-10.61033748272,-38.16643670587,
    35.989999999999));
#347 = CARTESIAN_POINT('',(-10.5,-47.5,52.01));
#348 = CARTESIAN_POINT('',(-5.380639060041,-39.40668508599,
    35.990000000002));
#349 = CARTESIAN_POINT('',(-4.440892098501E-16,-47.5,52.01));
#350 = CARTESIAN_POINT('',(-4.529709940471E-13,-39.82565698401,
    35.989999999998));
#351 = CARTESIAN_POINT('',(10.5,-47.5,52.01));
#352 = CARTESIAN_POINT('',(5.380639060042,-39.40668508599,
    35.990000000002));
#353 = CARTESIAN_POINT('',(21.,-47.5,52.01));
#354 = CARTESIAN_POINT('',(10.61033748272,-38.16643670587,
    35.989999999999));
#355 = CARTESIAN_POINT('',(31.5,-47.5,52.01));
#356 = CARTESIAN_POINT('',(15.547126952282,-36.15314860842,35.99));
#357 = CARTESIAN_POINT('',(42.,-47.5,52.01));
#358 = CARTESIAN_POINT('',(20.065334461674,-33.44222410278,35.99));
#359 = DEFINITIONAL_REPRESENTATION('',(#360),#368);
#360 = B_SPLINE_CURVE_WITH_KNOTS('',6,(#361,#362,#363,#364,#365,#366,
    #367),.UNSPECIFIED.,.F.,.F.,(7,7),(0.,1.),.PIECEWISE_BEZIER_KNOTS.);
#361 = CARTESIAN_POINT('',(84.,6.242197253427E-04));
#362 = CARTESIAN_POINT('',(69.99979276571,6.242197253427E-04));
#363 = CARTESIAN_POINT('',(55.999829309004,6.242197253449E-04));
#364 = CARTESIAN_POINT('',(42.000000000017,6.242197253407E-04));
#365 = CARTESIAN_POINT('',(28.000170690971,6.242197253451E-04));
#366 = CARTESIAN_POINT('',(14.000207234296,6.242197253427E-04));
#367 = CARTESIAN_POINT('',(0.,6.242197253427E-04));
#368 = ( GEOMETRIC_REPRESENTATION_CONTEXT(2) 
PARAMETRIC_REPRESENTATION_CONTEXT() REPRESENTATION_CONTEXT('2D SPACE',''
  ) );
#369 = ORIENTED_EDGE('',*,*,#370,.F.);
#370 = EDGE_CURVE('',#371,#315,#373,.T.);
#371 = VERTEX_POINT('',#372);
#372 = CARTESIAN_POINT('',(41.998127340824,22.48595505618,52.));
#373 = SURFACE_CURVE('',#374,(#381,#391),.PCURVE_S1.);
#374 = B_SPLINE_CURVE_WITH_KNOTS('',5,(#375,#376,#377,#378,#379,#380),
  .UNSPECIFIED.,.F.,.F.,(6,6),(0.,1.),.PIECEWISE_BEZIER_KNOTS.);
#375 = CARTESIAN_POINT('',(41.998127340824,22.48595505618,52.));
#376 = CARTESIAN_POINT('',(41.998127340824,8.49009794419,52.));
#377 = CARTESIAN_POINT('',(41.996835915741,-5.505759366163,52.));
#378 = CARTESIAN_POINT('',(41.994247853514,-19.50139364075,52.));
#379 = CARTESIAN_POINT('',(41.990610078175,-33.49658636671,52.));
#380 = CARTESIAN_POINT('',(41.986307949102,-47.49122485899,52.));
#381 = PCURVE('',#58,#382);
#382 = DEFINITIONAL_REPRESENTATION('',(#383),#390);
#383 = B_SPLINE_CURVE_WITH_KNOTS('',5,(#384,#385,#386,#387,#388,#389),
  .UNSPECIFIED.,.F.,.F.,(6,6),(0.,1.),.PIECEWISE_BEZIER_KNOTS.);
#384 = CARTESIAN_POINT('',(107.02542742959,35.800804423769));
#385 = CARTESIAN_POINT('',(95.097273818515,43.12222284712));
#386 = CARTESIAN_POINT('',(83.168444476797,50.442540740197));
#387 = CARTESIAN_POINT('',(71.239126932158,57.761636884224));
#388 = CARTESIAN_POINT('',(59.309636584321,65.079607416471));
#389 = CARTESIAN_POINT('',(47.380271057189,72.396721817513));
#390 = ( GEOMETRIC_REPRESENTATION_CONTEXT(2) 
PARAMETRIC_REPRESENTATION_CONTEXT() REPRESENTATION_CONTEXT('2D SPACE',''
  ) );
#391 = PCURVE('',#392,#411);
#392 = B_SPLINE_SURFACE_WITH_KNOTS('',8,1,(
    (#393,#394)
    ,(#395,#396)
    ,(#397,#398)
    ,(#399,#400)
    ,(#401,#402)
    ,(#403,#404)
    ,(#405,#406)
    ,(#407,#408)
    ,(#409,#410
  )),.UNSPECIFIED.,.F.,.F.,.F.,(9,9),(2,2),(0.,70.),(0.,1.),
  .PIECEWISE_BEZIER_KNOTS.);
#393 = CARTESIAN_POINT('',(42.,-47.5,52.01));
#394 = CARTESIAN_POINT('',(20.065334461674,-33.44222410278,35.99));
#395 = CARTESIAN_POINT('',(42.,-38.75,52.01));
#396 = CARTESIAN_POINT('',(24.372596054542,-30.85786714706,35.99));
#397 = CARTESIAN_POINT('',(42.,-30.,52.01));
#398 = CARTESIAN_POINT('',(28.299448897554,-27.63949548166,35.99));
#399 = CARTESIAN_POINT('',(42.,-21.25,52.01));
#400 = CARTESIAN_POINT('',(31.737013677858,-23.8524370026,35.99));
#401 = CARTESIAN_POINT('',(42.,-12.5,52.01));
#402 = CARTESIAN_POINT('',(34.589875029371,-19.58445445137,35.99));
#403 = CARTESIAN_POINT('',(42.,-3.75,52.01));
#404 = CARTESIAN_POINT('',(36.781854817944,-14.94228711756,35.99));
#405 = CARTESIAN_POINT('',(42.,5.,52.01));
#406 = CARTESIAN_POINT('',(38.260618184524,-10.04617412374,35.99));
#407 = CARTESIAN_POINT('',(42.,13.75,52.01));
#408 = CARTESIAN_POINT('',(39.,-5.023087029306,35.99));
#409 = CARTESIAN_POINT('',(42.,22.5,52.01));
#410 = CARTESIAN_POINT('',(39.,-1.06581410364E-14,35.99));
#411 = DEFINITIONAL_REPRESENTATION('',(#412),#419);
#412 = B_SPLINE_CURVE_WITH_KNOTS('',5,(#413,#414,#415,#416,#417,#418),
  .UNSPECIFIED.,.F.,.F.,(6,6),(0.,1.),.PIECEWISE_BEZIER_KNOTS.);
#413 = CARTESIAN_POINT('',(70.,6.242197253427E-04));
#414 = CARTESIAN_POINT('',(56.000420739729,6.242197253427E-04));
#415 = CARTESIAN_POINT('',(42.000841666745,6.242197253434E-04));
#416 = CARTESIAN_POINT('',(28.001039801764,6.242197253416E-04));
#417 = CARTESIAN_POINT('',(14.00079678836,6.242197253427E-04));
#418 = CARTESIAN_POINT('',(0.,6.242197253427E-04));
#419 = ( GEOMETRIC_REPRESENTATION_CONTEXT(2) 
PARAMETRIC_REPRESENTATION_CONTEXT() REPRESENTATION_CONTEXT('2D SPACE',''
  ) );
#420 = ORIENTED_EDGE('',*,*,#421,.F.);
#421 = EDGE_CURVE('',#422,#371,#424,.T.);
#422 = VERTEX_POINT('',#423);
#423 = CARTESIAN_POINT('',(41.986307949102,92.46313497135,52.));
#424 = SURFACE_CURVE('',#425,(#432,#442),.PCURVE_S1.);
#425 = B_SPLINE_CURVE_WITH_KNOTS('',5,(#426,#427,#428,#429,#430,#431),
  .UNSPECIFIED.,.F.,.F.,(6,6),(0.,1.),.PIECEWISE_BEZIER_KNOTS.);
#426 = CARTESIAN_POINT('',(41.986307949102,92.46313497135,52.));
#427 = CARTESIAN_POINT('',(41.990610078175,78.468496479071,52.));
#428 = CARTESIAN_POINT('',(41.994247854217,64.473303753323,52.));
#429 = CARTESIAN_POINT('',(41.996835915251,50.47766947838,52.));
#430 = CARTESIAN_POINT('',(41.998127340824,36.48181216817,52.));
#431 = CARTESIAN_POINT('',(41.998127340824,22.48595505618,52.));
#432 = PCURVE('',#58,#433);
#433 = DEFINITIONAL_REPRESENTATION('',(#434),#441);
#434 = B_SPLINE_CURVE_WITH_KNOTS('',5,(#435,#436,#437,#438,#439,#440),
  .UNSPECIFIED.,.F.,.F.,(6,6),(0.,1.),.PIECEWISE_BEZIER_KNOTS.);
#435 = CARTESIAN_POINT('',(166.65821804095,-0.815259434591));
#436 = CARTESIAN_POINT('',(154.73335351534,6.509188058811));
#437 = CARTESIAN_POINT('',(142.80766910506,13.833359275468));
#438 = CARTESIAN_POINT('',(130.88105925884,21.156866838918));
#439 = CARTESIAN_POINT('',(118.95358104066,28.479386000419));
#440 = CARTESIAN_POINT('',(107.02542742959,35.800804423769));
#441 = ( GEOMETRIC_REPRESENTATION_CONTEXT(2) 
PARAMETRIC_REPRESENTATION_CONTEXT() REPRESENTATION_CONTEXT('2D SPACE',''
  ) );
#442 = PCURVE('',#443,#462);
#443 = B_SPLINE_SURFACE_WITH_KNOTS('',8,1,(
    (#444,#445)
    ,(#446,#447)
    ,(#448,#449)
    ,(#450,#451)
    ,(#452,#453)
    ,(#454,#455)
    ,(#456,#457)
    ,(#458,#459)
    ,(#460,#461
    )),.UNSPECIFIED.,.F.,.F.,.F.,(9,9),(2,2),(70.,140.),(0.,1.),
  .PIECEWISE_BEZIER_KNOTS.);
#444 = CARTESIAN_POINT('',(42.,22.5,52.01));
#445 = CARTESIAN_POINT('',(39.,0.,35.99));
#446 = CARTESIAN_POINT('',(42.,31.25,52.01));
#447 = CARTESIAN_POINT('',(39.,5.023087029306,35.99));
#448 = CARTESIAN_POINT('',(42.,40.,52.01));
#449 = CARTESIAN_POINT('',(38.260618184523,10.04617412374,35.99));
#450 = CARTESIAN_POINT('',(42.,48.75,52.01));
#451 = CARTESIAN_POINT('',(36.781854817944,14.942287117562,35.99));
#452 = CARTESIAN_POINT('',(42.,57.5,52.01));
#453 = CARTESIAN_POINT('',(34.589875029371,19.584454451371,35.99));
#454 = CARTESIAN_POINT('',(42.,66.25,52.01));
#455 = CARTESIAN_POINT('',(31.737013677858,23.852437002608,35.99));
#456 = CARTESIAN_POINT('',(42.,75.,52.01));
#457 = CARTESIAN_POINT('',(28.299448897554,27.639495481667,35.99));
#458 = CARTESIAN_POINT('',(42.,83.75,52.01));
#459 = CARTESIAN_POINT('',(24.372596054542,30.857867147068,35.99));
#460 = CARTESIAN_POINT('',(42.,92.5,52.01));
#461 = CARTESIAN_POINT('',(20.065334461674,33.442224102789,35.99));
#462 = DEFINITIONAL_REPRESENTATION('',(#463),#470);
#463 = B_SPLINE_CURVE_WITH_KNOTS('',5,(#464,#465,#466,#467,#468,#469),
  .UNSPECIFIED.,.F.,.F.,(6,6),(0.,1.),.PIECEWISE_BEZIER_KNOTS.);
#464 = CARTESIAN_POINT('',(140.,6.242197253427E-04));
#465 = CARTESIAN_POINT('',(125.99920321163,6.242197253427E-04));
#466 = CARTESIAN_POINT('',(111.99896019803,6.242197253421E-04));
#467 = CARTESIAN_POINT('',(97.999158333396,6.242197253433E-04));
#468 = CARTESIAN_POINT('',(83.999579260271,6.242197253427E-04));
#469 = CARTESIAN_POINT('',(70.,6.242197253427E-04));
#470 = ( GEOMETRIC_REPRESENTATION_CONTEXT(2) 
PARAMETRIC_REPRESENTATION_CONTEXT() REPRESENTATION_CONTEXT('2D SPACE',''
  ) );
#471 = ORIENTED_EDGE('',*,*,#472,.F.);
#472 = EDGE_CURVE('',#473,#422,#475,.T.);
#473 = VERTEX_POINT('',#474);
#474 = CARTESIAN_POINT('',(-41.9863079491,92.46313497135,52.));
#475 = SURFACE_CURVE('',#476,(#484,#495),.PCURVE_S1.);
#476 = B_SPLINE_CURVE_WITH_KNOTS('',6,(#477,#478,#479,#480,#481,#482,
    #483),.UNSPECIFIED.,.F.,.F.,(7,7),(0.,1.),.PIECEWISE_BEZIER_KNOTS.);
#477 = CARTESIAN_POINT('',(-41.9863079491,92.46313497135,52.));
#478 = CARTESIAN_POINT('',(-27.99107939232,92.465391288149,52.));
#479 = CARTESIAN_POINT('',(-13.99560682888,92.46683464574,52.));
#480 = CARTESIAN_POINT('',(8.704148513061E-12,92.467333344184,52.));
#481 = CARTESIAN_POINT('',(13.995606828867,92.46683464574,52.));
#482 = CARTESIAN_POINT('',(27.991079392326,92.465391288149,52.));
#483 = CARTESIAN_POINT('',(41.986307949102,92.46313497135,52.));
#484 = PCURVE('',#58,#485);
#485 = DEFINITIONAL_REPRESENTATION('',(#486),#494);
#486 = B_SPLINE_CURVE_WITH_KNOTS('',6,(#487,#488,#489,#490,#491,#492,
    #493),.UNSPECIFIED.,.F.,.F.,(7,7),(0.,1.),.PIECEWISE_BEZIER_KNOTS.);
#487 = CARTESIAN_POINT('',(122.73102928969,-72.38202762485));
#488 = CARTESIAN_POINT('',(130.05404188319,-60.45559001746));
#489 = CARTESIAN_POINT('',(137.37648926462,-48.52851918244));
#490 = CARTESIAN_POINT('',(144.69820178388,-36.6008397542));
#491 = CARTESIAN_POINT('',(152.01906425849,-24.67263857446));
#492 = CARTESIAN_POINT('',(159.33905139888,-12.74405766044));
#493 = CARTESIAN_POINT('',(166.65821804095,-0.815259434591));
#494 = ( GEOMETRIC_REPRESENTATION_CONTEXT(2) 
PARAMETRIC_REPRESENTATION_CONTEXT() REPRESENTATION_CONTEXT('2D SPACE',''
  ) );
#495 = PCURVE('',#496,#515);
#496 = B_SPLINE_SURFACE_WITH_KNOTS('',8,1,(
    (#497,#498)
    ,(#499,#500)
    ,(#501,#502)
    ,(#503,#504)
    ,(#505,#506)
    ,(#507,#508)
    ,(#509,#510)
    ,(#511,#512)
    ,(#513,#514
  )),.UNSPECIFIED.,.F.,.F.,.F.,(9,9),(2,2),(0.,84.),(0.,1.),
  .PIECEWISE_BEZIER_KNOTS.);
#497 = CARTESIAN_POINT('',(42.,92.5,52.01));
#498 = CARTESIAN_POINT('',(20.065334461674,33.442224102789,35.99));
#499 = CARTESIAN_POINT('',(31.5,92.5,52.01));
#500 = CARTESIAN_POINT('',(15.547126952282,36.153148608424,35.99));
#501 = CARTESIAN_POINT('',(21.,92.5,52.01));
#502 = CARTESIAN_POINT('',(10.610337482721,38.166436705877,35.99));
#503 = CARTESIAN_POINT('',(10.5,92.5,52.01));
#504 = CARTESIAN_POINT('',(5.380639060041,39.406685085992,
    35.989999999999));
#505 = CARTESIAN_POINT('',(4.440892098501E-16,92.5,52.01));
#506 = CARTESIAN_POINT('',(3.037570195374E-13,39.825656984019,
    35.990000000001));
#507 = CARTESIAN_POINT('',(-10.5,92.5,52.01));
#508 = CARTESIAN_POINT('',(-5.380639060041,39.406685085993,
    35.989999999999));
#509 = CARTESIAN_POINT('',(-21.,92.5,52.01));
#510 = CARTESIAN_POINT('',(-10.61033748272,38.166436705877,
    35.990000000001));
#511 = CARTESIAN_POINT('',(-31.5,92.5,52.01));
#512 = CARTESIAN_POINT('',(-15.54712695228,36.153148608424,35.99));
#513 = CARTESIAN_POINT('',(-42.,92.5,52.01));
#514 = CARTESIAN_POINT('',(-20.06533446167,33.442224102789,35.99));
#515 = DEFINITIONAL_REPRESENTATION('',(#516),#524);
#516 = B_SPLINE_CURVE_WITH_KNOTS('',6,(#517,#518,#519,#520,#521,#522,
    #523),.UNSPECIFIED.,.F.,.F.,(7,7),(0.,1.),.PIECEWISE_BEZIER_KNOTS.);
#517 = CARTESIAN_POINT('',(84.,6.242197253432E-04));
#518 = CARTESIAN_POINT('',(69.999792765707,6.242197253432E-04));
#519 = CARTESIAN_POINT('',(55.999829309013,6.242197253427E-04));
#520 = CARTESIAN_POINT('',(42.000000000004,6.242197253434E-04));
#521 = CARTESIAN_POINT('',(28.000170690982,6.242197253422E-04));
#522 = CARTESIAN_POINT('',(14.000207234292,6.242197253432E-04));
#523 = CARTESIAN_POINT('',(0.,6.242197253432E-04));
#524 = ( GEOMETRIC_REPRESENTATION_CONTEXT(2) 
PARAMETRIC_REPRESENTATION_CONTEXT() REPRESENTATION_CONTEXT('2D SPACE',''
  ) );
#525 = ORIENTED_EDGE('',*,*,#526,.F.);
#526 = EDGE_CURVE('',#317,#473,#527,.T.);
#527 = SURFACE_CURVE('',#528,(#537,#549),.PCURVE_S1.);
#528 = B_SPLINE_CURVE_WITH_KNOTS('',7,(#529,#530,#531,#532,#533,#534,
    #535,#536),.UNSPECIFIED.,.F.,.F.,(8,8),(0.,1.),
  .PIECEWISE_BEZIER_KNOTS.);
#529 = CARTESIAN_POINT('',(-41.9863079491,-47.49122485899,52.));
#530 = CARTESIAN_POINT('',(-41.99245384776,-27.49888418846,52.));
#531 = CARTESIAN_POINT('',(-41.99733248912,-7.505487247755,52.));
#532 = CARTESIAN_POINT('',(-42.00007662919,12.488704329462,52.));
#533 = CARTESIAN_POINT('',(-42.00007662894,32.483205782933,52.));
#534 = CARTESIAN_POINT('',(-41.99733248917,52.477397360147,52.));
#535 = CARTESIAN_POINT('',(-41.99245384776,72.470794300823,52.));
#536 = CARTESIAN_POINT('',(-41.9863079491,92.46313497135,52.));
#537 = PCURVE('',#58,#538);
#538 = DEFINITIONAL_REPRESENTATION('',(#539),#548);
#539 = B_SPLINE_CURVE_WITH_KNOTS('',7,(#540,#541,#542,#543,#544,#545,
    #546,#547),.UNSPECIFIED.,.F.,.F.,(8,8),(0.,1.),
  .PIECEWISE_BEZIER_KNOTS.);
#540 = CARTESIAN_POINT('',(3.453082305926,0.829953627254));
#541 = CARTESIAN_POINT('',(20.488603028912,-9.633542774761));
#542 = CARTESIAN_POINT('',(37.525686891185,-20.09651168898));
#543 = CARTESIAN_POINT('',(54.564564578814,-30.55807713124));
#544 = CARTESIAN_POINT('',(71.605141858745,-41.01746594415));
#545 = CARTESIAN_POINT('',(88.646890538321,-51.47435392762));
#546 = CARTESIAN_POINT('',(105.68907856454,-61.92900706904));
#547 = CARTESIAN_POINT('',(122.73102928969,-72.38202762485));
#548 = ( GEOMETRIC_REPRESENTATION_CONTEXT(2) 
PARAMETRIC_REPRESENTATION_CONTEXT() REPRESENTATION_CONTEXT('2D SPACE',''
  ) );
#549 = PCURVE('',#550,#571);
#550 = B_SPLINE_SURFACE_WITH_KNOTS('',9,1,(
    (#551,#552)
    ,(#553,#554)
    ,(#555,#556)
    ,(#557,#558)
    ,(#559,#560)
    ,(#561,#562)
    ,(#563,#564)
    ,(#565,#566)
    ,(#567,#568)
    ,(#569,#570
    )),.UNSPECIFIED.,.F.,.F.,.F.,(10,10),(2,2),(0.,140.),(0.,1.),
  .PIECEWISE_BEZIER_KNOTS.);
#551 = CARTESIAN_POINT('',(-42.,92.5,52.01));
#552 = CARTESIAN_POINT('',(-20.06533446167,33.442224102789,35.99));
#553 = CARTESIAN_POINT('',(-42.,76.944444444444,52.01));
#554 = CARTESIAN_POINT('',(-27.72268840455,28.847811737063,
    35.990000000001));
#555 = CARTESIAN_POINT('',(-42.,61.388888888889,52.01));
#556 = CARTESIAN_POINT('',(-34.19655050735,22.28090950307,
    35.989999999997));
#557 = CARTESIAN_POINT('',(-42.,45.833333333333,52.01));
#558 = CARTESIAN_POINT('',(-38.90621421944,14.089928680996,
    35.990000000006));
#559 = CARTESIAN_POINT('',(-42.,30.277777777778,52.01));
#560 = CARTESIAN_POINT('',(-41.39073528558,4.822732827214,
    35.989999999993));
#561 = CARTESIAN_POINT('',(-42.,14.722222222222,52.01));
#562 = CARTESIAN_POINT('',(-41.3907352856,-4.822732827214,
    35.990000000006));
#563 = CARTESIAN_POINT('',(-42.,-0.833333333333,52.01));
#564 = CARTESIAN_POINT('',(-38.90621421942,-14.08992868099,
    35.989999999997));
#565 = CARTESIAN_POINT('',(-42.,-16.38888888888,52.01));
#566 = CARTESIAN_POINT('',(-34.19655050735,-22.28090950307,
    35.990000000001));
#567 = CARTESIAN_POINT('',(-42.,-31.94444444444,52.01));
#568 = CARTESIAN_POINT('',(-27.72268840455,-28.84781173706,35.99));
#569 = CARTESIAN_POINT('',(-42.,-47.5,52.01));
#570 = CARTESIAN_POINT('',(-20.06533446167,-33.44222410278,35.99));
#571 = DEFINITIONAL_REPRESENTATION('',(#572),#581);
#572 = B_SPLINE_CURVE_WITH_KNOTS('',7,(#573,#574,#575,#576,#577,#578,
    #579,#580),.UNSPECIFIED.,.F.,.F.,(8,8),(0.,1.),
  .PIECEWISE_BEZIER_KNOTS.);
#573 = CARTESIAN_POINT('',(140.,6.242197253427E-04));
#574 = CARTESIAN_POINT('',(119.99886176366,6.242197253427E-04));
#575 = CARTESIAN_POINT('',(99.998778735018,6.242197253417E-04));
#576 = CARTESIAN_POINT('',(79.999489693031,6.242197253445E-04));
#577 = CARTESIAN_POINT('',(60.000510306939,6.24219725342E-04));
#578 = CARTESIAN_POINT('',(40.001221264948,6.242197253425E-04));
#579 = CARTESIAN_POINT('',(20.001138236344,6.242197253427E-04));
#580 = CARTESIAN_POINT('',(0.,6.242197253427E-04));
#581 = ( GEOMETRIC_REPRESENTATION_CONTEXT(2) 
PARAMETRIC_REPRESENTATION_CONTEXT() REPRESENTATION_CONTEXT('2D SPACE',''
  ) );
#582 = ADVANCED_FACE('',(#583,#630,#740),#85,.F.);
#583 = FACE_BOUND('',#584,.F.);
#584 = EDGE_LOOP('',(#585,#586,#608,#629));
#585 = ORIENTED_EDGE('',*,*,#291,.T.);
#586 = ORIENTED_EDGE('',*,*,#587,.T.);
#587 = EDGE_CURVE('',#250,#588,#590,.T.);
#588 = VERTEX_POINT('',#589);
#589 = CARTESIAN_POINT('',(41.5,0.,36.));
#590 = SURFACE_CURVE('',#591,(#594,#601),.PCURVE_S1.);
#591 = B_SPLINE_CURVE_WITH_KNOTS('',1,(#592,#593),.UNSPECIFIED.,.F.,.F.,
  (2,2),(0.,1.),.PIECEWISE_BEZIER_KNOTS.);
#592 = CARTESIAN_POINT('',(44.5,22.5,52.));
#593 = CARTESIAN_POINT('',(41.5,-7.105427357601E-15,36.));
#594 = PCURVE('',#85,#595);
#595 = DEFINITIONAL_REPRESENTATION('',(#596),#600);
#596 = LINE('',#597,#598);
#597 = CARTESIAN_POINT('',(72.5,0.));
#598 = VECTOR('',#599,1.);
#599 = DIRECTION('',(0.,1.));
#600 = ( GEOMETRIC_REPRESENTATION_CONTEXT(2) 
PARAMETRIC_REPRESENTATION_CONTEXT() REPRESENTATION_CONTEXT('2D SPACE',''
  ) );
#601 = PCURVE('',#265,#602);
#602 = DEFINITIONAL_REPRESENTATION('',(#603),#607);
#603 = LINE('',#604,#605);
#604 = CARTESIAN_POINT('',(72.5,0.));
#605 = VECTOR('',#606,1.);
#606 = DIRECTION('',(0.,1.));
#607 = ( GEOMETRIC_REPRESENTATION_CONTEXT(2) 
PARAMETRIC_REPRESENTATION_CONTEXT() REPRESENTATION_CONTEXT('2D SPACE',''
  ) );
#608 = ORIENTED_EDGE('',*,*,#609,.F.);
#609 = EDGE_CURVE('',#71,#588,#610,.T.);
#610 = SURFACE_CURVE('',#611,(#616,#622),.PCURVE_S1.);
#611 = CIRCLE('',#612,41.5);
#612 = AXIS2_PLACEMENT_3D('',#613,#614,#615);
#613 = CARTESIAN_POINT('',(0.,0.,36.));
#614 = DIRECTION('',(0.,0.,1.));
#615 = DIRECTION('',(1.,0.,0.));
#616 = PCURVE('',#85,#617);
#617 = DEFINITIONAL_REPRESENTATION('',(#618),#621);
#618 = B_SPLINE_CURVE_WITH_KNOTS('',1,(#619,#620),.UNSPECIFIED.,.F.,.F.,
  (2,2),(5.262888784374,6.28318530718),.PIECEWISE_BEZIER_KNOTS.);
#619 = CARTESIAN_POINT('',(0.,1.));
#620 = CARTESIAN_POINT('',(72.5,1.));
#621 = ( GEOMETRIC_REPRESENTATION_CONTEXT(2) 
PARAMETRIC_REPRESENTATION_CONTEXT() REPRESENTATION_CONTEXT('2D SPACE',''
  ) );
#622 = PCURVE('',#127,#623);
#623 = DEFINITIONAL_REPRESENTATION('',(#624),#628);
#624 = CIRCLE('',#625,41.5);
#625 = AXIS2_PLACEMENT_2D('',#626,#627);
#626 = CARTESIAN_POINT('',(0.,0.));
#627 = DIRECTION('',(1.,0.));
#628 = ( GEOMETRIC_REPRESENTATION_CONTEXT(2) 
PARAMETRIC_REPRESENTATION_CONTEXT() REPRESENTATION_CONTEXT('2D SPACE',''
  ) );
#629 = ORIENTED_EDGE('',*,*,#70,.F.);
#630 = FACE_BOUND('',#631,.F.);
#631 = EDGE_LOOP('',(#632,#674,#708));
#632 = ORIENTED_EDGE('',*,*,#633,.F.);
#633 = EDGE_CURVE('',#634,#636,#638,.T.);
#634 = VERTEX_POINT('',#635);
#635 = CARTESIAN_POINT('',(40.,-23.,45.390239953849));
#636 = VERTEX_POINT('',#637);
#637 = CARTESIAN_POINT('',(40.,-30.55403607218,47.));
#638 = SURFACE_CURVE('',#639,(#647,#658),.PCURVE_S1.);
#639 = B_SPLINE_CURVE_WITH_KNOTS('',6,(#640,#641,#642,#643,#644,#645,
    #646),.UNSPECIFIED.,.F.,.F.,(7,7),(0.,1.),.PIECEWISE_BEZIER_KNOTS.);
#640 = CARTESIAN_POINT('',(40.,-23.,45.390239953849));
#641 = CARTESIAN_POINT('',(40.,-24.20332008547,45.72274975151));
#642 = CARTESIAN_POINT('',(40.,-25.43515591324,46.024361689629));
#643 = CARTESIAN_POINT('',(40.,-26.68976476219,46.299675908915));
#644 = CARTESIAN_POINT('',(40.,-27.9630271884,46.552223923689));
#645 = CARTESIAN_POINT('',(40.,-29.25186018223,46.784875957329));
#646 = CARTESIAN_POINT('',(40.,-30.55403607218,47.));
#647 = PCURVE('',#85,#648);
#648 = DEFINITIONAL_REPRESENTATION('',(#649),#657);
#649 = B_SPLINE_CURVE_WITH_KNOTS('',6,(#650,#651,#652,#653,#654,#655,
    #656),.UNSPECIFIED.,.F.,.F.,(7,7),(0.,1.),.PIECEWISE_BEZIER_KNOTS.);
#650 = CARTESIAN_POINT('',(27.948755567442,0.413110002884));
#651 = CARTESIAN_POINT('',(26.349505677569,0.392328140531));
#652 = CARTESIAN_POINT('',(24.765396987457,0.373477394398));
#653 = CARTESIAN_POINT('',(23.194298129543,0.356270255693));
#654 = CARTESIAN_POINT('',(21.634641534867,0.340486004769));
#655 = CARTESIAN_POINT('',(20.085024596699,0.325945252667));
#656 = CARTESIAN_POINT('',(18.544090370567,0.3125));
#657 = ( GEOMETRIC_REPRESENTATION_CONTEXT(2) 
PARAMETRIC_REPRESENTATION_CONTEXT() REPRESENTATION_CONTEXT('2D SPACE',''
  ) );
#658 = PCURVE('',#659,#664);
#659 = PLANE('',#660);
#660 = AXIS2_PLACEMENT_3D('',#661,#662,#663);
#661 = CARTESIAN_POINT('',(40.,-37.,33.));
#662 = DIRECTION('',(1.,0.,0.));
#663 = DIRECTION('',(0.,0.,1.));
#664 = DEFINITIONAL_REPRESENTATION('',(#665),#673);
#665 = B_SPLINE_CURVE_WITH_KNOTS('',6,(#666,#667,#668,#669,#670,#671,
    #672),.UNSPECIFIED.,.F.,.F.,(7,7),(0.,1.),.PIECEWISE_BEZIER_KNOTS.);
#666 = CARTESIAN_POINT('',(12.390239953849,-14.));
#667 = CARTESIAN_POINT('',(12.72274975151,-12.79667991453));
#668 = CARTESIAN_POINT('',(13.024361689629,-11.56484408675));
#669 = CARTESIAN_POINT('',(13.299675908915,-10.3102352378));
#670 = CARTESIAN_POINT('',(13.552223923689,-9.036972811591));
#671 = CARTESIAN_POINT('',(13.784875957329,-7.748139817763));
#672 = CARTESIAN_POINT('',(14.,-6.445963927817));
#673 = ( GEOMETRIC_REPRESENTATION_CONTEXT(2) 
PARAMETRIC_REPRESENTATION_CONTEXT() REPRESENTATION_CONTEXT('2D SPACE',''
  ) );
#674 = ORIENTED_EDGE('',*,*,#675,.F.);
#675 = EDGE_CURVE('',#676,#634,#678,.T.);
#676 = VERTEX_POINT('',#677);
#677 = CARTESIAN_POINT('',(41.066235865224,-23.,47.));
#678 = SURFACE_CURVE('',#679,(#685,#694),.PCURVE_S1.);
#679 = B_SPLINE_CURVE_WITH_KNOTS('',4,(#680,#681,#682,#683,#684),
  .UNSPECIFIED.,.F.,.F.,(5,5),(0.,1.),.PIECEWISE_BEZIER_KNOTS.);
#680 = CARTESIAN_POINT('',(41.066235865224,-23.,47.));
#681 = CARTESIAN_POINT('',(40.797356311387,-23.,46.598340228062));
#682 = CARTESIAN_POINT('',(40.529911992666,-23.,46.196174707206));
#683 = CARTESIAN_POINT('',(40.264057133719,-23.,45.793480241445));
#684 = CARTESIAN_POINT('',(40.,-23.,45.390239953849));
#685 = PCURVE('',#85,#686);
#686 = DEFINITIONAL_REPRESENTATION('',(#687),#693);
#687 = B_SPLINE_CURVE_WITH_KNOTS('',4,(#688,#689,#690,#691,#692),
  .UNSPECIFIED.,.F.,.F.,(5,5),(0.,1.),.PIECEWISE_BEZIER_KNOTS.);
#688 = CARTESIAN_POINT('',(27.672063330289,0.3125));
#689 = CARTESIAN_POINT('',(27.73672911327,0.337603735746));
#690 = CARTESIAN_POINT('',(27.804206334192,0.3627390808));
#691 = CARTESIAN_POINT('',(27.874765249751,0.38790748491));
#692 = CARTESIAN_POINT('',(27.948755567442,0.413110002884));
#693 = ( GEOMETRIC_REPRESENTATION_CONTEXT(2) 
PARAMETRIC_REPRESENTATION_CONTEXT() REPRESENTATION_CONTEXT('2D SPACE',''
  ) );
#694 = PCURVE('',#695,#700);
#695 = PLANE('',#696);
#696 = AXIS2_PLACEMENT_3D('',#697,#698,#699);
#697 = CARTESIAN_POINT('',(40.,-23.,33.));
#698 = DIRECTION('',(0.,1.,0.));
#699 = DIRECTION('',(0.,0.,1.));
#700 = DEFINITIONAL_REPRESENTATION('',(#701),#707);
#701 = B_SPLINE_CURVE_WITH_KNOTS('',4,(#702,#703,#704,#705,#706),
  .UNSPECIFIED.,.F.,.F.,(5,5),(0.,1.),.PIECEWISE_BEZIER_KNOTS.);
#702 = CARTESIAN_POINT('',(14.,1.066235865224));
#703 = CARTESIAN_POINT('',(13.598340228062,0.797356311387));
#704 = CARTESIAN_POINT('',(13.196174707206,0.529911992666));
#705 = CARTESIAN_POINT('',(12.793480241445,0.264057133719));
#706 = CARTESIAN_POINT('',(12.390239953849,0.));
#707 = ( GEOMETRIC_REPRESENTATION_CONTEXT(2) 
PARAMETRIC_REPRESENTATION_CONTEXT() REPRESENTATION_CONTEXT('2D SPACE',''
  ) );
#708 = ORIENTED_EDGE('',*,*,#709,.T.);
#709 = EDGE_CURVE('',#676,#636,#710,.T.);
#710 = SURFACE_CURVE('',#711,(#717,#726),.PCURVE_S1.);
#711 = B_SPLINE_CURVE_WITH_KNOTS('',4,(#712,#713,#714,#715,#716),
  .UNSPECIFIED.,.F.,.F.,(5,5),(0.,1.),.PIECEWISE_BEZIER_KNOTS.);
#712 = CARTESIAN_POINT('',(41.066235865224,-23.,47.));
#713 = CARTESIAN_POINT('',(40.821297714709,-24.89957526329,47.));
#714 = CARTESIAN_POINT('',(40.561590369412,-26.79220637776,47.));
#715 = CARTESIAN_POINT('',(40.287619261347,-28.67723569751,47.));
#716 = CARTESIAN_POINT('',(40.,-30.55403607218,47.));
#717 = PCURVE('',#85,#718);
#718 = DEFINITIONAL_REPRESENTATION('',(#719),#725);
#719 = B_SPLINE_CURVE_WITH_KNOTS('',4,(#720,#721,#722,#723,#724),
  .UNSPECIFIED.,.F.,.F.,(5,5),(0.,1.),.PIECEWISE_BEZIER_KNOTS.);
#720 = CARTESIAN_POINT('',(27.672063330289,0.3125));
#721 = CARTESIAN_POINT('',(25.396795569247,0.3125));
#722 = CARTESIAN_POINT('',(23.117320142225,0.3125));
#723 = CARTESIAN_POINT('',(20.833221166414,0.3125));
#724 = CARTESIAN_POINT('',(18.544090370567,0.3125));
#725 = ( GEOMETRIC_REPRESENTATION_CONTEXT(2) 
PARAMETRIC_REPRESENTATION_CONTEXT() REPRESENTATION_CONTEXT('2D SPACE',''
  ) );
#726 = PCURVE('',#727,#732);
#727 = PLANE('',#728);
#728 = AXIS2_PLACEMENT_3D('',#729,#730,#731);
#729 = CARTESIAN_POINT('',(40.,-37.,47.));
#730 = DIRECTION('',(0.,0.,1.));
#731 = DIRECTION('',(1.,0.,0.));
#732 = DEFINITIONAL_REPRESENTATION('',(#733),#739);
#733 = B_SPLINE_CURVE_WITH_KNOTS('',4,(#734,#735,#736,#737,#738),
  .UNSPECIFIED.,.F.,.F.,(5,5),(0.,1.),.PIECEWISE_BEZIER_KNOTS.);
#734 = CARTESIAN_POINT('',(1.066235865224,14.));
#735 = CARTESIAN_POINT('',(0.821297714709,12.100424736704));
#736 = CARTESIAN_POINT('',(0.561590369412,10.20779362224));
#737 = CARTESIAN_POINT('',(0.287619261347,8.322764302489));
#738 = CARTESIAN_POINT('',(0.,6.445963927817));
#739 = ( GEOMETRIC_REPRESENTATION_CONTEXT(2) 
PARAMETRIC_REPRESENTATION_CONTEXT() REPRESENTATION_CONTEXT('2D SPACE',''
  ) );
#740 = FACE_BOUND('',#741,.F.);
#741 = EDGE_LOOP('',(#742));
#742 = ORIENTED_EDGE('',*,*,#743,.F.);
#743 = EDGE_CURVE('',#744,#744,#746,.T.);
#744 = VERTEX_POINT('',#745);
#745 = CARTESIAN_POINT('',(34.494377274278,-27.75,40.));
#746 = SURFACE_CURVE('',#747,(#890,#1095),.PCURVE_S1.);
#747 = B_SPLINE_CURVE_WITH_KNOTS('',8,(#748,#749,#750,#751,#752,#753,
    #754,#755,#756,#757,#758,#759,#760,#761,#762,#763,#764,#765,#766,
    #767,#768,#769,#770,#771,#772,#773,#774,#775,#776,#777,#778,#779,
    #780,#781,#782,#783,#784,#785,#786,#787,#788,#789,#790,#791,#792,
    #793,#794,#795,#796,#797,#798,#799,#800,#801,#802,#803,#804,#805,
    #806,#807,#808,#809,#810,#811,#812,#813,#814,#815,#816,#817,#818,
    #819,#820,#821,#822,#823,#824,#825,#826,#827,#828,#829,#830,#831,
    #832,#833,#834,#835,#836,#837,#838,#839,#840,#841,#842,#843,#844,
    #845,#846,#847,#848,#849,#850,#851,#852,#853,#854,#855,#856,#857,
    #858,#859,#860,#861,#862,#863,#864,#865,#866,#867,#868,#869,#870,
    #871,#872,#873,#874,#875,#876,#877,#878,#879,#880,#881,#882,#883,
    #884,#885,#886,#887,#888,#889),.UNSPECIFIED.,.T.,.F.,(9,7,7,7,7,7,7,
    7,7,7,7,7,7,7,7,7,7,7,7,7,9),(0.,6.777026892618E-02,0.119431600139,
    0.288004440685,0.379883939562,0.464061183794,0.523308671789,
    0.556147271501,0.593608163527,0.62357216293,0.657806974846,
    0.690856969469,0.720939712445,0.819246304169,1.,1.149149752029,
    1.196828519938,1.220518806836,1.263987750161,1.291141238157,
    1.322635385953),.UNSPECIFIED.);
#748 = CARTESIAN_POINT('',(34.494377274278,-27.75,40.));
#749 = CARTESIAN_POINT('',(34.395911350621,-27.75,39.88761833917));
#750 = CARTESIAN_POINT('',(34.29651651905,-27.75641543473,
    39.778039097557));
#751 = CARTESIAN_POINT('',(34.19674457862,-27.76868458437,
    39.671802986802));
#752 = CARTESIAN_POINT('',(34.097047863052,-27.78620007412,
    39.569268360062));
#753 = CARTESIAN_POINT('',(33.997784247779,-27.80836281693,
    39.470642200253));
#754 = CARTESIAN_POINT('',(33.899220277758,-27.83462055351,
    39.376007819058));
#755 = CARTESIAN_POINT('',(33.801532416087,-27.86449098932,
    39.285349266719));
#756 = CARTESIAN_POINT('',(33.631072102737,-27.92278532638,
    39.132422416483));
#757 = CARTESIAN_POINT('',(33.557908487965,-27.94986146545,
    39.068538597533));
#758 = CARTESIAN_POINT('',(33.485357961451,-27.97861699104,
    39.006882334707));
#759 = CARTESIAN_POINT('',(33.413453783331,-28.00889017602,
    38.947407185484));
#760 = CARTESIAN_POINT('',(33.34222001902,-28.04053787847,
    38.890060192499));
#761 = CARTESIAN_POINT('',(33.271671476735,-28.07343489899,
    38.834783150181));
#762 = CARTESIAN_POINT('',(33.20181364501,-28.10747333798,
    38.781513871397));
#763 = CARTESIAN_POINT('',(32.906935042506,-28.2570574059,
    38.562707450038));
#764 = CARTESIAN_POINT('',(32.688941861317,-28.38253089962,
    38.416211605341));
#765 = CARTESIAN_POINT('',(32.478052127002,-28.51597366763,
    38.288000868067));
#766 = CARTESIAN_POINT('',(32.274217512796,-28.65565799961,
    38.17645667099));
#767 = CARTESIAN_POINT('',(32.077408893207,-28.80037731367,
    38.080182128318));
#768 = CARTESIAN_POINT('',(31.88769957656,-28.94951974401,37.99820347779
    ));
#769 = CARTESIAN_POINT('',(31.705160393721,-29.10289076166,
    37.929809446585));
#770 = CARTESIAN_POINT('',(31.434630687023,-29.34705355428,
    37.844895094761));
#771 = CARTESIAN_POINT('',(31.34150717728,-29.43448102222,
    37.818962427707));
#772 = CARTESIAN_POINT('',(31.250769879352,-29.52322972096,
    37.797024313482));
#773 = CARTESIAN_POINT('',(31.162546528524,-29.61334503442,
    37.779107053327));
#774 = CARTESIAN_POINT('',(31.07701271627,-29.70488896888,
    37.765283487052));
#775 = CARTESIAN_POINT('',(30.994399254187,-29.79794609929,
    37.755679098146));
#776 = CARTESIAN_POINT('',(30.915011540582,-29.89263740816,
    37.75049191371));
#777 = CARTESIAN_POINT('',(30.769860489443,-30.07755664834,
    37.749599525553));
#778 = CARTESIAN_POINT('',(30.703577086011,-30.16741136909,
    37.753136174869));
#779 = CARTESIAN_POINT('',(30.640667412626,-30.25891023202,
    37.760861385128));
#780 = CARTESIAN_POINT('',(30.581526982247,-30.35222656307,
    37.773085566668));
#781 = CARTESIAN_POINT('',(30.526729742835,-30.44752118974,
    37.790234628871));
#782 = CARTESIAN_POINT('',(30.477024303776,-30.54494403523,
    37.812841765453));
#783 = CARTESIAN_POINT('',(30.433394302203,-30.64466343664,
    37.841604395694));
#784 = CARTESIAN_POINT('',(30.371879018435,-30.81897348356,
    37.902952190091));
#785 = CARTESIAN_POINT('',(30.350247136128,-30.8921166927,
    37.931832572643));
#786 = CARTESIAN_POINT('',(30.332842191787,-30.96658284194,
    37.964638925654));
#787 = CARTESIAN_POINT('',(30.320316682256,-31.04241849333,
    38.001819498576));
#788 = CARTESIAN_POINT('',(30.313497464248,-31.11952891612,
    38.043855102416));
#789 = CARTESIAN_POINT('',(30.313372776909,-31.19767334902,
    38.091247932693));
#790 = CARTESIAN_POINT('',(30.321044669195,-31.27645023852,
    38.144488338722));
#791 = CARTESIAN_POINT('',(30.34676739961,-31.39894895626,
    38.236924083894));
#792 = CARTESIAN_POINT('',(30.358662958567,-31.4426224575,
    38.271785134734));
#793 = CARTESIAN_POINT('',(30.373445468082,-31.48611396675,
    38.308552975586));
#794 = CARTESIAN_POINT('',(30.391250407053,-31.52922958591,
    38.347204923811));
#795 = CARTESIAN_POINT('',(30.412168003009,-31.57175542041,
    38.387678242787));
#796 = CARTESIAN_POINT('',(30.43622268292,-31.61346164207,
    38.429858890659));
#797 = CARTESIAN_POINT('',(30.463348392033,-31.65410823146,
    38.473567359795));
#798 = CARTESIAN_POINT('',(30.527595509515,-31.73833457016,
    38.569846334657));
#799 = CARTESIAN_POINT('',(30.565611619188,-31.78155477034,
    38.622835915561));
#800 = CARTESIAN_POINT('',(30.607139785929,-31.82274485893,
    38.677121152748));
#801 = CARTESIAN_POINT('',(30.65181498363,-31.86167231528,
    38.732332282704));
#802 = CARTESIAN_POINT('',(30.699221716082,-31.8982078187,
    38.788127605974));
#803 = CARTESIAN_POINT('',(30.748930824782,-31.93229900752,
    38.84420031676));
#804 = CARTESIAN_POINT('',(30.800526872392,-31.96395041787,
    38.900283531464));
#805 = CARTESIAN_POINT('',(30.896098803185,-32.01661326752,
    39.000842473051));
#806 = CARTESIAN_POINT('',(30.939558298811,-32.03850011089,
    39.045421335994));
#807 = CARTESIAN_POINT('',(30.983843630081,-32.05890968176,
    39.089810557134));
#808 = CARTESIAN_POINT('',(31.028810389993,-32.07789178972,
    39.133946964053));
#809 = CARTESIAN_POINT('',(31.074332811637,-32.09550232235,
    39.177782709138));
#810 = CARTESIAN_POINT('',(31.120305272806,-32.11179996459,
    39.221284543111));
#811 = CARTESIAN_POINT('',(31.166643216757,-32.12684381959,
    39.264433412707));
#812 = CARTESIAN_POINT('',(31.266571467491,-32.15651383409,
    39.356114411627));
#813 = CARTESIAN_POINT('',(31.320241802627,-32.17077131383,
    39.40452602549));
#814 = CARTESIAN_POINT('',(31.374197347204,-32.18355073043,
    39.452449426316));
#815 = CARTESIAN_POINT('',(31.428355172613,-32.19493084602,
    39.499878755951));
#816 = CARTESIAN_POINT('',(31.482646265696,-32.2049833868,
    39.546812604093));
#817 = CARTESIAN_POINT('',(31.53701522548,-32.21377360516,
    39.593254516518));
#818 = CARTESIAN_POINT('',(31.591419959908,-32.22136084188,
    39.639213503301));
#819 = CARTESIAN_POINT('',(31.698359704648,-32.2340145161,
    39.728621211595));
#820 = CARTESIAN_POINT('',(31.750887823589,-32.23915830501,
    39.77209636456));
#821 = CARTESIAN_POINT('',(31.8033856393,-32.24327841741,39.815140054706
    ));
#822 = CARTESIAN_POINT('',(31.855826806377,-32.24641760464,
    39.857761359201));
#823 = CARTESIAN_POINT('',(31.90818869629,-32.24861398128,
    39.899968830698));
#824 = CARTESIAN_POINT('',(31.960452359566,-32.24990159958,
    39.941770944432));
#825 = CARTESIAN_POINT('',(32.012602487974,-32.25031102378,
    39.983176545314));
#826 = CARTESIAN_POINT('',(32.111981434523,-32.24946838943,
    40.061531352669));
#827 = CARTESIAN_POINT('',(32.159230124332,-32.2483621775,
    40.098545616447));
#828 = CARTESIAN_POINT('',(32.206363683575,-32.2465719935,40.13524453599
    ));
#829 = CARTESIAN_POINT('',(32.253373153747,-32.24411653093,
    40.171633759572));
#830 = CARTESIAN_POINT('',(32.300250400625,-32.24101264657,
    40.20771829942));
#831 = CARTESIAN_POINT('',(32.346988134495,-32.23727555481,
    40.243502697037));
#832 = CARTESIAN_POINT('',(32.393579930379,-32.23291902205,
    40.278991188518));
#833 = CARTESIAN_POINT('',(32.591781321803,-32.21173559989,
    40.429206164147));
#834 = CARTESIAN_POINT('',(32.741890799764,-32.189037846,40.541082457173
    ));
#835 = CARTESIAN_POINT('',(32.890195037076,-32.16029708454,
    40.64998961937));
#836 = CARTESIAN_POINT('',(33.036521698636,-32.12580100767,
    40.755986901634));
#837 = CARTESIAN_POINT('',(33.18070104386,-32.08575960168,
    40.859078599038));
#838 = CARTESIAN_POINT('',(33.322572649391,-32.0403271415,
    40.959234297262));
#839 = CARTESIAN_POINT('',(33.46198485434,-31.98960266714,
    41.056391221978));
#840 = CARTESIAN_POINT('',(33.850341913173,-31.83072822873,
    41.323419502917));
#841 = CARTESIAN_POINT('',(34.0927399818,-31.71023807511,41.485695952502
    ));
#842 = CARTESIAN_POINT('',(34.325273837863,-31.57249343713,
    41.636869052181));
#843 = CARTESIAN_POINT('',(34.54653666865,-31.41747728565,
    41.775634988786));
#844 = CARTESIAN_POINT('',(34.754698064828,-31.2452325143,
    41.900149290118));
#845 = CARTESIAN_POINT('',(34.947489282138,-31.05591897965,
    42.00792901895));
#846 = CARTESIAN_POINT('',(35.122364345833,-30.85004144387,
    42.09601014145));
#847 = CARTESIAN_POINT('',(35.403205517493,-30.4453237406,
    42.213706711582));
#848 = CARTESIAN_POINT('',(35.51557263145,-30.25198054945,
    42.250725208929));
#849 = CARTESIAN_POINT('',(35.611748245991,-30.04871300389,
    42.269506849254));
#850 = CARTESIAN_POINT('',(35.689445720382,-29.83668423707,
    42.267392031173));
#851 = CARTESIAN_POINT('',(35.74609470652,-29.61796144105,42.24148081844
    ));
#852 = CARTESIAN_POINT('',(35.779041045314,-29.39565134067,
    42.188832146432));
#853 = CARTESIAN_POINT('',(35.785923701946,-29.17388512589,
    42.107032363331));
#854 = CARTESIAN_POINT('',(35.757288865589,-28.88848876405,
    41.957837648532));
#855 = CARTESIAN_POINT('',(35.747437642197,-28.81997810975,
    41.91853462663));
#856 = CARTESIAN_POINT('',(35.734600931121,-28.7522745373,
    41.876023095528));
#857 = CARTESIAN_POINT('',(35.718713270323,-28.68558126565,
    41.830272387678));
#858 = CARTESIAN_POINT('',(35.699717806406,-28.62011704524,
    41.781271806522));
#859 = CARTESIAN_POINT('',(35.677569739747,-28.55611320259,
    41.72903558737));
#860 = CARTESIAN_POINT('',(35.652239769647,-28.49381068481,
    41.673607858267));
#861 = CARTESIAN_POINT('',(35.609545616704,-28.40346904645,
    41.585980534375));
#862 = CARTESIAN_POINT('',(35.594585886485,-28.37396268143,
    41.556125634186));
#863 = CARTESIAN_POINT('',(35.578837471753,-28.34496874719,
    41.525513215073));
#864 = CARTESIAN_POINT('',(35.562300757906,-28.316518314,41.494155840956
    ));
#865 = CARTESIAN_POINT('',(35.54497760383,-28.28864258101,
    41.462068545455));
#866 = CARTESIAN_POINT('',(35.52687155293,-28.26137267298,
    41.429269052428));
#867 = CARTESIAN_POINT('',(35.507988044175,-28.23473943705,
    41.395777996516));
#868 = CARTESIAN_POINT('',(35.452272862909,-28.16112826266,
    41.298941589615));
#869 = CARTESIAN_POINT('',(35.413612089354,-28.11571988903,
    41.234003684736));
#870 = CARTESIAN_POINT('',(35.372405164278,-28.07274751531,
    41.166964522844));
#871 = CARTESIAN_POINT('',(35.328725651247,-28.03239233041,
    41.098009367713));
#872 = CARTESIAN_POINT('',(35.282668624471,-27.99481526741,
    41.027350522912));
#873 = CARTESIAN_POINT('',(35.234353512958,-27.96015357161,
    40.955228737074));
#874 = CARTESIAN_POINT('',(35.183928979903,-27.92851598474,
    40.881915144618));
#875 = CARTESIAN_POINT('',(35.098879207745,-27.88214898197,
    40.761362790119));
#876 = CARTESIAN_POINT('',(35.065423898333,-27.86552833798,
    40.714660188992));
#877 = CARTESIAN_POINT('',(35.031257431221,-27.85013236388,
    40.667678082994));
#878 = CARTESIAN_POINT('',(34.996424961432,-27.83597187462,
    40.620488344409));
#879 = CARTESIAN_POINT('',(34.960973231477,-27.82305112682,
    40.573162356393));
#880 = CARTESIAN_POINT('',(34.92495052593,-27.8113681961,40.525770795998
    ));
#881 = CARTESIAN_POINT('',(34.88840662601,-27.80091535453,
    40.478383417201));
#882 = CARTESIAN_POINT('',(34.808461998293,-27.78096712235,
    40.376190710051));
#883 = CARTESIAN_POINT('',(34.76489627468,-27.77189126928,
    40.321407005514));
#884 = CARTESIAN_POINT('',(34.720774496733,-27.76443116878,
    40.266823606524));
#885 = CARTESIAN_POINT('',(34.676172838007,-27.75855544548,
    40.212537515839));
#886 = CARTESIAN_POINT('',(34.63116441993,-27.75422392797,40.15863693544
    ));
#887 = CARTESIAN_POINT('',(34.585818989532,-27.75138950803,
    40.105201349193));
#888 = CARTESIAN_POINT('',(34.540202597174,-27.75,40.052301605508));
#889 = CARTESIAN_POINT('',(34.494377274278,-27.75,40.));
#890 = PCURVE('',#85,#891);
#891 = DEFINITIONAL_REPRESENTATION('',(#892),#1094);
#892 = B_SPLINE_CURVE_WITH_KNOTS('',3,(#893,#894,#895,#896,#897,#898,
    #899,#900,#901,#902,#903,#904,#905,#906,#907,#908,#909,#910,#911,
    #912,#913,#914,#915,#916,#917,#918,#919,#920,#921,#922,#923,#924,
    #925,#926,#927,#928,#929,#930,#931,#932,#933,#934,#935,#936,#937,
    #938,#939,#940,#941,#942,#943,#944,#945,#946,#947,#948,#949,#950,
    #951,#952,#953,#954,#955,#956,#957,#958,#959,#960,#961,#962,#963,
    #964,#965,#966,#967,#968,#969,#970,#971,#972,#973,#974,#975,#976,
    #977,#978,#979,#980,#981,#982,#983,#984,#985,#986,#987,#988,#989,
    #990,#991,#992,#993,#994,#995,#996,#997,#998,#999,#1000,#1001,#1002,
    #1003,#1004,#1005,#1006,#1007,#1008,#1009,#1010,#1011,#1012,#1013,
    #1014,#1015,#1016,#1017,#1018,#1019,#1020,#1021,#1022,#1023,#1024,
    #1025,#1026,#1027,#1028,#1029,#1030,#1031,#1032,#1033,#1034,#1035,
    #1036,#1037,#1038,#1039,#1040,#1041,#1042,#1043,#1044,#1045,#1046,
    #1047,#1048,#1049,#1050,#1051,#1052,#1053,#1054,#1055,#1056,#1057,
    #1058,#1059,#1060,#1061,#1062,#1063,#1064,#1065,#1066,#1067,#1068,
    #1069,#1070,#1071,#1072,#1073,#1074,#1075,#1076,#1077,#1078,#1079,
    #1080,#1081,#1082,#1083,#1084,#1085,#1086,#1087,#1088,#1089,#1090,
    #1091,#1092,#1093),.UNSPECIFIED.,.T.,.F.,(4,1,1,1,1,1,1,1,1,1,1,1,1,
    1,1,1,1,1,1,1,1,1,1,1,1,1,1,1,1,1,1,1,1,1,1,1,1,1,1,1,1,1,1,1,1,1,1,
    1,1,1,1,1,1,1,1,1,1,1,1,1,1,1,1,1,1,1,1,1,1,1,1,1,1,1,1,1,1,1,1,1,1,
    1,1,1,1,1,1,1,1,1,1,1,1,1,1,1,1,1,1,1,1,1,1,1,1,1,1,1,1,1,1,1,1,1,1,
    1,1,1,1,1,1,1,1,1,1,1,1,1,1,1,1,1,1,1,1,1,1,1,1,1,1,1,1,1,1,1,1,1,1,
    1,1,1,1,1,1,1,1,1,1,1,1,1,1,1,1,1,1,1,1,1,1,1,1,1,1,1,1,1,1,1,1,1,1,
    1,1,1,1,1,1,1,1,1,1,1,1,1,1,1,4),(0.,6.679976696734E-03,
    1.335995339347E-02,2.00399300902E-02,2.671990678694E-02,
    3.339988348367E-02,4.00798601804E-02,4.675983687714E-02,
    5.343981357387E-02,6.011979027061E-02,6.679976696734E-02,
    7.347974366407E-02,8.015972036081E-02,8.683969705754E-02,
    9.351967375427E-02,0.100199650451,0.106879627148,0.113559603844,
    0.120239580541,0.126919557238,0.133599533935,0.140279510631,
    0.146959487328,0.153639464025,0.160319440722,0.166999417418,
    0.173679394115,0.180359370812,0.187039347509,0.193719324205,
    0.200399300902,0.207079277599,0.213759254295,0.220439230992,
    0.227119207689,0.233799184386,0.240479161082,0.247159137779,
    0.253839114476,0.260519091173,0.267199067869,0.273879044566,
    0.280559021263,0.28723899796,0.293918974656,0.300598951353,
    0.30727892805,0.313958904746,0.320638881443,0.32731885814,
    0.333998834837,0.340678811533,0.34735878823,0.354038764927,
    0.360718741624,0.36739871832,0.374078695017,0.380758671714,
    0.387438648411,0.394118625107,0.400798601804,0.407478578501,
    0.414158555198,0.420838531894,0.427518508591,0.434198485288,
    0.440878461984,0.447558438681,0.454238415378,0.460918392075,
    0.467598368771,0.474278345468,0.480958322165,0.487638298862,
    0.494318275558,0.500998252255,0.507678228952,0.514358205649,
    0.521038182345,0.527718159042,0.534398135739,0.541078112435,
    0.547758089132,0.554438065829,0.561118042526,0.567798019222,
    0.574477995919,0.581157972616,0.587837949313,0.594517926009,
    0.601197902706,0.607877879403,0.6145578561,0.621237832796,
    0.627917809493,0.63459778619,0.641277762886,0.647957739583,
    0.65463771628,0.661317692977,0.667997669673,0.67467764637,
    0.681357623067,0.688037599764,0.69471757646,0.701397553157,
    0.708077529854,0.714757506551,0.721437483247,0.728117459944,
    0.734797436641,0.741477413337,0.748157390034,0.754837366731,
    0.761517343428,0.768197320124,0.774877296821,0.781557273518,
    0.788237250215,0.794917226911,0.801597203608,0.808277180305,
    0.814957157002,0.821637133698,0.828317110395,0.834997087092,
    0.841677063788,0.848357040485,0.855037017182,0.861716993879,
    0.868396970575,0.875076947272,0.881756923969,0.888436900666,
    0.895116877362,0.901796854059,0.908476830756,0.915156807453,
    0.921836784149,0.928516760846,0.935196737543,0.941876714239,
    0.948556690936,0.955236667633,0.96191664433,0.968596621026,
    0.975276597723,0.98195657442,0.988636551117,0.995316527813,
    1.00199650451,1.008676481207,1.015356457904,1.0220364346,
    1.028716411297,1.035396387994,1.04207636469,1.048756341387,
    1.055436318084,1.062116294781,1.068796271477,1.075476248174,
    1.082156224871,1.088836201568,1.095516178264,1.102196154961,
    1.108876131658,1.115556108355,1.122236085051,1.128916061748,
    1.135596038445,1.142276015141,1.148955991838,1.155635968535,
    1.162315945232,1.168995921928,1.175675898625,1.182355875322,
    1.189035852019,1.195715828715,1.202395805412,1.209075782109,
    1.215755758806,1.222435735502,1.229115712199,1.235795688896,
    1.242475665593,1.249155642289,1.255835618986,1.262515595683,
    1.269195572379,1.275875549076,1.282555525773,1.28923550247,
    1.295915479166,1.302595455863,1.30927543256,1.315955409257,
    1.322635385953),.QUASI_UNIFORM_KNOTS.);
#893 = CARTESIAN_POINT('',(21.232629127172,0.75));
#894 = CARTESIAN_POINT('',(21.228303818081,0.751846343548));
#895 = CARTESIAN_POINT('',(21.217667204704,0.755506735567));
#896 = CARTESIAN_POINT('',(21.196018119765,0.760892283307));
#897 = CARTESIAN_POINT('',(21.168935369103,0.766164009544));
#898 = CARTESIAN_POINT('',(21.13669107733,0.771315324624));
#899 = CARTESIAN_POINT('',(21.099559428871,0.776340935105));
#900 = CARTESIAN_POINT('',(21.057813978081,0.781236946597));
#901 = CARTESIAN_POINT('',(21.011723488469,0.786000701127));
#902 = CARTESIAN_POINT('',(20.961548464239,0.790630696684));
#903 = CARTESIAN_POINT('',(20.907538224539,0.795126466215));
#904 = CARTESIAN_POINT('',(20.849927100885,0.799488563413));
#905 = CARTESIAN_POINT('',(20.788935717287,0.803718192588));
#906 = CARTESIAN_POINT('',(20.72477661677,0.807816670603));
#907 = CARTESIAN_POINT('',(20.657642299661,0.811786173145));
#908 = CARTESIAN_POINT('',(20.587715828375,0.815628908396));
#909 = CARTESIAN_POINT('',(20.515168068199,0.819347293145));
#910 = CARTESIAN_POINT('',(20.440157230933,0.82294391764));
#911 = CARTESIAN_POINT('',(20.362832121895,0.826421393569));
#912 = CARTESIAN_POINT('',(20.283318354083,0.829782882811));
#913 = CARTESIAN_POINT('',(20.201770804115,0.833029951408));
#914 = CARTESIAN_POINT('',(20.118309067831,0.83616537487));
#915 = CARTESIAN_POINT('',(20.033027759489,0.839192424454));
#916 = CARTESIAN_POINT('',(19.946020575159,0.842113957644));
#917 = CARTESIAN_POINT('',(19.8573743912,0.844932692685));
#918 = CARTESIAN_POINT('',(19.767171314036,0.847651161167));
#919 = CARTESIAN_POINT('',(19.675488530258,0.850271742717));
#920 = CARTESIAN_POINT('',(19.582398685169,0.852796674031));
#921 = CARTESIAN_POINT('',(19.487970066407,0.855228061577));
#922 = CARTESIAN_POINT('',(19.392266793475,0.857567890519));
#923 = CARTESIAN_POINT('',(19.295348965738,0.859818032235));
#924 = CARTESIAN_POINT('',(19.19727278728,0.861980250131));
#925 = CARTESIAN_POINT('',(19.09809066866,0.864056204108));
#926 = CARTESIAN_POINT('',(18.997851309804,0.86604745384));
#927 = CARTESIAN_POINT('',(18.896599766375,0.867955461015));
#928 = CARTESIAN_POINT('',(18.794377501852,0.869781590665));
#929 = CARTESIAN_POINT('',(18.691222426341,0.871527111656));
#930 = CARTESIAN_POINT('',(18.587168924552,0.873193196379));
#931 = CARTESIAN_POINT('',(18.482247867462,0.874780919713));
#932 = CARTESIAN_POINT('',(18.376486628908,0.876291257001));
#933 = CARTESIAN_POINT('',(18.269909025978,0.877725081845));
#934 = CARTESIAN_POINT('',(18.162535481482,0.879083160478));
#935 = CARTESIAN_POINT('',(18.054382288222,0.880366154249));
#936 = CARTESIAN_POINT('',(17.9454641464,0.881574586636));
#937 = CARTESIAN_POINT('',(17.835784394524,0.882708936649));
#938 = CARTESIAN_POINT('',(17.725371063429,0.883769253595));
#939 = CARTESIAN_POINT('',(17.614287727237,0.884755203323));
#940 = CARTESIAN_POINT('',(17.502536517328,0.885666923691));
#941 = CARTESIAN_POINT('',(17.390135225067,0.886504239014));
#942 = CARTESIAN_POINT('',(17.27709728283,0.887266866106));
#943 = CARTESIAN_POINT('',(17.163437128254,0.887954357305));
#944 = CARTESIAN_POINT('',(17.049168742093,0.88856611055));
#945 = CARTESIAN_POINT('',(16.934305980298,0.889101358121));
#946 = CARTESIAN_POINT('',(16.818862434401,0.889559157763));
#947 = CARTESIAN_POINT('',(16.702851270223,0.889938379892));
#948 = CARTESIAN_POINT('',(16.586285517942,0.890237692689));
#949 = CARTESIAN_POINT('',(16.469176478555,0.890455544389));
#950 = CARTESIAN_POINT('',(16.351539120952,0.890590144009));
#951 = CARTESIAN_POINT('',(16.233371315271,0.890639436542));
#952 = CARTESIAN_POINT('',(16.114733733224,0.890601087469));
#953 = CARTESIAN_POINT('',(15.995637993732,0.890472507923));
#954 = CARTESIAN_POINT('',(15.876078776291,0.89025070963));
#955 = CARTESIAN_POINT('',(15.756066815885,0.889932285232));
#956 = CARTESIAN_POINT('',(15.63562010135,0.889513379384));
#957 = CARTESIAN_POINT('',(15.514766256745,0.888989659125));
#958 = CARTESIAN_POINT('',(15.393541885331,0.888356274149));
#959 = CARTESIAN_POINT('',(15.271992707593,0.887607803261));
#960 = CARTESIAN_POINT('',(15.150173334244,0.886738179072));
#961 = CARTESIAN_POINT('',(15.028147441951,0.885740594888));
#962 = CARTESIAN_POINT('',(14.905986419196,0.884607355073));
#963 = CARTESIAN_POINT('',(14.78377344,0.883329789535));
#964 = CARTESIAN_POINT('',(14.661587077573,0.881897758832));
#965 = CARTESIAN_POINT('',(14.53971165547,0.880302336701));
#966 = CARTESIAN_POINT('',(14.418222867281,0.878530551987));
#967 = CARTESIAN_POINT('',(14.297338213335,0.876569130178));
#968 = CARTESIAN_POINT('',(14.177358592266,0.874404119533));
#969 = CARTESIAN_POINT('',(14.058682171403,0.872021216408));
#970 = CARTESIAN_POINT('',(13.941799425762,0.869405982278));
#971 = CARTESIAN_POINT('',(13.827288864018,0.866544014901));
#972 = CARTESIAN_POINT('',(13.715825142763,0.863421767185));
#973 = CARTESIAN_POINT('',(13.608131885713,0.860025311827));
#974 = CARTESIAN_POINT('',(13.505321454215,0.856353531584));
#975 = CARTESIAN_POINT('',(13.408535596641,0.852412499997));
#976 = CARTESIAN_POINT('',(13.318882753812,0.848216081218));
#977 = CARTESIAN_POINT('',(13.237396632352,0.843788099668));
#978 = CARTESIAN_POINT('',(13.16496987273,0.839164202527));
#979 = CARTESIAN_POINT('',(13.102195050087,0.834386205866));
#980 = CARTESIAN_POINT('',(13.049326216744,0.829498259166));
#981 = CARTESIAN_POINT('',(13.006272277839,0.824540447528));
#982 = CARTESIAN_POINT('',(12.972698954595,0.819549138142));
#983 = CARTESIAN_POINT('',(12.948101158559,0.814558216206));
#984 = CARTESIAN_POINT('',(12.931829879597,0.809591022141));
#985 = CARTESIAN_POINT('',(12.923198135279,0.804661189565));
#986 = CARTESIAN_POINT('',(12.921544505096,0.799781147757));
#987 = CARTESIAN_POINT('',(12.926237894594,0.794958756445));
#988 = CARTESIAN_POINT('',(12.936699800357,0.790198254053));
#989 = CARTESIAN_POINT('',(12.952406465322,0.785502633593));
#990 = CARTESIAN_POINT('',(12.972892689623,0.780872428279));
#991 = CARTESIAN_POINT('',(12.99774463993,0.776307801999));
#992 = CARTESIAN_POINT('',(13.026597325093,0.771808117579));
#993 = CARTESIAN_POINT('',(13.05913306346,0.767371752488));
#994 = CARTESIAN_POINT('',(13.095067388843,0.762997654111));
#995 = CARTESIAN_POINT('',(13.134152712339,0.758684167898));
#996 = CARTESIAN_POINT('',(13.176169323003,0.754429781925));
#997 = CARTESIAN_POINT('',(13.220923521725,0.750232987247));
#998 = CARTESIAN_POINT('',(13.268245404255,0.746092179754));
#999 = CARTESIAN_POINT('',(13.317981975197,0.74200608604));
#1000 = CARTESIAN_POINT('',(13.369998716585,0.737973395308));
#1001 = CARTESIAN_POINT('',(13.424174780958,0.733992997849));
#1002 = CARTESIAN_POINT('',(13.480404131213,0.730063782601));
#1003 = CARTESIAN_POINT('',(13.538586978813,0.726185096752));
#1004 = CARTESIAN_POINT('',(13.598637577928,0.72235612249));
#1005 = CARTESIAN_POINT('',(13.660481302485,0.718576033173));
#1006 = CARTESIAN_POINT('',(13.724049539352,0.714844253212));
#1007 = CARTESIAN_POINT('',(13.789280154006,0.711160356081));
#1008 = CARTESIAN_POINT('',(13.856116600601,0.707524064166));
#1009 = CARTESIAN_POINT('',(13.924507518998,0.70393522569));
#1010 = CARTESIAN_POINT('',(13.994406309881,0.700393801745));
#1011 = CARTESIAN_POINT('',(14.065770815922,0.696899853912));
#1012 = CARTESIAN_POINT('',(14.138563042691,0.69345353532));
#1013 = CARTESIAN_POINT('',(14.212748994678,0.69005508119));
#1014 = CARTESIAN_POINT('',(14.288298330647,0.686704809735));
#1015 = CARTESIAN_POINT('',(14.365184886531,0.683403091944));
#1016 = CARTESIAN_POINT('',(14.443384110344,0.680150443196));
#1017 = CARTESIAN_POINT('',(14.522882125327,0.676947164487));
#1018 = CARTESIAN_POINT('',(14.603630492197,0.673795103516));
#1019 = CARTESIAN_POINT('',(14.685614895993,0.670694861673));
#1020 = CARTESIAN_POINT('',(14.768822546724,0.667647186975));
#1021 = CARTESIAN_POINT('',(14.85324112226,0.664652984563));
#1022 = CARTESIAN_POINT('',(14.938858881623,0.661713305356));
#1023 = CARTESIAN_POINT('',(15.025664483767,0.658829341782));
#1024 = CARTESIAN_POINT('',(15.1136469023,0.656002422664));
#1025 = CARTESIAN_POINT('',(15.202795329687,0.653234009291));
#1026 = CARTESIAN_POINT('',(15.293099097824,0.650525691997));
#1027 = CARTESIAN_POINT('',(15.384547606346,0.647879187349));
#1028 = CARTESIAN_POINT('',(15.477130259747,0.645296335848));
#1029 = CARTESIAN_POINT('',(15.570836412006,0.642779100098));
#1030 = CARTESIAN_POINT('',(15.665655318253,0.640329563414));
#1031 = CARTESIAN_POINT('',(15.761576092981,0.637949928868));
#1032 = CARTESIAN_POINT('',(15.858587674544,0.635642518745));
#1033 = CARTESIAN_POINT('',(15.956678795809,0.633409774434));
#1034 = CARTESIAN_POINT('',(16.055837961101,0.631254256779));
#1035 = CARTESIAN_POINT('',(16.156053429378,0.629178646917));
#1036 = CARTESIAN_POINT('',(16.257313205275,0.627185747654));
#1037 = CARTESIAN_POINT('',(16.359605034053,0.625278485487));
#1038 = CARTESIAN_POINT('',(16.462916418459,0.62345991317));
#1039 = CARTESIAN_POINT('',(16.567234594387,0.621733213578));
#1040 = CARTESIAN_POINT('',(16.672546705985,0.620101702568));
#1041 = CARTESIAN_POINT('',(16.778839288308,0.618568839885));
#1042 = CARTESIAN_POINT('',(16.88610039339,0.617138215011));
#1043 = CARTESIAN_POINT('',(16.994311918595,0.615813632125));
#1044 = CARTESIAN_POINT('',(17.103478577898,0.614598831545));
#1045 = CARTESIAN_POINT('',(17.213498414481,0.613498806101));
#1046 = CARTESIAN_POINT('',(17.324344446199,0.612517672989));
#1047 = CARTESIAN_POINT('',(17.435992923177,0.611659697544));
#1048 = CARTESIAN_POINT('',(17.548410326293,0.610929363811));
#1049 = CARTESIAN_POINT('',(17.661556805334,0.610331323775));
#1050 = CARTESIAN_POINT('',(17.775385198656,0.609870379759));
#1051 = CARTESIAN_POINT('',(17.889841225287,0.60955145832));
#1052 = CARTESIAN_POINT('',(18.004863352765,0.609379586614));
#1053 = CARTESIAN_POINT('',(18.1203827426,0.609359868175));
#1054 = CARTESIAN_POINT('',(18.236323166033,0.609497458893));
#1055 = CARTESIAN_POINT('',(18.352600918776,0.609797543014));
#1056 = CARTESIAN_POINT('',(18.469124726704,0.61026530934));
#1057 = CARTESIAN_POINT('',(18.585795643709,0.610905927783));
#1058 = CARTESIAN_POINT('',(18.702506941392,0.611724526548));
#1059 = CARTESIAN_POINT('',(18.819143986232,0.612726170178));
#1060 = CARTESIAN_POINT('',(18.935584116942,0.613915839143));
#1061 = CARTESIAN_POINT('',(19.0516964701,0.615298410326));
#1062 = CARTESIAN_POINT('',(19.167341943526,0.616878643111));
#1063 = CARTESIAN_POINT('',(19.28237258618,0.618661156081));
#1064 = CARTESIAN_POINT('',(19.396633065149,0.620650453237));
#1065 = CARTESIAN_POINT('',(19.50995431444,0.622850783166));
#1066 = CARTESIAN_POINT('',(19.622176292456,0.625266643115));
#1067 = CARTESIAN_POINT('',(19.733062033057,0.627900901711));
#1068 = CARTESIAN_POINT('',(19.842320014227,0.63075446864));
#1069 = CARTESIAN_POINT('',(19.949723657568,0.633829354748));
#1070 = CARTESIAN_POINT('',(20.055007847611,0.637126254754));
#1071 = CARTESIAN_POINT('',(20.157897773122,0.640645053898));
#1072 = CARTESIAN_POINT('',(20.258102203757,0.644384547688));
#1073 = CARTESIAN_POINT('',(20.355316621104,0.648342381514));
#1074 = CARTESIAN_POINT('',(20.449222242553,0.652514890377));
#1075 = CARTESIAN_POINT('',(20.539482667564,0.656896593466));
#1076 = CARTESIAN_POINT('',(20.625757045571,0.661480574193));
#1077 = CARTESIAN_POINT('',(20.707695209602,0.666257882332));
#1078 = CARTESIAN_POINT('',(20.784960168015,0.671218600034));
#1079 = CARTESIAN_POINT('',(20.857195410936,0.676349390248));
#1080 = CARTESIAN_POINT('',(20.924065245542,0.681635333392));
#1081 = CARTESIAN_POINT('',(20.985256803496,0.687059881338));
#1082 = CARTESIAN_POINT('',(21.040484573752,0.692604811659));
#1083 = CARTESIAN_POINT('',(21.089494880245,0.698250118819));
#1084 = CARTESIAN_POINT('',(21.132074045372,0.703974104118));
#1085 = CARTESIAN_POINT('',(21.16806522923,0.709755180394));
#1086 = CARTESIAN_POINT('',(21.197360543359,0.715570778493));
#1087 = CARTESIAN_POINT('',(21.219911569357,0.72139884828));
#1088 = CARTESIAN_POINT('',(21.235725583326,0.727217594005));
#1089 = CARTESIAN_POINT('',(21.244866898167,0.733006706202));
#1090 = CARTESIAN_POINT('',(21.247450965899,0.73874718612));
#1091 = CARTESIAN_POINT('',(21.243635543585,0.744421843266));
#1092 = CARTESIAN_POINT('',(21.236964339617,0.748151272102));
#1093 = CARTESIAN_POINT('',(21.232629127172,0.75));
#1094 = ( GEOMETRIC_REPRESENTATION_CONTEXT(2) 
PARAMETRIC_REPRESENTATION_CONTEXT() REPRESENTATION_CONTEXT('2D SPACE',''
  ) );
#1095 = PCURVE('',#1096,#1101);
#1096 = CYLINDRICAL_SURFACE('',#1097,2.25);
#1097 = AXIS2_PLACEMENT_3D('',#1098,#1099,#1100);
#1098 = CARTESIAN_POINT('',(-46.,-30.,40.));
#1099 = DIRECTION('',(-1.,-0.,-0.));
#1100 = DIRECTION('',(0.,1.,0.));
#1101 = DEFINITIONAL_REPRESENTATION('',(#1102),#1304);
#1102 = B_SPLINE_CURVE_WITH_KNOTS('',3,(#1103,#1104,#1105,#1106,#1107,
    #1108,#1109,#1110,#1111,#1112,#1113,#1114,#1115,#1116,#1117,#1118,
    #1119,#1120,#1121,#1122,#1123,#1124,#1125,#1126,#1127,#1128,#1129,
    #1130,#1131,#1132,#1133,#1134,#1135,#1136,#1137,#1138,#1139,#1140,
    #1141,#1142,#1143,#1144,#1145,#1146,#1147,#1148,#1149,#1150,#1151,
    #1152,#1153,#1154,#1155,#1156,#1157,#1158,#1159,#1160,#1161,#1162,
    #1163,#1164,#1165,#1166,#1167,#1168,#1169,#1170,#1171,#1172,#1173,
    #1174,#1175,#1176,#1177,#1178,#1179,#1180,#1181,#1182,#1183,#1184,
    #1185,#1186,#1187,#1188,#1189,#1190,#1191,#1192,#1193,#1194,#1195,
    #1196,#1197,#1198,#1199,#1200,#1201,#1202,#1203,#1204,#1205,#1206,
    #1207,#1208,#1209,#1210,#1211,#1212,#1213,#1214,#1215,#1216,#1217,
    #1218,#1219,#1220,#1221,#1222,#1223,#1224,#1225,#1226,#1227,#1228,
    #1229,#1230,#1231,#1232,#1233,#1234,#1235,#1236,#1237,#1238,#1239,
    #1240,#1241,#1242,#1243,#1244,#1245,#1246,#1247,#1248,#1249,#1250,
    #1251,#1252,#1253,#1254,#1255,#1256,#1257,#1258,#1259,#1260,#1261,
    #1262,#1263,#1264,#1265,#1266,#1267,#1268,#1269,#1270,#1271,#1272,
    #1273,#1274,#1275,#1276,#1277,#1278,#1279,#1280,#1281,#1282,#1283,
    #1284,#1285,#1286,#1287,#1288,#1289,#1290,#1291,#1292,#1293,#1294,
    #1295,#1296,#1297,#1298,#1299,#1300,#1301,#1302,#1303),
  .UNSPECIFIED.,.F.,.F.,(4,1,1,1,1,1,1,1,1,1,1,1,1,1,1,1,1,1,1,1,1,1,1,1
    ,1,1,1,1,1,1,1,1,1,1,1,1,1,1,1,1,1,1,1,1,1,1,1,1,1,1,1,1,1,1,1,1,1,1
    ,1,1,1,1,1,1,1,1,1,1,1,1,1,1,1,1,1,1,1,1,1,1,1,1,1,1,1,1,1,1,1,1,1,1
    ,1,1,1,1,1,1,1,1,1,1,1,1,1,1,1,1,1,1,1,1,1,1,1,1,1,1,1,1,1,1,1,1,1,1
    ,1,1,1,1,1,1,1,1,1,1,1,1,1,1,1,1,1,1,1,1,1,1,1,1,1,1,1,1,1,1,1,1,1,1
    ,1,1,1,1,1,1,1,1,1,1,1,1,1,1,1,1,1,1,1,1,1,1,1,1,1,1,1,1,1,1,1,1,1,1
    ,1,1,1,1,4),(0.,6.679976696734E-03,1.335995339347E-02,
    2.00399300902E-02,2.671990678694E-02,3.339988348367E-02,
    4.00798601804E-02,4.675983687714E-02,5.343981357387E-02,
    6.011979027061E-02,6.679976696734E-02,7.347974366407E-02,
    8.015972036081E-02,8.683969705754E-02,9.351967375427E-02,
    0.100199650451,0.106879627148,0.113559603844,0.120239580541,
    0.126919557238,0.133599533935,0.140279510631,0.146959487328,
    0.153639464025,0.160319440722,0.166999417418,0.173679394115,
    0.180359370812,0.187039347509,0.193719324205,0.200399300902,
    0.207079277599,0.213759254295,0.220439230992,0.227119207689,
    0.233799184386,0.240479161082,0.247159137779,0.253839114476,
    0.260519091173,0.267199067869,0.273879044566,0.280559021263,
    0.28723899796,0.293918974656,0.300598951353,0.30727892805,
    0.313958904746,0.320638881443,0.32731885814,0.333998834837,
    0.340678811533,0.34735878823,0.354038764927,0.360718741624,
    0.36739871832,0.374078695017,0.380758671714,0.387438648411,
    0.394118625107,0.400798601804,0.407478578501,0.414158555198,
    0.420838531894,0.427518508591,0.434198485288,0.440878461984,
    0.447558438681,0.454238415378,0.460918392075,0.467598368771,
    0.474278345468,0.480958322165,0.487638298862,0.494318275558,
    0.500998252255,0.507678228952,0.514358205649,0.521038182345,
    0.527718159042,0.534398135739,0.541078112435,0.547758089132,
    0.554438065829,0.561118042526,0.567798019222,0.574477995919,
    0.581157972616,0.587837949313,0.594517926009,0.601197902706,
    0.607877879403,0.6145578561,0.621237832796,0.627917809493,
    0.63459778619,0.641277762886,0.647957739583,0.65463771628,
    0.661317692977,0.667997669673,0.67467764637,0.681357623067,
    0.688037599764,0.69471757646,0.701397553157,0.708077529854,
    0.714757506551,0.721437483247,0.728117459944,0.734797436641,
    0.741477413337,0.748157390034,0.754837366731,0.761517343428,
    0.768197320124,0.774877296821,0.781557273518,0.788237250215,
    0.794917226911,0.801597203608,0.808277180305,0.814957157002,
    0.821637133698,0.828317110395,0.834997087092,0.841677063788,
    0.848357040485,0.855037017182,0.861716993879,0.868396970575,
    0.875076947272,0.881756923969,0.888436900666,0.895116877362,
    0.901796854059,0.908476830756,0.915156807453,0.921836784149,
    0.928516760846,0.935196737543,0.941876714239,0.948556690936,
    0.955236667633,0.96191664433,0.968596621026,0.975276597723,
    0.98195657442,0.988636551117,0.995316527813,1.00199650451,
    1.008676481207,1.015356457904,1.0220364346,1.028716411297,
    1.035396387994,1.04207636469,1.048756341387,1.055436318084,
    1.062116294781,1.068796271477,1.075476248174,1.082156224871,
    1.088836201568,1.095516178264,1.102196154961,1.108876131658,
    1.115556108355,1.122236085051,1.128916061748,1.135596038445,
    1.142276015141,1.148955991838,1.155635968535,1.162315945232,
    1.168995921928,1.175675898625,1.182355875322,1.189035852019,
    1.195715828715,1.202395805412,1.209075782109,1.215755758806,
    1.222435735502,1.229115712199,1.235795688896,1.242475665593,
    1.249155642289,1.255835618986,1.262515595683,1.269195572379,
    1.275875549076,1.282555525773,1.28923550247,1.295915479166,
    1.302595455863,1.30927543256,1.315955409257,1.322635385953),
  .QUASI_UNIFORM_KNOTS.);
#1103 = CARTESIAN_POINT('',(-6.28318530718,-80.49437727427));
#1104 = CARTESIAN_POINT('',(-6.270056272048,-80.4684944299));
#1105 = CARTESIAN_POINT('',(-6.244025876471,-80.41656516509));
#1106 = CARTESIAN_POINT('',(-6.205670228283,-80.3383332998));
#1107 = CARTESIAN_POINT('',(-6.168013488743,-80.25992221796));
#1108 = CARTESIAN_POINT('',(-6.131057473072,-80.18146970139));
#1109 = CARTESIAN_POINT('',(-6.094799996536,-80.10310008427));
#1110 = CARTESIAN_POINT('',(-6.059234557224,-80.02492248327));
#1111 = CARTESIAN_POINT('',(-6.024350825364,-79.94703150357));
#1112 = CARTESIAN_POINT('',(-5.990134756737,-79.86950712497));
#1113 = CARTESIAN_POINT('',(-5.956568903161,-79.79241518327));
#1114 = CARTESIAN_POINT('',(-5.923631933953,-79.71580608202));
#1115 = CARTESIAN_POINT('',(-5.891300866934,-79.63971977892));
#1116 = CARTESIAN_POINT('',(-5.859554601068,-79.56419470691));
#1117 = CARTESIAN_POINT('',(-5.828367844146,-79.48925357524));
#1118 = CARTESIAN_POINT('',(-5.797716996808,-79.41491760708));
#1119 = CARTESIAN_POINT('',(-5.767578493235,-79.34120310422));
#1120 = CARTESIAN_POINT('',(-5.73792870694,-79.26812154802));
#1121 = CARTESIAN_POINT('',(-5.708744970298,-79.19568253987));
#1122 = CARTESIAN_POINT('',(-5.680000691726,-79.1238818473));
#1123 = CARTESIAN_POINT('',(-5.651683690336,-79.05274772071));
#1124 = CARTESIAN_POINT('',(-5.623772226268,-78.98228156551));
#1125 = CARTESIAN_POINT('',(-5.596240177069,-78.91247053665));
#1126 = CARTESIAN_POINT('',(-5.569064917291,-78.8433078089));
#1127 = CARTESIAN_POINT('',(-5.542224882092,-78.77478682417));
#1128 = CARTESIAN_POINT('',(-5.515699939594,-78.70690255691));
#1129 = CARTESIAN_POINT('',(-5.489471048469,-78.63965093921));
#1130 = CARTESIAN_POINT('',(-5.463520138819,-78.57302881465));
#1131 = CARTESIAN_POINT('',(-5.437829959705,-78.50703378195));
#1132 = CARTESIAN_POINT('',(-5.412383957441,-78.4416640958));
#1133 = CARTESIAN_POINT('',(-5.387166163524,-78.37691857665));
#1134 = CARTESIAN_POINT('',(-5.362161094479,-78.3127965395));
#1135 = CARTESIAN_POINT('',(-5.337353660148,-78.24929773636));
#1136 = CARTESIAN_POINT('',(-5.312729078963,-78.18642231171));
#1137 = CARTESIAN_POINT('',(-5.288272798575,-78.12417076944));
#1138 = CARTESIAN_POINT('',(-5.263970420575,-78.06254395026));
#1139 = CARTESIAN_POINT('',(-5.239807628065,-78.0015430189));
#1140 = CARTESIAN_POINT('',(-5.215770115386,-77.94116946144));
#1141 = CARTESIAN_POINT('',(-5.191843517752,-77.88142508982));
#1142 = CARTESIAN_POINT('',(-5.168013344396,-77.82231206481));
#1143 = CARTESIAN_POINT('',(-5.144264896904,-77.76383289719));
#1144 = CARTESIAN_POINT('',(-5.120583235841,-77.70599058101));
#1145 = CARTESIAN_POINT('',(-5.09695295417,-77.64878828885));
#1146 = CARTESIAN_POINT('',(-5.07335865191,-77.59223076361));
#1147 = CARTESIAN_POINT('',(-5.04978276585,-77.53631944816));
#1148 = CARTESIAN_POINT('',(-5.026213233089,-77.48107106465));
#1149 = CARTESIAN_POINT('',(-5.002645453962,-77.42652110569));
#1150 = CARTESIAN_POINT('',(-4.979061669152,-77.37267631243));
#1151 = CARTESIAN_POINT('',(-4.955447397252,-77.31955387757));
#1152 = CARTESIAN_POINT('',(-4.931787044874,-77.26717126875));
#1153 = CARTESIAN_POINT('',(-4.908064960213,-77.21554901874));
#1154 = CARTESIAN_POINT('',(-4.884265018895,-77.16471008732));
#1155 = CARTESIAN_POINT('',(-4.86037058824,-77.11468018381));
#1156 = CARTESIAN_POINT('',(-4.8363643811,-77.0654878899));
#1157 = CARTESIAN_POINT('',(-4.812228293756,-77.01716483511));
#1158 = CARTESIAN_POINT('',(-4.787943324758,-76.96974607562));
#1159 = CARTESIAN_POINT('',(-4.763489079695,-76.92326982151));
#1160 = CARTESIAN_POINT('',(-4.738844733082,-76.87777978159));
#1161 = CARTESIAN_POINT('',(-4.713984446993,-76.83331790357));
#1162 = CARTESIAN_POINT('',(-4.688894017324,-76.7899542718));
#1163 = CARTESIAN_POINT('',(-4.663547097472,-76.7477454731));
#1164 = CARTESIAN_POINT('',(-4.637911538984,-76.7067486348));
#1165 = CARTESIAN_POINT('',(-4.611955999368,-76.66703411616));
#1166 = CARTESIAN_POINT('',(-4.585647702252,-76.62868283233));
#1167 = CARTESIAN_POINT('',(-4.558952522531,-76.5917877372));
#1168 = CARTESIAN_POINT('',(-4.531834372184,-76.55645434134));
#1169 = CARTESIAN_POINT('',(-4.504254670101,-76.5228017497));
#1170 = CARTESIAN_POINT('',(-4.476171606792,-76.49096391987));
#1171 = CARTESIAN_POINT('',(-4.447539360267,-76.4610913681));
#1172 = CARTESIAN_POINT('',(-4.418306676118,-76.43335322946));
#1173 = CARTESIAN_POINT('',(-4.388416722141,-76.40794033466));
#1174 = CARTESIAN_POINT('',(-4.357800856933,-76.38506726276));
#1175 = CARTESIAN_POINT('',(-4.326431644857,-76.36500829352));
#1176 = CARTESIAN_POINT('',(-4.29421627998,-76.34802651778));
#1177 = CARTESIAN_POINT('',(-4.261081516219,-76.33444558299));
#1178 = CARTESIAN_POINT('',(-4.226959524674,-76.32463362081));
#1179 = CARTESIAN_POINT('',(-4.19179127254,-76.31900292979));
#1180 = CARTESIAN_POINT('',(-4.155525929897,-76.31800403412));
#1181 = CARTESIAN_POINT('',(-4.118120268583,-76.32212054257));
#1182 = CARTESIAN_POINT('',(-4.07954446284,-76.33185755671));
#1183 = CARTESIAN_POINT('',(-4.039765598982,-76.34774327441));
#1184 = CARTESIAN_POINT('',(-3.998889199459,-76.37023533277));
#1185 = CARTESIAN_POINT('',(-3.957065941812,-76.3996748771));
#1186 = CARTESIAN_POINT('',(-3.914488755915,-76.43625046855));
#1187 = CARTESIAN_POINT('',(-3.871405055641,-76.47994423611));
#1188 = CARTESIAN_POINT('',(-3.828124695854,-76.5304744798));
#1189 = CARTESIAN_POINT('',(-3.784962285987,-76.58733156443));
#1190 = CARTESIAN_POINT('',(-3.742209052971,-76.64983066581));
#1191 = CARTESIAN_POINT('',(-3.700088932406,-76.71722078131));
#1192 = CARTESIAN_POINT('',(-3.65877640316,-76.78872080301));
#1193 = CARTESIAN_POINT('',(-3.618416037064,-76.86352881941));
#1194 = CARTESIAN_POINT('',(-3.579065754976,-76.9409702385));
#1195 = CARTESIAN_POINT('',(-3.540714168573,-77.0205239947));
#1196 = CARTESIAN_POINT('',(-3.503350782124,-77.10170350882));
#1197 = CARTESIAN_POINT('',(-3.466939985917,-77.18411493804));
#1198 = CARTESIAN_POINT('',(-3.431429305904,-77.26744893324));
#1199 = CARTESIAN_POINT('',(-3.396766722265,-77.35144112069));
#1200 = CARTESIAN_POINT('',(-3.362890758794,-77.43589316484));
#1201 = CARTESIAN_POINT('',(-3.329745033936,-77.52063466914));
#1202 = CARTESIAN_POINT('',(-3.297274023115,-77.60552897922));
#1203 = CARTESIAN_POINT('',(-3.265420850449,-77.69047512005));
#1204 = CARTESIAN_POINT('',(-3.234137672671,-77.77537659921));
#1205 = CARTESIAN_POINT('',(-3.203376479433,-77.86016178083));
#1206 = CARTESIAN_POINT('',(-3.173093813276,-77.94476805798));
#1207 = CARTESIAN_POINT('',(-3.14324922945,-78.02914327507));
#1208 = CARTESIAN_POINT('',(-3.113804114634,-78.11324630421));
#1209 = CARTESIAN_POINT('',(-3.084724328383,-78.19703750258));
#1210 = CARTESIAN_POINT('',(-3.055977240137,-78.28048513377));
#1211 = CARTESIAN_POINT('',(-3.027533140353,-78.36355968118));
#1212 = CARTESIAN_POINT('',(-2.999363540179,-78.44623740916));
#1213 = CARTESIAN_POINT('',(-2.971444264047,-78.52848993382));
#1214 = CARTESIAN_POINT('',(-2.943750802492,-78.61029689668));
#1215 = CARTESIAN_POINT('',(-2.916259241463,-78.69164229725));
#1216 = CARTESIAN_POINT('',(-2.888948000278,-78.77250854442));
#1217 = CARTESIAN_POINT('',(-2.86179698305,-78.85287823381));
#1218 = CARTESIAN_POINT('',(-2.834787476649,-78.93273382539));
#1219 = CARTESIAN_POINT('',(-2.807901894529,-79.01205785689));
#1220 = CARTESIAN_POINT('',(-2.781123601068,-79.09083298823));
#1221 = CARTESIAN_POINT('',(-2.754436745241,-79.16904207279));
#1222 = CARTESIAN_POINT('',(-2.727826122795,-79.2466681884));
#1223 = CARTESIAN_POINT('',(-2.701277033357,-79.32369471258));
#1224 = CARTESIAN_POINT('',(-2.67477522274,-79.40010518284));
#1225 = CARTESIAN_POINT('',(-2.64830656169,-79.4758839062));
#1226 = CARTESIAN_POINT('',(-2.621857748409,-79.55101373198));
#1227 = CARTESIAN_POINT('',(-2.595413221042,-79.62548437946));
#1228 = CARTESIAN_POINT('',(-2.56896986524,-79.69925118813));
#1229 = CARTESIAN_POINT('',(-2.542513997391,-79.77229990275));
#1230 = CARTESIAN_POINT('',(-2.516032463139,-79.84461465472));
#1231 = CARTESIAN_POINT('',(-2.489512776248,-79.9161775557));
#1232 = CARTESIAN_POINT('',(-2.462942982285,-79.98696892278));
#1233 = CARTESIAN_POINT('',(-2.436311606056,-80.05696732206));
#1234 = CARTESIAN_POINT('',(-2.409607584931,-80.12614964986));
#1235 = CARTESIAN_POINT('',(-2.382820212805,-80.19449119428));
#1236 = CARTESIAN_POINT('',(-2.35593908675,-80.26196569358));
#1237 = CARTESIAN_POINT('',(-2.328954057334,-80.32854538789));
#1238 = CARTESIAN_POINT('',(-2.301855181329,-80.39420106597));
#1239 = CARTESIAN_POINT('',(-2.274632676247,-80.45890210716));
#1240 = CARTESIAN_POINT('',(-2.247276876034,-80.52261651888));
#1241 = CARTESIAN_POINT('',(-2.219778187362,-80.58531096972));
#1242 = CARTESIAN_POINT('',(-2.192127045936,-80.64695081822));
#1243 = CARTESIAN_POINT('',(-2.164313872269,-80.70750013705));
#1244 = CARTESIAN_POINT('',(-2.136329026307,-80.76692173244));
#1245 = CARTESIAN_POINT('',(-2.108162760345,-80.82517715806));
#1246 = CARTESIAN_POINT('',(-2.079805169191,-80.88222672351));
#1247 = CARTESIAN_POINT('',(-2.05124613801,-80.93802949453));
#1248 = CARTESIAN_POINT('',(-2.02247528216,-80.99254329109));
#1249 = CARTESIAN_POINT('',(-1.993481895732,-81.04572465656));
#1250 = CARTESIAN_POINT('',(-1.964254841046,-81.09752889263));
#1251 = CARTESIAN_POINT('',(-1.934782625846,-81.14790980062));
#1252 = CARTESIAN_POINT('',(-1.905052740355,-81.196820464));
#1253 = CARTESIAN_POINT('',(-1.875053709057,-81.24421008316));
#1254 = CARTESIAN_POINT('',(-1.844766954518,-81.2900354734));
#1255 = CARTESIAN_POINT('',(-1.814202668339,-81.33420880035));
#1256 = CARTESIAN_POINT('',(-1.783349394478,-81.37667554471));
#1257 = CARTESIAN_POINT('',(-1.752193793823,-81.41738077759));
#1258 = CARTESIAN_POINT('',(-1.720724166805,-81.45626494411));
#1259 = CARTESIAN_POINT('',(-1.688929406869,-81.49326553484));
#1260 = CARTESIAN_POINT('',(-1.656799184864,-81.52831715223));
#1261 = CARTESIAN_POINT('',(-1.624323807751,-81.5613519828));
#1262 = CARTESIAN_POINT('',(-1.591494166766,-81.5923001382));
#1263 = CARTESIAN_POINT('',(-1.558301662249,-81.62109000977));
#1264 = CARTESIAN_POINT('',(-1.524738134071,-81.64764859745));
#1265 = CARTESIAN_POINT('',(-1.490795788793,-81.671901822));
#1266 = CARTESIAN_POINT('',(-1.45646712474,-81.69377481544));
#1267 = CARTESIAN_POINT('',(-1.42174485345,-81.71319218723));
#1268 = CARTESIAN_POINT('',(-1.386621815952,-81.73007826173));
#1269 = CARTESIAN_POINT('',(-1.351090893341,-81.74435728234));
#1270 = CARTESIAN_POINT('',(-1.315144904641,-81.75595357528));
#1271 = CARTESIAN_POINT('',(-1.278776506673,-81.76479166952));
#1272 = CARTESIAN_POINT('',(-1.241978026536,-81.77079635325));
#1273 = CARTESIAN_POINT('',(-1.204741467593,-81.77389270139));
#1274 = CARTESIAN_POINT('',(-1.167057768195,-81.77400590436));
#1275 = CARTESIAN_POINT('',(-1.128918723758,-81.77106148486));
#1276 = CARTESIAN_POINT('',(-1.090308813981,-81.76498366225));
#1277 = CARTESIAN_POINT('',(-1.051234516301,-81.75570017118));
#1278 = CARTESIAN_POINT('',(-1.011719445909,-81.74315145055));
#1279 = CARTESIAN_POINT('',(-0.971761337118,-81.7272773784));
#1280 = CARTESIAN_POINT('',(-0.931368191123,-81.70802500579));
#1281 = CARTESIAN_POINT('',(-0.890548739294,-81.68534807044));
#1282 = CARTESIAN_POINT('',(-0.849315294714,-81.65920872268));
#1283 = CARTESIAN_POINT('',(-0.807683275711,-81.62957860657));
#1284 = CARTESIAN_POINT('',(-0.765672238532,-81.596440308));
#1285 = CARTESIAN_POINT('',(-0.72330940797,-81.55979270001));
#1286 = CARTESIAN_POINT('',(-0.680625167909,-81.51964857987));
#1287 = CARTESIAN_POINT('',(-0.637657829554,-81.47604099171));
#1288 = CARTESIAN_POINT('',(-0.594443838261,-81.42901414946));
#1289 = CARTESIAN_POINT('',(-0.551038922621,-81.3786477414));
#1290 = CARTESIAN_POINT('',(-0.507501125143,-81.32504212552));
#1291 = CARTESIAN_POINT('',(-0.463892081921,-81.26831949634));
#1292 = CARTESIAN_POINT('',(-0.420278047463,-81.2086258164));
#1293 = CARTESIAN_POINT('',(-0.376731555286,-81.14613375441));
#1294 = CARTESIAN_POINT('',(-0.333331551182,-81.0810440741));
#1295 = CARTESIAN_POINT('',(-0.290151139819,-81.01356679259));
#1296 = CARTESIAN_POINT('',(-0.247267650448,-80.94393462809));
#1297 = CARTESIAN_POINT('',(-0.204753024209,-80.87238684063));
#1298 = CARTESIAN_POINT('',(-0.162677591432,-80.79917292462));
#1299 = CARTESIAN_POINT('',(-0.121102675698,-80.72453763577));
#1300 = CARTESIAN_POINT('',(-8.008358425916E-02,-80.64872301146));
#1301 = CARTESIAN_POINT('',(-3.966649571524E-02,-80.57195987645));
#1302 = CARTESIAN_POINT('',(-1.314698676103E-02,-80.52029529479));
#1303 = CARTESIAN_POINT('',(8.881784197001E-16,-80.49437727427));
#1304 = ( GEOMETRIC_REPRESENTATION_CONTEXT(2) 
PARAMETRIC_REPRESENTATION_CONTEXT() REPRESENTATION_CONTEXT('2D SPACE',''
  ) );
#1305 = ADVANCED_FACE('',(#1306,#1377),#127,.F.);
#1306 = FACE_BOUND('',#1307,.F.);
#1307 = EDGE_LOOP('',(#1308,#1309,#1310,#1333,#1356));
#1308 = ORIENTED_EDGE('',*,*,#111,.T.);
#1309 = ORIENTED_EDGE('',*,*,#609,.T.);
#1310 = ORIENTED_EDGE('',*,*,#1311,.T.);
#1311 = EDGE_CURVE('',#588,#1312,#1314,.T.);
#1312 = VERTEX_POINT('',#1313);
#1313 = CARTESIAN_POINT('',(21.709200239603,35.368921738679,36.));
#1314 = SURFACE_CURVE('',#1315,(#1320,#1327),.PCURVE_S1.);
#1315 = CIRCLE('',#1316,41.5);
#1316 = AXIS2_PLACEMENT_3D('',#1317,#1318,#1319);
#1317 = CARTESIAN_POINT('',(0.,0.,36.));
#1318 = DIRECTION('',(0.,0.,1.));
#1319 = DIRECTION('',(1.,0.,0.));
#1320 = PCURVE('',#127,#1321);
#1321 = DEFINITIONAL_REPRESENTATION('',(#1322),#1326);
#1322 = CIRCLE('',#1323,41.5);
#1323 = AXIS2_PLACEMENT_2D('',#1324,#1325);
#1324 = CARTESIAN_POINT('',(0.,0.));
#1325 = DIRECTION('',(1.,0.));
#1326 = ( GEOMETRIC_REPRESENTATION_CONTEXT(2) 
PARAMETRIC_REPRESENTATION_CONTEXT() REPRESENTATION_CONTEXT('2D SPACE',''
  ) );
#1327 = PCURVE('',#265,#1328);
#1328 = DEFINITIONAL_REPRESENTATION('',(#1329),#1332);
#1329 = B_SPLINE_CURVE_WITH_KNOTS('',1,(#1330,#1331),.UNSPECIFIED.,.F.,
  .F.,(2,2),(0.,1.020296522805),.PIECEWISE_BEZIER_KNOTS.);
#1330 = CARTESIAN_POINT('',(72.5,1.));
#1331 = CARTESIAN_POINT('',(145.,1.));
#1332 = ( GEOMETRIC_REPRESENTATION_CONTEXT(2) 
PARAMETRIC_REPRESENTATION_CONTEXT() REPRESENTATION_CONTEXT('2D SPACE',''
  ) );
#1333 = ORIENTED_EDGE('',*,*,#1334,.T.);
#1334 = EDGE_CURVE('',#1312,#1335,#1337,.T.);
#1335 = VERTEX_POINT('',#1336);
#1336 = CARTESIAN_POINT('',(-21.7092002396,35.368921738679,36.));
#1337 = SURFACE_CURVE('',#1338,(#1343,#1350),.PCURVE_S1.);
#1338 = CIRCLE('',#1339,41.5);
#1339 = AXIS2_PLACEMENT_3D('',#1340,#1341,#1342);
#1340 = CARTESIAN_POINT('',(0.,0.,36.));
#1341 = DIRECTION('',(0.,0.,1.));
#1342 = DIRECTION('',(1.,0.,0.));
#1343 = PCURVE('',#127,#1344);
#1344 = DEFINITIONAL_REPRESENTATION('',(#1345),#1349);
#1345 = CIRCLE('',#1346,41.5);
#1346 = AXIS2_PLACEMENT_2D('',#1347,#1348);
#1347 = CARTESIAN_POINT('',(0.,0.));
#1348 = DIRECTION('',(1.,0.));
#1349 = ( GEOMETRIC_REPRESENTATION_CONTEXT(2) 
PARAMETRIC_REPRESENTATION_CONTEXT() REPRESENTATION_CONTEXT('2D SPACE',''
  ) );
#1350 = PCURVE('',#223,#1351);
#1351 = DEFINITIONAL_REPRESENTATION('',(#1352),#1355);
#1352 = B_SPLINE_CURVE_WITH_KNOTS('',1,(#1353,#1354),.UNSPECIFIED.,.F.,
  .F.,(2,2),(1.020296522805,2.121296130785),.PIECEWISE_BEZIER_KNOTS.);
#1353 = CARTESIAN_POINT('',(0.,1.));
#1354 = CARTESIAN_POINT('',(89.,1.));
#1355 = ( GEOMETRIC_REPRESENTATION_CONTEXT(2) 
PARAMETRIC_REPRESENTATION_CONTEXT() REPRESENTATION_CONTEXT('2D SPACE',''
  ) );
#1356 = ORIENTED_EDGE('',*,*,#1357,.T.);
#1357 = EDGE_CURVE('',#1335,#112,#1358,.T.);
#1358 = SURFACE_CURVE('',#1359,(#1364,#1371),.PCURVE_S1.);
#1359 = CIRCLE('',#1360,41.5);
#1360 = AXIS2_PLACEMENT_3D('',#1361,#1362,#1363);
#1361 = CARTESIAN_POINT('',(0.,0.,36.));
#1362 = DIRECTION('',(0.,0.,1.));
#1363 = DIRECTION('',(1.,0.,0.));
#1364 = PCURVE('',#127,#1365);
#1365 = DEFINITIONAL_REPRESENTATION('',(#1366),#1370);
#1366 = CIRCLE('',#1367,41.5);
#1367 = AXIS2_PLACEMENT_2D('',#1368,#1369);
#1368 = CARTESIAN_POINT('',(0.,0.));
#1369 = DIRECTION('',(1.,0.));
#1370 = ( GEOMETRIC_REPRESENTATION_CONTEXT(2) 
PARAMETRIC_REPRESENTATION_CONTEXT() REPRESENTATION_CONTEXT('2D SPACE',''
  ) );
#1371 = PCURVE('',#152,#1372);
#1372 = DEFINITIONAL_REPRESENTATION('',(#1373),#1376);
#1373 = B_SPLINE_CURVE_WITH_KNOTS('',1,(#1374,#1375),.UNSPECIFIED.,.F.,
  .F.,(2,2),(2.121296130785,4.161889176395),.PIECEWISE_BEZIER_KNOTS.);
#1374 = CARTESIAN_POINT('',(0.,1.));
#1375 = CARTESIAN_POINT('',(145.,1.));
#1376 = ( GEOMETRIC_REPRESENTATION_CONTEXT(2) 
PARAMETRIC_REPRESENTATION_CONTEXT() REPRESENTATION_CONTEXT('2D SPACE',''
  ) );
#1377 = FACE_BOUND('',#1378,.F.);
#1378 = EDGE_LOOP('',(#1379,#1449,#1517,#1609,#1677));
#1379 = ORIENTED_EDGE('',*,*,#1380,.T.);
#1380 = EDGE_CURVE('',#1381,#1383,#1385,.T.);
#1381 = VERTEX_POINT('',#1382);
#1382 = CARTESIAN_POINT('',(39.001872659176,1.404494382021E-02,36.));
#1383 = VERTEX_POINT('',#1384);
#1384 = CARTESIAN_POINT('',(20.079026512571,-33.45099924379,36.));
#1385 = SURFACE_CURVE('',#1386,(#1405,#1427),.PCURVE_S1.);
#1386 = B_SPLINE_CURVE_WITH_KNOTS('',5,(#1387,#1388,#1389,#1390,#1391,
    #1392,#1393,#1394,#1395,#1396,#1397,#1398,#1399,#1400,#1401,#1402,
    #1403,#1404),.UNSPECIFIED.,.F.,.F.,(6,4,4,4,6),(0.,0.250010555208,
    0.500016716411,0.750014379306,1.),.UNSPECIFIED.);
#1387 = CARTESIAN_POINT('',(39.001872659176,1.404494382022E-02,36.));
#1388 = CARTESIAN_POINT('',(39.001872659176,-1.996112959148,36.));
#1389 = CARTESIAN_POINT('',(38.872562399627,-4.006277672339,36.));
#1390 = CARTESIAN_POINT('',(38.613941259069,-6.005329286608,36.));
#1391 = CARTESIAN_POINT('',(38.227442265744,-7.982193714229,36.));
#1392 = CARTESIAN_POINT('',(37.204360269369,-11.87000641857,36.));
#1393 = CARTESIAN_POINT('',(36.567778198093,-13.78096901373,36.));
#1394 = CARTESIAN_POINT('',(35.808980525865,-15.64825137613,36.));
#1395 = CARTESIAN_POINT('',(34.932172132619,-17.46150878073,36.));
#1396 = CARTESIAN_POINT('',(32.953519397302,-20.96055572868,36.));
#1397 = CARTESIAN_POINT('',(31.85167600712,-22.64636144946,36.));
#1398 = CARTESIAN_POINT('',(30.642773043264,-24.25880027281,36.));
#1399 = CARTESIAN_POINT('',(29.333510594098,-25.78893842493,36.));
#1400 = CARTESIAN_POINT('',(26.529854796824,-28.66861069751,36.));
#1401 = CARTESIAN_POINT('',(25.035460872199,-30.01816327021,36.));
#1402 = CARTESIAN_POINT('',(23.456225398724,-31.26950054186,36.));
#1403 = CARTESIAN_POINT('',(21.800902697049,-32.41568870441,36.));
#1404 = CARTESIAN_POINT('',(20.079026512571,-33.45099924379,36.));
#1405 = PCURVE('',#127,#1406);
#1406 = DEFINITIONAL_REPRESENTATION('',(#1407),#1426);
#1407 = B_SPLINE_CURVE_WITH_KNOTS('',5,(#1408,#1409,#1410,#1411,#1412,
    #1413,#1414,#1415,#1416,#1417,#1418,#1419,#1420,#1421,#1422,#1423,
    #1424,#1425),.UNSPECIFIED.,.F.,.F.,(6,4,4,4,6),(0.,0.250010555208,
    0.500016716411,0.750014379306,1.),.UNSPECIFIED.);
#1408 = CARTESIAN_POINT('',(39.001872659176,1.404494382022E-02));
#1409 = CARTESIAN_POINT('',(39.001872659176,-1.996112959148));
#1410 = CARTESIAN_POINT('',(38.872562399627,-4.006277672339));
#1411 = CARTESIAN_POINT('',(38.613941259069,-6.005329286608));
#1412 = CARTESIAN_POINT('',(38.227442265744,-7.982193714229));
#1413 = CARTESIAN_POINT('',(37.204360269369,-11.87000641857));
#1414 = CARTESIAN_POINT('',(36.567778198093,-13.78096901373));
#1415 = CARTESIAN_POINT('',(35.808980525865,-15.64825137613));
#1416 = CARTESIAN_POINT('',(34.932172132619,-17.46150878073));
#1417 = CARTESIAN_POINT('',(32.953519397302,-20.96055572868));
#1418 = CARTESIAN_POINT('',(31.85167600712,-22.64636144946));
#1419 = CARTESIAN_POINT('',(30.642773043264,-24.25880027281));
#1420 = CARTESIAN_POINT('',(29.333510594098,-25.78893842493));
#1421 = CARTESIAN_POINT('',(26.529854796824,-28.66861069751));
#1422 = CARTESIAN_POINT('',(25.035460872199,-30.01816327021));
#1423 = CARTESIAN_POINT('',(23.456225398724,-31.26950054186));
#1424 = CARTESIAN_POINT('',(21.800902697049,-32.41568870441));
#1425 = CARTESIAN_POINT('',(20.079026512571,-33.45099924379));
#1426 = ( GEOMETRIC_REPRESENTATION_CONTEXT(2) 
PARAMETRIC_REPRESENTATION_CONTEXT() REPRESENTATION_CONTEXT('2D SPACE',''
  ) );
#1427 = PCURVE('',#392,#1428);
#1428 = DEFINITIONAL_REPRESENTATION('',(#1429),#1448);
#1429 = B_SPLINE_CURVE_WITH_KNOTS('',5,(#1430,#1431,#1432,#1433,#1434,
    #1435,#1436,#1437,#1438,#1439,#1440,#1441,#1442,#1443,#1444,#1445,
    #1446,#1447),.UNSPECIFIED.,.F.,.F.,(6,4,4,4,6),(0.,0.250010555208,
    0.500016716411,0.750014379306,1.),.UNSPECIFIED.);
#1430 = CARTESIAN_POINT('',(70.,0.999375780275));
#1431 = CARTESIAN_POINT('',(66.500013012993,0.999375780275));
#1432 = CARTESIAN_POINT('',(63.000014185345,0.999375780275));
#1433 = CARTESIAN_POINT('',(59.500032550559,0.999375780275));
#1434 = CARTESIAN_POINT('',(56.000018086167,0.999375780275));
#1435 = CARTESIAN_POINT('',(49.000043427614,0.999375780275));
#1436 = CARTESIAN_POINT('',(45.500059544148,0.999375780275));
#1437 = CARTESIAN_POINT('',(42.000077576902,0.999375780275));
#1438 = CARTESIAN_POINT('',(38.500047821836,0.999375780275));
#1439 = CARTESIAN_POINT('',(31.50007115318,0.999375780275));
#1440 = CARTESIAN_POINT('',(28.000100543409,0.999375780275));
#1441 = CARTESIAN_POINT('',(24.500117922379,0.999375780275));
#1442 = CARTESIAN_POINT('',(21.000074231122,0.999375780275));
#1443 = CARTESIAN_POINT('',(14.000094364841,0.999375780275));
#1444 = CARTESIAN_POINT('',(10.500134485528,0.999375780275));
#1445 = CARTESIAN_POINT('',(7.000150932198,0.999375780275));
#1446 = CARTESIAN_POINT('',(3.500095575315,0.999375780275));
#1447 = CARTESIAN_POINT('',(0.,0.999375780275));
#1448 = ( GEOMETRIC_REPRESENTATION_CONTEXT(2) 
PARAMETRIC_REPRESENTATION_CONTEXT() REPRESENTATION_CONTEXT('2D SPACE',''
  ) );
#1449 = ORIENTED_EDGE('',*,*,#1450,.T.);
#1450 = EDGE_CURVE('',#1383,#1451,#1453,.T.);
#1451 = VERTEX_POINT('',#1452);
#1452 = CARTESIAN_POINT('',(-20.07902651257,-33.45099924379,36.));
#1453 = SURFACE_CURVE('',#1454,(#1473,#1495),.PCURVE_S1.);
#1454 = B_SPLINE_CURVE_WITH_KNOTS('',5,(#1455,#1456,#1457,#1458,#1459,
    #1460,#1461,#1462,#1463,#1464,#1465,#1466,#1467,#1468,#1469,#1470,
    #1471,#1472),.UNSPECIFIED.,.F.,.F.,(6,4,4,4,6),(0.,0.250997759407,
    0.49999999997,0.750002240577,1.),.UNSPECIFIED.);
#1455 = CARTESIAN_POINT('',(20.079026512571,-33.45099924379,36.));
#1456 = CARTESIAN_POINT('',(18.262989446854,-34.53904213531,36.));
#1457 = CARTESIAN_POINT('',(16.373167018997,-35.50408750221,36.));
#1458 = CARTESIAN_POINT('',(14.42069903865,-36.33945584089,36.));
#1459 = CARTESIAN_POINT('',(12.417590892289,-37.04000798731,36.));
#1460 = CARTESIAN_POINT('',(8.35136472131,-38.1601104881,36.));
#1461 = CARTESIAN_POINT('',(6.288836938186,-38.58185433587,36.));
#1462 = CARTESIAN_POINT('',(4.201003966835,-38.86415576525,36.));
#1463 = CARTESIAN_POINT('',(2.10049853329,-39.00530586759,36.));
#1464 = CARTESIAN_POINT('',(-2.108934194828,-39.00530586759,36.));
#1465 = CARTESIAN_POINT('',(-4.217875429585,-38.86301976152,36.));
#1466 = CARTESIAN_POINT('',(-6.313990800924,-38.5784462949,36.));
#1467 = CARTESIAN_POINT('',(-8.384494991167,-38.153322049,36.));
#1468 = CARTESIAN_POINT('',(-12.44950843294,-37.0288308537,36.));
#1469 = CARTESIAN_POINT('',(-14.44403262019,-36.32946506635,36.));
#1470 = CARTESIAN_POINT('',(-16.38822440157,-35.49639583461,36.));
#1471 = CARTESIAN_POINT('',(-18.27022471876,-34.53470726444,36.));
#1472 = CARTESIAN_POINT('',(-20.07902651257,-33.45099924379,36.));
#1473 = PCURVE('',#127,#1474);
#1474 = DEFINITIONAL_REPRESENTATION('',(#1475),#1494);
#1475 = B_SPLINE_CURVE_WITH_KNOTS('',5,(#1476,#1477,#1478,#1479,#1480,
    #1481,#1482,#1483,#1484,#1485,#1486,#1487,#1488,#1489,#1490,#1491,
    #1492,#1493),.UNSPECIFIED.,.F.,.F.,(6,4,4,4,6),(0.,0.250997759407,
    0.49999999997,0.750002240577,1.),.UNSPECIFIED.);
#1476 = CARTESIAN_POINT('',(20.079026512571,-33.45099924379));
#1477 = CARTESIAN_POINT('',(18.262989446854,-34.53904213531));
#1478 = CARTESIAN_POINT('',(16.373167018997,-35.50408750221));
#1479 = CARTESIAN_POINT('',(14.42069903865,-36.33945584089));
#1480 = CARTESIAN_POINT('',(12.417590892289,-37.04000798731));
#1481 = CARTESIAN_POINT('',(8.35136472131,-38.1601104881));
#1482 = CARTESIAN_POINT('',(6.288836938186,-38.58185433587));
#1483 = CARTESIAN_POINT('',(4.201003966835,-38.86415576525));
#1484 = CARTESIAN_POINT('',(2.10049853329,-39.00530586759));
#1485 = CARTESIAN_POINT('',(-2.108934194828,-39.00530586759));
#1486 = CARTESIAN_POINT('',(-4.217875429585,-38.86301976152));
#1487 = CARTESIAN_POINT('',(-6.313990800924,-38.5784462949));
#1488 = CARTESIAN_POINT('',(-8.384494991167,-38.153322049));
#1489 = CARTESIAN_POINT('',(-12.44950843294,-37.0288308537));
#1490 = CARTESIAN_POINT('',(-14.44403262019,-36.32946506635));
#1491 = CARTESIAN_POINT('',(-16.38822440157,-35.49639583461));
#1492 = CARTESIAN_POINT('',(-18.27022471876,-34.53470726444));
#1493 = CARTESIAN_POINT('',(-20.07902651257,-33.45099924379));
#1494 = ( GEOMETRIC_REPRESENTATION_CONTEXT(2) 
PARAMETRIC_REPRESENTATION_CONTEXT() REPRESENTATION_CONTEXT('2D SPACE',''
  ) );
#1495 = PCURVE('',#340,#1496);
#1496 = DEFINITIONAL_REPRESENTATION('',(#1497),#1516);
#1497 = B_SPLINE_CURVE_WITH_KNOTS('',5,(#1498,#1499,#1500,#1501,#1502,
    #1503,#1504,#1505,#1506,#1507,#1508,#1509,#1510,#1511,#1512,#1513,
    #1514,#1515),.UNSPECIFIED.,.F.,.F.,(6,4,4,4,6),(0.,0.250997759407,
    0.49999999997,0.750002240577,1.),.UNSPECIFIED.);
#1498 = CARTESIAN_POINT('',(84.,0.999375780275));
#1499 = CARTESIAN_POINT('',(79.783141080178,0.999375780275));
#1500 = CARTESIAN_POINT('',(75.566304679668,0.999375780275));
#1501 = CARTESIAN_POINT('',(71.349526543821,0.999375780275));
#1502 = CARTESIAN_POINT('',(67.132746622697,0.999375780275));
#1503 = CARTESIAN_POINT('',(58.732777968763,0.999375780275));
#1504 = CARTESIAN_POINT('',(54.549560932005,0.999375780275));
#1505 = CARTESIAN_POINT('',(50.366382487627,0.999375780275));
#1506 = CARTESIAN_POINT('',(46.183184383348,0.999375780275));
#1507 = CARTESIAN_POINT('',(37.800015829816,0.999375780275));
#1508 = CARTESIAN_POINT('',(33.600017661139,0.999375780275));
#1509 = CARTESIAN_POINT('',(29.400039601838,0.999375780275));
#1510 = CARTESIAN_POINT('',(25.200022271679,0.999375780275));
#1511 = CARTESIAN_POINT('',(16.800053011919,0.999375780275));
#1512 = CARTESIAN_POINT('',(12.600073084834,0.999375780275));
#1513 = CARTESIAN_POINT('',(8.40009456205,0.999375780275));
#1514 = CARTESIAN_POINT('',(4.200058535355,0.999375780275));
#1515 = CARTESIAN_POINT('',(0.,0.999375780275));
#1516 = ( GEOMETRIC_REPRESENTATION_CONTEXT(2) 
PARAMETRIC_REPRESENTATION_CONTEXT() REPRESENTATION_CONTEXT('2D SPACE',''
  ) );
#1517 = ORIENTED_EDGE('',*,*,#1518,.T.);
#1518 = EDGE_CURVE('',#1451,#1519,#1521,.T.);
#1519 = VERTEX_POINT('',#1520);
#1520 = CARTESIAN_POINT('',(-20.07902651257,33.479089131439,36.));
#1521 = SURFACE_CURVE('',#1522,(#1549,#1579),.PCURVE_S1.);
#1522 = B_SPLINE_CURVE_WITH_KNOTS('',7,(#1523,#1524,#1525,#1526,#1527,
    #1528,#1529,#1530,#1531,#1532,#1533,#1534,#1535,#1536,#1537,#1538,
    #1539,#1540,#1541,#1542,#1543,#1544,#1545,#1546,#1547,#1548),
  .UNSPECIFIED.,.F.,.F.,(8,6,6,6,8),(0.,0.251991562038,0.500999997002,
    0.75000836256,1.),.UNSPECIFIED.);
#1523 = CARTESIAN_POINT('',(-20.07902651257,-33.45099924379,36.));
#1524 = CARTESIAN_POINT('',(-22.55856029454,-31.96013278058,36.));
#1525 = CARTESIAN_POINT('',(-24.90936756879,-30.25462408596,36.));
#1526 = CARTESIAN_POINT('',(-27.10898841681,-28.34793024439,36.));
#1527 = CARTESIAN_POINT('',(-29.1369407646,-26.25637269449,36.));
#1528 = CARTESIAN_POINT('',(-30.97501126671,-23.99872951985,36.));
#1529 = CARTESIAN_POINT('',(-32.60751419428,-21.59596758707,36.));
#1530 = CARTESIAN_POINT('',(-35.41911857776,-16.5757981206,36.));
#1531 = CARTESIAN_POINT('',(-36.60346023445,-13.96108705564,36.));
#1532 = CARTESIAN_POINT('',(-37.5623434322,-11.24881626918,36.));
#1533 = CARTESIAN_POINT('',(-38.28638467782,-8.462435683128,36.));
#1534 = CARTESIAN_POINT('',(-38.76923691022,-5.626365182344,36.));
#1535 = CARTESIAN_POINT('',(-39.00767743137,-2.765654163839,36.));
#1536 = CARTESIAN_POINT('',(-38.99590228299,2.954556370644,36.));
#1537 = CARTESIAN_POINT('',(-38.74568632977,5.814259862344,36.));
#1538 = CARTESIAN_POINT('',(-38.25116234766,8.648315996357,36.));
#1539 = CARTESIAN_POINT('',(-37.51565616056,11.431688865552,36.));
#1540 = CARTESIAN_POINT('',(-36.54561534261,14.139984922723,36.));
#1541 = CARTESIAN_POINT('',(-35.35051989114,16.749793068514,36.));
#1542 = CARTESIAN_POINT('',(-32.52957935682,21.738340546885,36.));
#1543 = CARTESIAN_POINT('',(-30.90195014407,24.116306848576,36.));
#1544 = CARTESIAN_POINT('',(-29.07249339316,26.350794918745,36.));
#1545 = CARTESIAN_POINT('',(-27.05658463148,28.421382423371,36.));
#1546 = CARTESIAN_POINT('',(-24.87204305497,30.309773204919,36.));
#1547 = CARTESIAN_POINT('',(-22.53888153411,32.000054894181,36.));
#1548 = CARTESIAN_POINT('',(-20.07902651257,33.479089131439,36.));
#1549 = PCURVE('',#127,#1550);
#1550 = DEFINITIONAL_REPRESENTATION('',(#1551),#1578);
#1551 = B_SPLINE_CURVE_WITH_KNOTS('',7,(#1552,#1553,#1554,#1555,#1556,
    #1557,#1558,#1559,#1560,#1561,#1562,#1563,#1564,#1565,#1566,#1567,
    #1568,#1569,#1570,#1571,#1572,#1573,#1574,#1575,#1576,#1577),
  .UNSPECIFIED.,.F.,.F.,(8,6,6,6,8),(0.,0.251991562038,0.500999997002,
    0.75000836256,1.),.UNSPECIFIED.);
#1552 = CARTESIAN_POINT('',(-20.07902651257,-33.45099924379));
#1553 = CARTESIAN_POINT('',(-22.55856029454,-31.96013278058));
#1554 = CARTESIAN_POINT('',(-24.90936756879,-30.25462408596));
#1555 = CARTESIAN_POINT('',(-27.10898841681,-28.34793024439));
#1556 = CARTESIAN_POINT('',(-29.1369407646,-26.25637269449));
#1557 = CARTESIAN_POINT('',(-30.97501126671,-23.99872951985));
#1558 = CARTESIAN_POINT('',(-32.60751419428,-21.59596758707));
#1559 = CARTESIAN_POINT('',(-35.41911857776,-16.5757981206));
#1560 = CARTESIAN_POINT('',(-36.60346023445,-13.96108705564));
#1561 = CARTESIAN_POINT('',(-37.5623434322,-11.24881626918));
#1562 = CARTESIAN_POINT('',(-38.28638467782,-8.462435683128));
#1563 = CARTESIAN_POINT('',(-38.76923691022,-5.626365182344));
#1564 = CARTESIAN_POINT('',(-39.00767743137,-2.765654163839));
#1565 = CARTESIAN_POINT('',(-38.99590228299,2.954556370644));
#1566 = CARTESIAN_POINT('',(-38.74568632977,5.814259862344));
#1567 = CARTESIAN_POINT('',(-38.25116234766,8.648315996357));
#1568 = CARTESIAN_POINT('',(-37.51565616056,11.431688865552));
#1569 = CARTESIAN_POINT('',(-36.54561534261,14.139984922723));
#1570 = CARTESIAN_POINT('',(-35.35051989114,16.749793068514));
#1571 = CARTESIAN_POINT('',(-32.52957935682,21.738340546885));
#1572 = CARTESIAN_POINT('',(-30.90195014407,24.116306848576));
#1573 = CARTESIAN_POINT('',(-29.07249339316,26.350794918745));
#1574 = CARTESIAN_POINT('',(-27.05658463148,28.421382423371));
#1575 = CARTESIAN_POINT('',(-24.87204305497,30.309773204919));
#1576 = CARTESIAN_POINT('',(-22.53888153411,32.000054894181));
#1577 = CARTESIAN_POINT('',(-20.07902651257,33.479089131439));
#1578 = ( GEOMETRIC_REPRESENTATION_CONTEXT(2) 
PARAMETRIC_REPRESENTATION_CONTEXT() REPRESENTATION_CONTEXT('2D SPACE',''
  ) );
#1579 = PCURVE('',#550,#1580);
#1580 = DEFINITIONAL_REPRESENTATION('',(#1581),#1608);
#1581 = B_SPLINE_CURVE_WITH_KNOTS('',7,(#1582,#1583,#1584,#1585,#1586,
    #1587,#1588,#1589,#1590,#1591,#1592,#1593,#1594,#1595,#1596,#1597,
    #1598,#1599,#1600,#1601,#1602,#1603,#1604,#1605,#1606,#1607),
  .UNSPECIFIED.,.F.,.F.,(8,6,6,6,8),(0.,0.251991562038,0.500999997002,
    0.75000836256,1.),.UNSPECIFIED.);
#1582 = CARTESIAN_POINT('',(140.,0.999375780275));
#1583 = CARTESIAN_POINT('',(134.95979716929,0.999375780275));
#1584 = CARTESIAN_POINT('',(129.9195068124,0.999375780275));
#1585 = CARTESIAN_POINT('',(124.87945326549,0.999375780275));
#1586 = CARTESIAN_POINT('',(119.83956921421,0.999375780275));
#1587 = CARTESIAN_POINT('',(114.79968017236,0.999375780275));
#1588 = CARTESIAN_POINT('',(109.75971696061,0.999375780275));
#1589 = CARTESIAN_POINT('',(99.739944228004,0.999375780275));
#1590 = CARTESIAN_POINT('',(94.759767137188,0.999375780275));
#1591 = CARTESIAN_POINT('',(89.779769818268,0.999375780275));
#1592 = CARTESIAN_POINT('',(84.799885298091,0.999375780275));
#1593 = CARTESIAN_POINT('',(79.81994598769,0.999375780275));
#1594 = CARTESIAN_POINT('',(74.839884333786,0.999375780275));
#1595 = CARTESIAN_POINT('',(64.880117054257,0.999375780275));
#1596 = CARTESIAN_POINT('',(59.900056313962,0.999375780275));
#1597 = CARTESIAN_POINT('',(54.920117444427,0.999375780275));
#1598 = CARTESIAN_POINT('',(49.940232900179,0.999375780275));
#1599 = CARTESIAN_POINT('',(44.960235103734,0.999375780275));
#1600 = CARTESIAN_POINT('',(39.980057098709,0.999375780275));
#1601 = CARTESIAN_POINT('',(30.000277898861,0.999375780275));
#1602 = CARTESIAN_POINT('',(25.000317411958,0.999375780275));
#1603 = CARTESIAN_POINT('',(20.000426245307,0.999375780275));
#1604 = CARTESIAN_POINT('',(15.000537934194,0.999375780275));
#1605 = CARTESIAN_POINT('',(10.000484529314,0.999375780275));
#1606 = CARTESIAN_POINT('',(5.00020138174,0.999375780275));
#1607 = CARTESIAN_POINT('',(0.,0.999375780275));
#1608 = ( GEOMETRIC_REPRESENTATION_CONTEXT(2) 
PARAMETRIC_REPRESENTATION_CONTEXT() REPRESENTATION_CONTEXT('2D SPACE',''
  ) );
#1609 = ORIENTED_EDGE('',*,*,#1610,.T.);
#1610 = EDGE_CURVE('',#1519,#1611,#1613,.T.);
#1611 = VERTEX_POINT('',#1612);
#1612 = CARTESIAN_POINT('',(20.079026512571,33.479089131439,36.));
#1613 = SURFACE_CURVE('',#1614,(#1633,#1655),.PCURVE_S1.);
#1614 = B_SPLINE_CURVE_WITH_KNOTS('',5,(#1615,#1616,#1617,#1618,#1619,
    #1620,#1621,#1622,#1623,#1624,#1625,#1626,#1627,#1628,#1629,#1630,
    #1631,#1632),.UNSPECIFIED.,.F.,.F.,(6,4,4,4,6),(0.,0.250997759407,
    0.49999999997,0.750002240577,1.),.UNSPECIFIED.);
#1615 = CARTESIAN_POINT('',(-20.07902651257,33.479089131439,36.));
#1616 = CARTESIAN_POINT('',(-18.26298944685,34.56713202296,36.));
#1617 = CARTESIAN_POINT('',(-16.37316701899,35.532177389852,36.));
#1618 = CARTESIAN_POINT('',(-14.42069903865,36.367545728533,36.));
#1619 = CARTESIAN_POINT('',(-12.41759089228,37.068097874952,36.));
#1620 = CARTESIAN_POINT('',(-8.35136472131,38.188200375741,36.));
#1621 = CARTESIAN_POINT('',(-6.288836938187,38.609944223512,36.));
#1622 = CARTESIAN_POINT('',(-4.201003966835,38.8922456529,36.));
#1623 = CARTESIAN_POINT('',(-2.10049853329,39.033395755236,36.));
#1624 = CARTESIAN_POINT('',(2.108934194827,39.033395755236,36.));
#1625 = CARTESIAN_POINT('',(4.217875429587,38.891109649165,36.));
#1626 = CARTESIAN_POINT('',(6.313990800923,38.606536182546,36.));
#1627 = CARTESIAN_POINT('',(8.384494991167,38.181411936648,36.));
#1628 = CARTESIAN_POINT('',(12.449508432941,37.056920741343,36.));
#1629 = CARTESIAN_POINT('',(14.44403262019,36.357554953995,36.));
#1630 = CARTESIAN_POINT('',(16.388224401577,35.52448572225,36.));
#1631 = CARTESIAN_POINT('',(18.270224718769,34.56279715209,36.));
#1632 = CARTESIAN_POINT('',(20.079026512571,33.479089131439,36.));
#1633 = PCURVE('',#127,#1634);
#1634 = DEFINITIONAL_REPRESENTATION('',(#1635),#1654);
#1635 = B_SPLINE_CURVE_WITH_KNOTS('',5,(#1636,#1637,#1638,#1639,#1640,
    #1641,#1642,#1643,#1644,#1645,#1646,#1647,#1648,#1649,#1650,#1651,
    #1652,#1653),.UNSPECIFIED.,.F.,.F.,(6,4,4,4,6),(0.,0.250997759407,
    0.49999999997,0.750002240577,1.),.UNSPECIFIED.);
#1636 = CARTESIAN_POINT('',(-20.07902651257,33.479089131439));
#1637 = CARTESIAN_POINT('',(-18.26298944685,34.56713202296));
#1638 = CARTESIAN_POINT('',(-16.37316701899,35.532177389852));
#1639 = CARTESIAN_POINT('',(-14.42069903865,36.367545728533));
#1640 = CARTESIAN_POINT('',(-12.41759089228,37.068097874952));
#1641 = CARTESIAN_POINT('',(-8.35136472131,38.188200375741));
#1642 = CARTESIAN_POINT('',(-6.288836938187,38.609944223512));
#1643 = CARTESIAN_POINT('',(-4.201003966835,38.8922456529));
#1644 = CARTESIAN_POINT('',(-2.10049853329,39.033395755236));
#1645 = CARTESIAN_POINT('',(2.108934194827,39.033395755236));
#1646 = CARTESIAN_POINT('',(4.217875429587,38.891109649165));
#1647 = CARTESIAN_POINT('',(6.313990800923,38.606536182546));
#1648 = CARTESIAN_POINT('',(8.384494991167,38.181411936648));
#1649 = CARTESIAN_POINT('',(12.449508432941,37.056920741343));
#1650 = CARTESIAN_POINT('',(14.44403262019,36.357554953995));
#1651 = CARTESIAN_POINT('',(16.388224401577,35.52448572225));
#1652 = CARTESIAN_POINT('',(18.270224718769,34.56279715209));
#1653 = CARTESIAN_POINT('',(20.079026512571,33.479089131439));
#1654 = ( GEOMETRIC_REPRESENTATION_CONTEXT(2) 
PARAMETRIC_REPRESENTATION_CONTEXT() REPRESENTATION_CONTEXT('2D SPACE',''
  ) );
#1655 = PCURVE('',#496,#1656);
#1656 = DEFINITIONAL_REPRESENTATION('',(#1657),#1676);
#1657 = B_SPLINE_CURVE_WITH_KNOTS('',5,(#1658,#1659,#1660,#1661,#1662,
    #1663,#1664,#1665,#1666,#1667,#1668,#1669,#1670,#1671,#1672,#1673,
    #1674,#1675),.UNSPECIFIED.,.F.,.F.,(6,4,4,4,6),(0.,0.250997759407,
    0.49999999997,0.750002240577,1.),.UNSPECIFIED.);
#1658 = CARTESIAN_POINT('',(84.,0.999375780275));
#1659 = CARTESIAN_POINT('',(79.783141080179,0.999375780275));
#1660 = CARTESIAN_POINT('',(75.566304679666,0.999375780275));
#1661 = CARTESIAN_POINT('',(71.349526543824,0.999375780275));
#1662 = CARTESIAN_POINT('',(67.132746622696,0.999375780275));
#1663 = CARTESIAN_POINT('',(58.732777968763,0.999375780275));
#1664 = CARTESIAN_POINT('',(54.549560932006,0.999375780275));
#1665 = CARTESIAN_POINT('',(50.366382487627,0.999375780275));
#1666 = CARTESIAN_POINT('',(46.183184383348,0.999375780275));
#1667 = CARTESIAN_POINT('',(37.800015829817,0.999375780275));
#1668 = CARTESIAN_POINT('',(33.600017661136,0.999375780275));
#1669 = CARTESIAN_POINT('',(29.40003960184,0.999375780275));
#1670 = CARTESIAN_POINT('',(25.200022271678,0.999375780275));
#1671 = CARTESIAN_POINT('',(16.800053011918,0.999375780275));
#1672 = CARTESIAN_POINT('',(12.600073084835,0.999375780275));
#1673 = CARTESIAN_POINT('',(8.400094562049,0.999375780275));
#1674 = CARTESIAN_POINT('',(4.200058535355,0.999375780275));
#1675 = CARTESIAN_POINT('',(0.,0.999375780275));
#1676 = ( GEOMETRIC_REPRESENTATION_CONTEXT(2) 
PARAMETRIC_REPRESENTATION_CONTEXT() REPRESENTATION_CONTEXT('2D SPACE',''
  ) );
#1677 = ORIENTED_EDGE('',*,*,#1678,.T.);
#1678 = EDGE_CURVE('',#1611,#1381,#1679,.T.);
#1679 = SURFACE_CURVE('',#1680,(#1699,#1721),.PCURVE_S1.);
#1680 = B_SPLINE_CURVE_WITH_KNOTS('',5,(#1681,#1682,#1683,#1684,#1685,
    #1686,#1687,#1688,#1689,#1690,#1691,#1692,#1693,#1694,#1695,#1696,
    #1697,#1698),.UNSPECIFIED.,.F.,.F.,(6,4,4,4,6),(0.,0.250985586476,
    0.500983290898,0.750989478157,1.),.UNSPECIFIED.);
#1681 = CARTESIAN_POINT('',(20.079026512571,33.479089131439,36.));
#1682 = CARTESIAN_POINT('',(21.807790362202,32.439637253443,36.));
#1683 = CARTESIAN_POINT('',(23.469467293059,31.288418891654,36.));
#1684 = CARTESIAN_POINT('',(25.054408552318,30.031231655216,36.));
#1685 = CARTESIAN_POINT('',(26.553757541452,28.675097787663,36.));
#1686 = CARTESIAN_POINT('',(29.3600502736,25.786773425392,36.));
#1687 = CARTESIAN_POINT('',(30.667737644699,24.255287077223,36.));
#1688 = CARTESIAN_POINT('',(31.874980803483,22.641603489304,36.));
#1689 = CARTESIAN_POINT('',(32.975088865359,20.954663328043,36.));
#1690 = CARTESIAN_POINT('',(34.950139713366,17.453579482894,36.));
#1691 = CARTESIAN_POINT('',(35.825081544877,15.639419630468,36.));
#1692 = CARTESIAN_POINT('',(36.581957068904,13.771356415036,36.));
#1693 = CARTESIAN_POINT('',(37.216572058871,11.859738884327,36.));
#1694 = CARTESIAN_POINT('',(38.233613924304,7.978651882221,36.));
#1695 = CARTESIAN_POINT('',(38.617038494243,6.009430148705,36.));
#1696 = CARTESIAN_POINT('',(38.873594806341,4.018286304091,36.));
#1697 = CARTESIAN_POINT('',(39.001872659176,2.016162286257,36.));
#1698 = CARTESIAN_POINT('',(39.001872659176,1.404494382024E-02,36.));
#1699 = PCURVE('',#127,#1700);
#1700 = DEFINITIONAL_REPRESENTATION('',(#1701),#1720);
#1701 = B_SPLINE_CURVE_WITH_KNOTS('',5,(#1702,#1703,#1704,#1705,#1706,
    #1707,#1708,#1709,#1710,#1711,#1712,#1713,#1714,#1715,#1716,#1717,
    #1718,#1719),.UNSPECIFIED.,.F.,.F.,(6,4,4,4,6),(0.,0.250985586476,
    0.500983290898,0.750989478157,1.),.UNSPECIFIED.);
#1702 = CARTESIAN_POINT('',(20.079026512571,33.479089131439));
#1703 = CARTESIAN_POINT('',(21.807790362202,32.439637253443));
#1704 = CARTESIAN_POINT('',(23.469467293059,31.288418891654));
#1705 = CARTESIAN_POINT('',(25.054408552318,30.031231655216));
#1706 = CARTESIAN_POINT('',(26.553757541452,28.675097787663));
#1707 = CARTESIAN_POINT('',(29.3600502736,25.786773425392));
#1708 = CARTESIAN_POINT('',(30.667737644699,24.255287077223));
#1709 = CARTESIAN_POINT('',(31.874980803483,22.641603489304));
#1710 = CARTESIAN_POINT('',(32.975088865359,20.954663328043));
#1711 = CARTESIAN_POINT('',(34.950139713366,17.453579482894));
#1712 = CARTESIAN_POINT('',(35.825081544877,15.639419630468));
#1713 = CARTESIAN_POINT('',(36.581957068904,13.771356415036));
#1714 = CARTESIAN_POINT('',(37.216572058871,11.859738884327));
#1715 = CARTESIAN_POINT('',(38.233613924304,7.978651882221));
#1716 = CARTESIAN_POINT('',(38.617038494243,6.009430148705));
#1717 = CARTESIAN_POINT('',(38.873594806341,4.018286304091));
#1718 = CARTESIAN_POINT('',(39.001872659176,2.016162286257));
#1719 = CARTESIAN_POINT('',(39.001872659176,1.404494382024E-02));
#1720 = ( GEOMETRIC_REPRESENTATION_CONTEXT(2) 
PARAMETRIC_REPRESENTATION_CONTEXT() REPRESENTATION_CONTEXT('2D SPACE',''
  ) );
#1721 = PCURVE('',#443,#1722);
#1722 = DEFINITIONAL_REPRESENTATION('',(#1723),#1742);
#1723 = B_SPLINE_CURVE_WITH_KNOTS('',5,(#1724,#1725,#1726,#1727,#1728,
    #1729,#1730,#1731,#1732,#1733,#1734,#1735,#1736,#1737,#1738,#1739,
    #1740,#1741),.UNSPECIFIED.,.F.,.F.,(6,4,4,4,6),(0.,0.250985586476,
    0.500983290898,0.750989478157,1.),.UNSPECIFIED.);
#1724 = CARTESIAN_POINT('',(140.,0.999375780275));
#1725 = CARTESIAN_POINT('',(136.4859037163,0.999375780275));
#1726 = CARTESIAN_POINT('',(132.97184782991,0.999375780275));
#1727 = CARTESIAN_POINT('',(129.45786458394,0.999375780275));
#1728 = CARTESIAN_POINT('',(125.9439049032,0.999375780275));
#1729 = CARTESIAN_POINT('',(118.92992586551,0.999375780275));
#1730 = CARTESIAN_POINT('',(115.42988222607,0.999375780275));
#1731 = CARTESIAN_POINT('',(111.9298996082,0.999375780275));
#1732 = CARTESIAN_POINT('',(108.42992894986,0.999375780275));
#1733 = CARTESIAN_POINT('',(101.42995229173,0.999375780275));
#1734 = CARTESIAN_POINT('',(97.929922595792,0.999375780275));
#1735 = CARTESIAN_POINT('',(94.429940630569,0.999375780275));
#1736 = CARTESIAN_POINT('',(90.929956690009,0.999375780275));
#1737 = CARTESIAN_POINT('',(83.94398210837,0.999375780275));
#1738 = CARTESIAN_POINT('',(80.457967889606,0.999375780275));
#1739 = CARTESIAN_POINT('',(76.971985931646,0.999375780275));
#1740 = CARTESIAN_POINT('',(73.485987162821,0.999375780275));
#1741 = CARTESIAN_POINT('',(70.,0.999375780275));
#1742 = ( GEOMETRIC_REPRESENTATION_CONTEXT(2) 
PARAMETRIC_REPRESENTATION_CONTEXT() REPRESENTATION_CONTEXT('2D SPACE',''
  ) );
#1743 = ADVANCED_FACE('',(#1744,#1769,#1876,#1986),#152,.F.);
#1744 = FACE_BOUND('',#1745,.F.);
#1745 = EDGE_LOOP('',(#1746,#1747,#1748,#1749));
#1746 = ORIENTED_EDGE('',*,*,#184,.T.);
#1747 = ORIENTED_EDGE('',*,*,#139,.T.);
#1748 = ORIENTED_EDGE('',*,*,#1357,.F.);
#1749 = ORIENTED_EDGE('',*,*,#1750,.F.);
#1750 = EDGE_CURVE('',#185,#1335,#1751,.T.);
#1751 = SURFACE_CURVE('',#1752,(#1755,#1762),.PCURVE_S1.);
#1752 = B_SPLINE_CURVE_WITH_KNOTS('',1,(#1753,#1754),.UNSPECIFIED.,.F.,
  .F.,(2,2),(0.,1.),.PIECEWISE_BEZIER_KNOTS.);
#1753 = CARTESIAN_POINT('',(-44.5,95.,52.));
#1754 = CARTESIAN_POINT('',(-21.7092002396,35.368921738679,36.));
#1755 = PCURVE('',#152,#1756);
#1756 = DEFINITIONAL_REPRESENTATION('',(#1757),#1761);
#1757 = LINE('',#1758,#1759);
#1758 = CARTESIAN_POINT('',(0.,0.));
#1759 = VECTOR('',#1760,1.);
#1760 = DIRECTION('',(0.,1.));
#1761 = ( GEOMETRIC_REPRESENTATION_CONTEXT(2) 
PARAMETRIC_REPRESENTATION_CONTEXT() REPRESENTATION_CONTEXT('2D SPACE',''
  ) );
#1762 = PCURVE('',#223,#1763);
#1763 = DEFINITIONAL_REPRESENTATION('',(#1764),#1768);
#1764 = LINE('',#1765,#1766);
#1765 = CARTESIAN_POINT('',(89.,0.));
#1766 = VECTOR('',#1767,1.);
#1767 = DIRECTION('',(0.,1.));
#1768 = ( GEOMETRIC_REPRESENTATION_CONTEXT(2) 
PARAMETRIC_REPRESENTATION_CONTEXT() REPRESENTATION_CONTEXT('2D SPACE',''
  ) );
#1769 = FACE_BOUND('',#1770,.F.);
#1770 = EDGE_LOOP('',(#1771,#1810,#1844));
#1771 = ORIENTED_EDGE('',*,*,#1772,.F.);
#1772 = EDGE_CURVE('',#1773,#1775,#1777,.T.);
#1773 = VERTEX_POINT('',#1774);
#1774 = CARTESIAN_POINT('',(-40.,53.,45.923362678769));
#1775 = VERTEX_POINT('',#1776);
#1776 = CARTESIAN_POINT('',(-40.,61.491536083238,47.));
#1777 = SURFACE_CURVE('',#1778,(#1785,#1795),.PCURVE_S1.);
#1778 = B_SPLINE_CURVE_WITH_KNOTS('',5,(#1779,#1780,#1781,#1782,#1783,
    #1784),.UNSPECIFIED.,.F.,.F.,(6,6),(0.,1.),
  .PIECEWISE_BEZIER_KNOTS.);
#1779 = CARTESIAN_POINT('',(-40.,53.,45.923362678769));
#1780 = CARTESIAN_POINT('',(-40.,54.713542535221,46.166131954407));
#1781 = CARTESIAN_POINT('',(-40.,56.419370434805,46.394168440202));
#1782 = CARTESIAN_POINT('',(-40.,58.117522509041,46.608495108141));
#1783 = CARTESIAN_POINT('',(-40.,59.808166274015,46.810124273874));
#1784 = CARTESIAN_POINT('',(-40.,61.491536083238,47.));
#1785 = PCURVE('',#152,#1786);
#1786 = DEFINITIONAL_REPRESENTATION('',(#1787),#1794);
#1787 = B_SPLINE_CURVE_WITH_KNOTS('',5,(#1788,#1789,#1790,#1791,#1792,
    #1793),.UNSPECIFIED.,.F.,.F.,(6,6),(0.,1.),
  .PIECEWISE_BEZIER_KNOTS.);
#1788 = CARTESIAN_POINT('',(25.230752040792,0.379789832577));
#1789 = CARTESIAN_POINT('',(23.917606180036,0.36461675285));
#1790 = CARTESIAN_POINT('',(22.591660526129,0.350364472487));
#1791 = CARTESIAN_POINT('',(21.253600182345,0.336969055741));
#1792 = CARTESIAN_POINT('',(19.904170840983,0.324367232883));
#1793 = CARTESIAN_POINT('',(18.544090355999,0.3125));
#1794 = ( GEOMETRIC_REPRESENTATION_CONTEXT(2) 
PARAMETRIC_REPRESENTATION_CONTEXT() REPRESENTATION_CONTEXT('2D SPACE',''
  ) );
#1795 = PCURVE('',#1796,#1801);
#1796 = PLANE('',#1797);
#1797 = AXIS2_PLACEMENT_3D('',#1798,#1799,#1800);
#1798 = CARTESIAN_POINT('',(-40.,53.,33.));
#1799 = DIRECTION('',(1.,0.,0.));
#1800 = DIRECTION('',(0.,0.,1.));
#1801 = DEFINITIONAL_REPRESENTATION('',(#1802),#1809);
#1802 = B_SPLINE_CURVE_WITH_KNOTS('',5,(#1803,#1804,#1805,#1806,#1807,
    #1808),.UNSPECIFIED.,.F.,.F.,(6,6),(0.,1.),
  .PIECEWISE_BEZIER_KNOTS.);
#1803 = CARTESIAN_POINT('',(12.923362678769,0.));
#1804 = CARTESIAN_POINT('',(13.166131954407,-1.713542535221));
#1805 = CARTESIAN_POINT('',(13.394168440202,-3.419370434805));
#1806 = CARTESIAN_POINT('',(13.608495108141,-5.117522509041));
#1807 = CARTESIAN_POINT('',(13.810124273874,-6.808166274015));
#1808 = CARTESIAN_POINT('',(14.,-8.491536083238));
#1809 = ( GEOMETRIC_REPRESENTATION_CONTEXT(2) 
PARAMETRIC_REPRESENTATION_CONTEXT() REPRESENTATION_CONTEXT('2D SPACE',''
  ) );
#1810 = ORIENTED_EDGE('',*,*,#1811,.F.);
#1811 = EDGE_CURVE('',#1812,#1773,#1814,.T.);
#1812 = VERTEX_POINT('',#1813);
#1813 = CARTESIAN_POINT('',(-41.18568848839,53.,47.));
#1814 = SURFACE_CURVE('',#1815,(#1821,#1830),.PCURVE_S1.);
#1815 = B_SPLINE_CURVE_WITH_KNOTS('',4,(#1816,#1817,#1818,#1819,#1820),
  .UNSPECIFIED.,.F.,.F.,(5,5),(0.,1.),.PIECEWISE_BEZIER_KNOTS.);
#1816 = CARTESIAN_POINT('',(-41.18568848839,53.,47.));
#1817 = CARTESIAN_POINT('',(-40.90457345021,53.,46.717574484299));
#1818 = CARTESIAN_POINT('',(-40.61311549594,53.,46.444178538165));
#1819 = CARTESIAN_POINT('',(-40.31149469879,53.,46.179537540029));
#1820 = CARTESIAN_POINT('',(-40.,53.,45.923362678769));
#1821 = PCURVE('',#152,#1822);
#1822 = DEFINITIONAL_REPRESENTATION('',(#1823),#1829);
#1823 = B_SPLINE_CURVE_WITH_KNOTS('',4,(#1824,#1825,#1826,#1827,#1828),
  .UNSPECIFIED.,.F.,.F.,(5,5),(0.,1.),.PIECEWISE_BEZIER_KNOTS.);
#1824 = CARTESIAN_POINT('',(28.79384585403,0.3125));
#1825 = CARTESIAN_POINT('',(27.902158297296,0.330151594731));
#1826 = CARTESIAN_POINT('',(27.010860103875,0.347238841365));
#1827 = CARTESIAN_POINT('',(26.120300910836,0.363778903748));
#1828 = CARTESIAN_POINT('',(25.230752040792,0.379789832577));
#1829 = ( GEOMETRIC_REPRESENTATION_CONTEXT(2) 
PARAMETRIC_REPRESENTATION_CONTEXT() REPRESENTATION_CONTEXT('2D SPACE',''
  ) );
#1830 = PCURVE('',#1831,#1836);
#1831 = PLANE('',#1832);
#1832 = AXIS2_PLACEMENT_3D('',#1833,#1834,#1835);
#1833 = CARTESIAN_POINT('',(-45.,53.,33.));
#1834 = DIRECTION('',(0.,1.,0.));
#1835 = DIRECTION('',(0.,0.,1.));
#1836 = DEFINITIONAL_REPRESENTATION('',(#1837),#1843);
#1837 = B_SPLINE_CURVE_WITH_KNOTS('',4,(#1838,#1839,#1840,#1841,#1842),
  .UNSPECIFIED.,.F.,.F.,(5,5),(0.,1.),.PIECEWISE_BEZIER_KNOTS.);
#1838 = CARTESIAN_POINT('',(14.,3.814311511601));
#1839 = CARTESIAN_POINT('',(13.717574484299,4.095426549786));
#1840 = CARTESIAN_POINT('',(13.444178538165,4.386884504054));
#1841 = CARTESIAN_POINT('',(13.179537540029,4.688505301207));
#1842 = CARTESIAN_POINT('',(12.923362678769,5.));
#1843 = ( GEOMETRIC_REPRESENTATION_CONTEXT(2) 
PARAMETRIC_REPRESENTATION_CONTEXT() REPRESENTATION_CONTEXT('2D SPACE',''
  ) );
#1844 = ORIENTED_EDGE('',*,*,#1845,.T.);
#1845 = EDGE_CURVE('',#1812,#1775,#1846,.T.);
#1846 = SURFACE_CURVE('',#1847,(#1853,#1862),.PCURVE_S1.);
#1847 = B_SPLINE_CURVE_WITH_KNOTS('',4,(#1848,#1849,#1850,#1851,#1852),
  .UNSPECIFIED.,.F.,.F.,(5,5),(0.,1.),.PIECEWISE_BEZIER_KNOTS.);
#1848 = CARTESIAN_POINT('',(-41.18568848839,53.,47.));
#1849 = CARTESIAN_POINT('',(-40.91671187823,55.13664483993,47.));
#1850 = CARTESIAN_POINT('',(-40.62894417539,57.26473250522,47.));
#1851 = CARTESIAN_POINT('',(-40.32308274504,59.383325982722,47.));
#1852 = CARTESIAN_POINT('',(-40.,61.491536083238,47.));
#1853 = PCURVE('',#152,#1854);
#1854 = DEFINITIONAL_REPRESENTATION('',(#1855),#1861);
#1855 = B_SPLINE_CURVE_WITH_KNOTS('',4,(#1856,#1857,#1858,#1859,#1860),
  .UNSPECIFIED.,.F.,.F.,(5,5),(0.,1.),.PIECEWISE_BEZIER_KNOTS.);
#1856 = CARTESIAN_POINT('',(28.79384585403,0.3125));
#1857 = CARTESIAN_POINT('',(26.239764325209,0.3125));
#1858 = CARTESIAN_POINT('',(23.680502994338,0.3125));
#1859 = CARTESIAN_POINT('',(21.115471271139,0.3125));
#1860 = CARTESIAN_POINT('',(18.544090355999,0.3125));
#1861 = ( GEOMETRIC_REPRESENTATION_CONTEXT(2) 
PARAMETRIC_REPRESENTATION_CONTEXT() REPRESENTATION_CONTEXT('2D SPACE',''
  ) );
#1862 = PCURVE('',#1863,#1868);
#1863 = PLANE('',#1864);
#1864 = AXIS2_PLACEMENT_3D('',#1865,#1866,#1867);
#1865 = CARTESIAN_POINT('',(-45.,53.,47.));
#1866 = DIRECTION('',(0.,0.,1.));
#1867 = DIRECTION('',(1.,0.,0.));
#1868 = DEFINITIONAL_REPRESENTATION('',(#1869),#1875);
#1869 = B_SPLINE_CURVE_WITH_KNOTS('',4,(#1870,#1871,#1872,#1873,#1874),
  .UNSPECIFIED.,.F.,.F.,(5,5),(0.,1.),.PIECEWISE_BEZIER_KNOTS.);
#1870 = CARTESIAN_POINT('',(3.814311511601,0.));
#1871 = CARTESIAN_POINT('',(4.083288121767,2.13664483993));
#1872 = CARTESIAN_POINT('',(4.371055824608,4.26473250522));
#1873 = CARTESIAN_POINT('',(4.676917254958,6.383325982722));
#1874 = CARTESIAN_POINT('',(5.,8.491536083238));
#1875 = ( GEOMETRIC_REPRESENTATION_CONTEXT(2) 
PARAMETRIC_REPRESENTATION_CONTEXT() REPRESENTATION_CONTEXT('2D SPACE',''
  ) );
#1876 = FACE_BOUND('',#1877,.F.);
#1877 = EDGE_LOOP('',(#1878,#1920,#1954));
#1878 = ORIENTED_EDGE('',*,*,#1879,.F.);
#1879 = EDGE_CURVE('',#1880,#1882,#1884,.T.);
#1880 = VERTEX_POINT('',#1881);
#1881 = CARTESIAN_POINT('',(-40.,-30.55403608323,47.));
#1882 = VERTEX_POINT('',#1883);
#1883 = CARTESIAN_POINT('',(-40.,-23.,45.390239985083));
#1884 = SURFACE_CURVE('',#1885,(#1893,#1904),.PCURVE_S1.);
#1885 = B_SPLINE_CURVE_WITH_KNOTS('',6,(#1886,#1887,#1888,#1889,#1890,
    #1891,#1892),.UNSPECIFIED.,.F.,.F.,(7,7),(0.,1.),
  .PIECEWISE_BEZIER_KNOTS.);
#1886 = CARTESIAN_POINT('',(-40.,-30.55403608323,47.));
#1887 = CARTESIAN_POINT('',(-40.,-29.25185902751,46.784875769903));
#1888 = CARTESIAN_POINT('',(-40.,-27.96302730893,46.552223908099));
#1889 = CARTESIAN_POINT('',(-40.,-26.68976571783,46.299676119648));
#1890 = CARTESIAN_POINT('',(-40.,-25.43515632541,46.024361860881));
#1891 = CARTESIAN_POINT('',(-40.,-24.20331929972,45.722749561866));
#1892 = CARTESIAN_POINT('',(-40.,-23.,45.390239985083));
#1893 = PCURVE('',#152,#1894);
#1894 = DEFINITIONAL_REPRESENTATION('',(#1895),#1903);
#1895 = B_SPLINE_CURVE_WITH_KNOTS('',6,(#1896,#1897,#1898,#1899,#1900,
    #1901,#1902),.UNSPECIFIED.,.F.,.F.,(7,7),(0.,1.),
  .PIECEWISE_BEZIER_KNOTS.);
#1896 = CARTESIAN_POINT('',(126.455909644,0.3125));
#1897 = CARTESIAN_POINT('',(124.91497403747,0.325945264381));
#1898 = CARTESIAN_POINT('',(123.36535853267,0.340486005744));
#1899 = CARTESIAN_POINT('',(121.80570307938,0.356270242522));
#1900 = CARTESIAN_POINT('',(120.23460359116,0.373477383695));
#1901 = CARTESIAN_POINT('',(118.6504932814,0.392328152383));
#1902 = CARTESIAN_POINT('',(117.05124443829,0.413110000932));
#1903 = ( GEOMETRIC_REPRESENTATION_CONTEXT(2) 
PARAMETRIC_REPRESENTATION_CONTEXT() REPRESENTATION_CONTEXT('2D SPACE',''
  ) );
#1904 = PCURVE('',#1905,#1910);
#1905 = PLANE('',#1906);
#1906 = AXIS2_PLACEMENT_3D('',#1907,#1908,#1909);
#1907 = CARTESIAN_POINT('',(-40.,-37.,33.));
#1908 = DIRECTION('',(1.,0.,0.));
#1909 = DIRECTION('',(0.,0.,1.));
#1910 = DEFINITIONAL_REPRESENTATION('',(#1911),#1919);
#1911 = B_SPLINE_CURVE_WITH_KNOTS('',6,(#1912,#1913,#1914,#1915,#1916,
    #1917,#1918),.UNSPECIFIED.,.F.,.F.,(7,7),(0.,1.),
  .PIECEWISE_BEZIER_KNOTS.);
#1912 = CARTESIAN_POINT('',(14.,-6.445963916762));
#1913 = CARTESIAN_POINT('',(13.784875769903,-7.748140972484));
#1914 = CARTESIAN_POINT('',(13.552223908099,-9.03697269107));
#1915 = CARTESIAN_POINT('',(13.299676119648,-10.31023428216));
#1916 = CARTESIAN_POINT('',(13.024361860881,-11.56484367458));
#1917 = CARTESIAN_POINT('',(12.722749561866,-12.79668070028));
#1918 = CARTESIAN_POINT('',(12.390239985083,-14.));
#1919 = ( GEOMETRIC_REPRESENTATION_CONTEXT(2) 
PARAMETRIC_REPRESENTATION_CONTEXT() REPRESENTATION_CONTEXT('2D SPACE',''
  ) );
#1920 = ORIENTED_EDGE('',*,*,#1921,.T.);
#1921 = EDGE_CURVE('',#1880,#1922,#1924,.T.);
#1922 = VERTEX_POINT('',#1923);
#1923 = CARTESIAN_POINT('',(-41.06623584977,-23.,47.));
#1924 = SURFACE_CURVE('',#1925,(#1931,#1940),.PCURVE_S1.);
#1925 = B_SPLINE_CURVE_WITH_KNOTS('',4,(#1926,#1927,#1928,#1929,#1930),
  .UNSPECIFIED.,.F.,.F.,(5,5),(0.,1.),.PIECEWISE_BEZIER_KNOTS.);
#1926 = CARTESIAN_POINT('',(-40.,-30.55403608323,47.));
#1927 = CARTESIAN_POINT('',(-40.28761925473,-28.67723570551,47.));
#1928 = CARTESIAN_POINT('',(-40.56159035669,-26.79220638295,47.));
#1929 = CARTESIAN_POINT('',(-40.82129769926,-24.89957526569,47.));
#1930 = CARTESIAN_POINT('',(-41.06623584977,-23.,47.));
#1931 = PCURVE('',#152,#1932);
#1932 = DEFINITIONAL_REPRESENTATION('',(#1933),#1939);
#1933 = B_SPLINE_CURVE_WITH_KNOTS('',4,(#1934,#1935,#1936,#1937,#1938),
  .UNSPECIFIED.,.F.,.F.,(5,5),(0.,1.),.PIECEWISE_BEZIER_KNOTS.);
#1934 = CARTESIAN_POINT('',(126.455909644,0.3125));
#1935 = CARTESIAN_POINT('',(124.16677884454,0.3125));
#1936 = CARTESIAN_POINT('',(121.88267986499,0.3125));
#1937 = CARTESIAN_POINT('',(119.60320443406,0.3125));
#1938 = CARTESIAN_POINT('',(117.32793666976,0.3125));
#1939 = ( GEOMETRIC_REPRESENTATION_CONTEXT(2) 
PARAMETRIC_REPRESENTATION_CONTEXT() REPRESENTATION_CONTEXT('2D SPACE',''
  ) );
#1940 = PCURVE('',#1941,#1946);
#1941 = PLANE('',#1942);
#1942 = AXIS2_PLACEMENT_3D('',#1943,#1944,#1945);
#1943 = CARTESIAN_POINT('',(-45.,-37.,47.));
#1944 = DIRECTION('',(0.,0.,1.));
#1945 = DIRECTION('',(1.,0.,0.));
#1946 = DEFINITIONAL_REPRESENTATION('',(#1947),#1953);
#1947 = B_SPLINE_CURVE_WITH_KNOTS('',4,(#1948,#1949,#1950,#1951,#1952),
  .UNSPECIFIED.,.F.,.F.,(5,5),(0.,1.),.PIECEWISE_BEZIER_KNOTS.);
#1948 = CARTESIAN_POINT('',(5.,6.445963916762));
#1949 = CARTESIAN_POINT('',(4.712380745266,8.322764294489));
#1950 = CARTESIAN_POINT('',(4.438409643306,10.207793617042));
#1951 = CARTESIAN_POINT('',(4.178702300734,12.100424734308));
#1952 = CARTESIAN_POINT('',(3.933764150225,14.));
#1953 = ( GEOMETRIC_REPRESENTATION_CONTEXT(2) 
PARAMETRIC_REPRESENTATION_CONTEXT() REPRESENTATION_CONTEXT('2D SPACE',''
  ) );
#1954 = ORIENTED_EDGE('',*,*,#1955,.T.);
#1955 = EDGE_CURVE('',#1922,#1882,#1956,.T.);
#1956 = SURFACE_CURVE('',#1957,(#1963,#1972),.PCURVE_S1.);
#1957 = B_SPLINE_CURVE_WITH_KNOTS('',4,(#1958,#1959,#1960,#1961,#1962),
  .UNSPECIFIED.,.F.,.F.,(5,5),(0.,1.),.PIECEWISE_BEZIER_KNOTS.);
#1958 = CARTESIAN_POINT('',(-41.06623584977,-23.,47.));
#1959 = CARTESIAN_POINT('',(-40.79735629989,-23.,46.598340235844));
#1960 = CARTESIAN_POINT('',(-40.52991198507,-23.,46.196174722787));
#1961 = CARTESIAN_POINT('',(-40.26405712996,-23.,45.793480264843));
#1962 = CARTESIAN_POINT('',(-40.,-23.,45.390239985083));
#1963 = PCURVE('',#152,#1964);
#1964 = DEFINITIONAL_REPRESENTATION('',(#1965),#1971);
#1965 = B_SPLINE_CURVE_WITH_KNOTS('',4,(#1966,#1967,#1968,#1969,#1970),
  .UNSPECIFIED.,.F.,.F.,(5,5),(0.,1.),.PIECEWISE_BEZIER_KNOTS.);
#1966 = CARTESIAN_POINT('',(117.32793666976,0.3125));
#1967 = CARTESIAN_POINT('',(117.26327088802,0.33760373526));
#1968 = CARTESIAN_POINT('',(117.19579366845,0.362739079826));
#1969 = CARTESIAN_POINT('',(117.12523475437,0.387907483447));
#1970 = CARTESIAN_POINT('',(117.05124443829,0.413110000932));
#1971 = ( GEOMETRIC_REPRESENTATION_CONTEXT(2) 
PARAMETRIC_REPRESENTATION_CONTEXT() REPRESENTATION_CONTEXT('2D SPACE',''
  ) );
#1972 = PCURVE('',#1973,#1978);
#1973 = PLANE('',#1974);
#1974 = AXIS2_PLACEMENT_3D('',#1975,#1976,#1977);
#1975 = CARTESIAN_POINT('',(-45.,-23.,33.));
#1976 = DIRECTION('',(0.,1.,0.));
#1977 = DIRECTION('',(0.,0.,1.));
#1978 = DEFINITIONAL_REPRESENTATION('',(#1979),#1985);
#1979 = B_SPLINE_CURVE_WITH_KNOTS('',4,(#1980,#1981,#1982,#1983,#1984),
  .UNSPECIFIED.,.F.,.F.,(5,5),(0.,1.),.PIECEWISE_BEZIER_KNOTS.);
#1980 = CARTESIAN_POINT('',(14.,3.933764150225));
#1981 = CARTESIAN_POINT('',(13.598340235844,4.202643700103));
#1982 = CARTESIAN_POINT('',(13.196174722787,4.470088014924));
#1983 = CARTESIAN_POINT('',(12.793480264843,4.735942870037));
#1984 = CARTESIAN_POINT('',(12.390239985083,5.));
#1985 = ( GEOMETRIC_REPRESENTATION_CONTEXT(2) 
PARAMETRIC_REPRESENTATION_CONTEXT() REPRESENTATION_CONTEXT('2D SPACE',''
  ) );
#1986 = FACE_BOUND('',#1987,.F.);
#1987 = EDGE_LOOP('',(#1988));
#1988 = ORIENTED_EDGE('',*,*,#1989,.F.);
#1989 = EDGE_CURVE('',#1990,#1990,#1992,.T.);
#1990 = VERTEX_POINT('',#1991);
#1991 = CARTESIAN_POINT('',(-34.49437725879,-27.75,40.));
#1992 = SURFACE_CURVE('',#1993,(#2115,#2276),.PCURVE_S1.);
#1993 = B_SPLINE_CURVE_WITH_KNOTS('',8,(#1994,#1995,#1996,#1997,#1998,
    #1999,#2000,#2001,#2002,#2003,#2004,#2005,#2006,#2007,#2008,#2009,
    #2010,#2011,#2012,#2013,#2014,#2015,#2016,#2017,#2018,#2019,#2020,
    #2021,#2022,#2023,#2024,#2025,#2026,#2027,#2028,#2029,#2030,#2031,
    #2032,#2033,#2034,#2035,#2036,#2037,#2038,#2039,#2040,#2041,#2042,
    #2043,#2044,#2045,#2046,#2047,#2048,#2049,#2050,#2051,#2052,#2053,
    #2054,#2055,#2056,#2057,#2058,#2059,#2060,#2061,#2062,#2063,#2064,
    #2065,#2066,#2067,#2068,#2069,#2070,#2071,#2072,#2073,#2074,#2075,
    #2076,#2077,#2078,#2079,#2080,#2081,#2082,#2083,#2084,#2085,#2086,
    #2087,#2088,#2089,#2090,#2091,#2092,#2093,#2094,#2095,#2096,#2097,
    #2098,#2099,#2100,#2101,#2102,#2103,#2104,#2105,#2106,#2107,#2108,
    #2109,#2110,#2111,#2112,#2113,#2114),.UNSPECIFIED.,.T.,.F.,(9,7,7,7,
    7,7,7,7,7,7,7,7,7,7,7,7,7,9),(0.,0.13033572985,0.201956995276,
    0.298645544847,0.62150561419,1.,1.115839723,1.328370399844,
    1.502920857358,1.579770745479,1.654596453491,1.740791164313,
    1.88664213264,2.085349814069,2.301221597312,2.860424622267,
    3.03808339269,3.2697589803),.UNSPECIFIED.);
#1994 = CARTESIAN_POINT('',(-34.49437725879,-27.75,40.));
#1995 = CARTESIAN_POINT('',(-34.57987160354,-27.75,40.097576868143));
#1996 = CARTESIAN_POINT('',(-34.6646927805,-27.75483598354,
    40.197297217282));
#1997 = CARTESIAN_POINT('',(-34.74837751984,-27.76488069424,
    40.298694505413));
#1998 = CARTESIAN_POINT('',(-34.8304496234,-27.78044468384,
    40.401227324812));
#1999 = CARTESIAN_POINT('',(-34.91042137152,-27.80175803155,
    40.504281225757));
#2000 = CARTESIAN_POINT('',(-34.98779826417,-27.82894287543,
    40.607173631662));
#2001 = CARTESIAN_POINT('',(-35.06208709659,-27.86197675579,
    40.709161845607));
#2002 = CARTESIAN_POINT('',(-35.17166912584,-27.92189647238,
    40.864566139713));
#2003 = CARTESIAN_POINT('',(-35.2094650963,-27.94485452836,
    40.919182772295));
#2004 = CARTESIAN_POINT('',(-35.24612187982,-27.96949095201,
    40.973182255437));
#2005 = CARTESIAN_POINT('',(-35.28157549334,-27.99576538603,
    41.02645128532));
#2006 = CARTESIAN_POINT('',(-35.31577058138,-28.02362794106,
    41.078884841091));
#2007 = CARTESIAN_POINT('',(-35.3486596259,-28.05302003442,
    41.13038598109));
#2008 = CARTESIAN_POINT('',(-35.38020215607,-28.08387522878,
    41.180865639057));
#2009 = CARTESIAN_POINT('',(-35.45108232427,-28.15965053635,
    41.296900965668));
#2010 = CARTESIAN_POINT('',(-35.48928805792,-28.2057174575,
    41.361555497442));
#2011 = CARTESIAN_POINT('',(-35.52490075855,-28.25414448437,
    41.424011582141));
#2012 = CARTESIAN_POINT('',(-35.55787022943,-28.30474327321,
    41.484115457451));
#2013 = CARTESIAN_POINT('',(-35.58816962098,-28.35731929965,
    41.541747992694));
#2014 = CARTESIAN_POINT('',(-35.61579030705,-28.41167658856,
    41.596819756528));
#2015 = CARTESIAN_POINT('',(-35.64073849432,-28.46762136072,
    41.649267191942));
#2016 = CARTESIAN_POINT('',(-35.73748072545,-28.7164437433,
    41.865283109936));
#2017 = CARTESIAN_POINT('',(-35.78211781564,-28.92293350281,
    42.001298020274));
#2018 = CARTESIAN_POINT('',(-35.7983603579,-29.1382139549,
    42.106756208331));
#2019 = CARTESIAN_POINT('',(-35.78807864031,-29.35669907268,
    42.182806487816));
#2020 = CARTESIAN_POINT('',(-35.75359787291,-29.57380321969,
    42.231635167956));
#2021 = CARTESIAN_POINT('',(-35.69752245594,-29.78613440548,
    42.255991447796));
#2022 = CARTESIAN_POINT('',(-35.62236643003,-29.99152299995,
    42.258685503714));
#2023 = CARTESIAN_POINT('',(-35.42165681614,-30.42027672123,
    42.222562750369));
#2024 = CARTESIAN_POINT('',(-35.28998063305,-30.63993847855,
    42.176572907295));
#2025 = CARTESIAN_POINT('',(-35.13818712349,-30.84621924011,
    42.108139178429));
#2026 = CARTESIAN_POINT('',(-34.96901288642,-31.03793529412,
    42.020523500431));
#2027 = CARTESIAN_POINT('',(-34.7849832076,-31.21450372944,
    41.916619177256));
#2028 = CARTESIAN_POINT('',(-34.58818658248,-31.37571369203,
    41.798723853776));
#2029 = CARTESIAN_POINT('',(-34.38025397472,-31.52161444633,
    41.668601044838));
#2030 = CARTESIAN_POINT('',(-34.09538840172,-31.69223467822,
    41.48401862953));
#2031 = CARTESIAN_POINT('',(-34.02769910681,-31.73077650654,
    41.439726683786));
#2032 = CARTESIAN_POINT('',(-33.95911087643,-31.76787565544,
    41.394432389057));
#2033 = CARTESIAN_POINT('',(-33.88965839374,-31.80352893067,
    41.348167854835));
#2034 = CARTESIAN_POINT('',(-33.81937448578,-31.83773189832,
    41.300961650001));
#2035 = CARTESIAN_POINT('',(-33.74829000438,-31.87047860282,
    41.252838651753));
#2036 = CARTESIAN_POINT('',(-33.67643370711,-31.90176128498,
    41.203819894521));
#2037 = CARTESIAN_POINT('',(-33.47063032965,-31.98626021374,
    41.062375719765));
#2038 = CARTESIAN_POINT('',(-33.33494988834,-32.03597677398,
    40.96789178797));
#2039 = CARTESIAN_POINT('',(-33.19692661047,-32.08067397701,
    40.870556811491));
#2040 = CARTESIAN_POINT('',(-33.05670255383,-32.12026162612,
    40.770431555247));
#2041 = CARTESIAN_POINT('',(-32.91442642406,-32.15460114988,
    40.667547252773));
#2042 = CARTESIAN_POINT('',(-32.77025379739,-32.18350442383,
    40.561903064317));
#2043 = CARTESIAN_POINT('',(-32.62434124153,-32.20671490167,
    40.453448733592));
#2044 = CARTESIAN_POINT('',(-32.35567678272,-32.23792400063,
    40.250533376834));
#2045 = CARTESIAN_POINT('',(-32.23355318169,-32.24788756988,
    40.157116509153));
#2046 = CARTESIAN_POINT('',(-32.110456658,-32.25354960087,
    40.061646562241));
#2047 = CARTESIAN_POINT('',(-31.98647534835,-32.25464074758,
    39.964012892838));
#2048 = CARTESIAN_POINT('',(-31.86179175619,-32.25079978867,
    39.864118956727));
#2049 = CARTESIAN_POINT('',(-31.73668488738,-32.24158314276,
    39.761880915883));
#2050 = CARTESIAN_POINT('',(-31.61153080075,-32.22642969013,
    39.657198987588));
#2051 = CARTESIAN_POINT('',(-31.43188890493,-32.19486293894,
    39.502603684689));
#2052 = CARTESIAN_POINT('',(-31.37708281436,-32.18390675268,
    39.454853006631));
#2053 = CARTESIAN_POINT('',(-31.32242834951,-32.1715756178,
    39.406594807118));
#2054 = CARTESIAN_POINT('',(-31.26799028337,-32.15779493061,
    39.357825558393));
#2055 = CARTESIAN_POINT('',(-31.2138548424,-32.14248430285,
    39.308552736592));
#2056 = CARTESIAN_POINT('',(-31.16012986063,-32.12555806407,
    39.258794692177));
#2057 = CARTESIAN_POINT('',(-31.10694493372,-32.10692576397,
    39.208580520375));
#2058 = CARTESIAN_POINT('',(-31.00334085614,-32.06659778113,
    39.10865292229));
#2059 = CARTESIAN_POINT('',(-30.95289511857,-32.0449994176,
    39.05897024989));
#2060 = CARTESIAN_POINT('',(-30.90325901118,-32.02161252673,
    39.00894345905));
#2061 = CARTESIAN_POINT('',(-30.85462069074,-31.9963597942,
    38.958648217492));
#2062 = CARTESIAN_POINT('',(-30.8072093861,-31.96917676214,
    38.908194497221));
#2063 = CARTESIAN_POINT('',(-30.76128872636,-31.94002147411,
    38.857727288605));
#2064 = CARTESIAN_POINT('',(-30.71714583101,-31.90888865199,
    38.807427847373));
#2065 = CARTESIAN_POINT('',(-30.62661443633,-31.83774499019,
    38.700019425878));
#2066 = CARTESIAN_POINT('',(-30.5808365429,-31.79705128423,
    38.642957283626));
#2067 = CARTESIAN_POINT('',(-30.53833212843,-31.75391083142,
    38.58681573713));
#2068 = CARTESIAN_POINT('',(-30.49957566308,-31.70855159245,
    38.532033788154));
#2069 = CARTESIAN_POINT('',(-30.46491385098,-31.66126599879,
    38.479001192124));
#2070 = CARTESIAN_POINT('',(-30.4345566815,-31.61241112302,
    38.428057063468));
#2071 = CARTESIAN_POINT('',(-30.40857212134,-31.56240896467,
    38.379488645013));
#2072 = CARTESIAN_POINT('',(-30.35018650888,-31.42602096259,
    38.255763547865));
#2073 = CARTESIAN_POINT('',(-30.32583635457,-31.33850914089,
    38.185564210227));
#2074 = CARTESIAN_POINT('',(-30.31300943771,-31.25063262833,
    38.123175146712));
#2075 = CARTESIAN_POINT('',(-30.31014118058,-31.16340315704,
    38.068137230208));
#2076 = CARTESIAN_POINT('',(-30.31570115887,-31.07748005711,
    38.019839971692));
#2077 = CARTESIAN_POINT('',(-30.32829974898,-30.99321150131,
    37.977577727414));
#2078 = CARTESIAN_POINT('',(-30.3468491187,-30.91063891412,
    37.940666439391));
#2079 = CARTESIAN_POINT('',(-30.40298992924,-30.71897052954,
    37.864649595546));
#2080 = CARTESIAN_POINT('',(-30.44494490161,-30.61145280628,
    37.829733652809));
#2081 = CARTESIAN_POINT('',(-30.49441881745,-30.50661262504,
    37.802221635906));
#2082 = CARTESIAN_POINT('',(-30.55009618521,-30.40428165217,
    37.781209159705));
#2083 = CARTESIAN_POINT('',(-30.61093972231,-30.30427889416,
    37.765960874222));
#2084 = CARTESIAN_POINT('',(-30.67622244403,-30.20641436369,
    37.755941733724));
#2085 = CARTESIAN_POINT('',(-30.74542804327,-30.1104523489,
    37.750733080003));
#2086 = CARTESIAN_POINT('',(-30.89739971334,-29.91361335794,
    37.749323891745));
#2087 = CARTESIAN_POINT('',(-30.98157070286,-29.81205659265,
    37.753933927056));
#2088 = CARTESIAN_POINT('',(-31.0720905691,-29.70913674816,
    37.763687703107));
#2089 = CARTESIAN_POINT('',(-31.16891692802,-29.60539059489,
    37.779175583323));
#2090 = CARTESIAN_POINT('',(-31.26958047084,-29.50353121915,
    37.800354883876));
#2091 = CARTESIAN_POINT('',(-31.36889968127,-29.40832011768,
    37.826154389738));
#2092 = CARTESIAN_POINT('',(-31.45786058956,-29.32621117095,
    37.85230682826));
#2093 = CARTESIAN_POINT('',(-31.69750868152,-29.10949437228,
    37.927113057068));
#2094 = CARTESIAN_POINT('',(-31.87771097111,-28.95768335155,
    37.994217668026));
#2095 = CARTESIAN_POINT('',(-32.06493224523,-28.81000785376,
    38.074590111497));
#2096 = CARTESIAN_POINT('',(-32.25909038175,-28.66664617722,
    38.16889959223));
#2097 = CARTESIAN_POINT('',(-32.46011067393,-28.52817359473,
    38.278072877204));
#2098 = CARTESIAN_POINT('',(-32.66801872558,-28.39572007845,
    38.403436405796));
#2099 = CARTESIAN_POINT('',(-32.88286991529,-28.27091201845,
    38.546544015881));
#2100 = CARTESIAN_POINT('',(-33.17588867193,-28.12022726124,
    38.761868532966));
#2101 = CARTESIAN_POINT('',(-33.24725793198,-28.08497107986,
    38.815805519956));
#2102 = CARTESIAN_POINT('',(-33.31935438816,-28.05088368136,
    38.871834041137));
#2103 = CARTESIAN_POINT('',(-33.39217347146,-28.01807752761,
    38.930021255851));
#2104 = CARTESIAN_POINT('',(-33.4657008305,-27.98668374628,
    38.990430478755));
#2105 = CARTESIAN_POINT('',(-33.53991242976,-27.95685291939,
    39.053119870709));
#2106 = CARTESIAN_POINT('',(-33.61477464791,-27.92875587189,
    39.118141129662));
#2107 = CARTESIAN_POINT('',(-33.7886605339,-27.86845567985,
    39.273427181098));
#2108 = CARTESIAN_POINT('',(-33.88808730309,-27.837609097,
    39.365336278016));
#2109 = CARTESIAN_POINT('',(-33.9884407251,-27.81046562111,
    39.461370908729));
#2110 = CARTESIAN_POINT('',(-34.08954008427,-27.78753018299,
    39.561554567115));
#2111 = CARTESIAN_POINT('',(-34.191108612,-27.76938392327,
    39.665805955179));
#2112 = CARTESIAN_POINT('',(-34.29277211041,-27.75665956923,
    39.773912497888));
#2113 = CARTESIAN_POINT('',(-34.39405549536,-27.75,39.885500222157));
#2114 = CARTESIAN_POINT('',(-34.49437725879,-27.75,40.));
#2115 = PCURVE('',#152,#2116);
#2116 = DEFINITIONAL_REPRESENTATION('',(#2117),#2275);
#2117 = B_SPLINE_CURVE_WITH_KNOTS('',3,(#2118,#2119,#2120,#2121,#2122,
    #2123,#2124,#2125,#2126,#2127,#2128,#2129,#2130,#2131,#2132,#2133,
    #2134,#2135,#2136,#2137,#2138,#2139,#2140,#2141,#2142,#2143,#2144,
    #2145,#2146,#2147,#2148,#2149,#2150,#2151,#2152,#2153,#2154,#2155,
    #2156,#2157,#2158,#2159,#2160,#2161,#2162,#2163,#2164,#2165,#2166,
    #2167,#2168,#2169,#2170,#2171,#2172,#2173,#2174,#2175,#2176,#2177,
    #2178,#2179,#2180,#2181,#2182,#2183,#2184,#2185,#2186,#2187,#2188,
    #2189,#2190,#2191,#2192,#2193,#2194,#2195,#2196,#2197,#2198,#2199,
    #2200,#2201,#2202,#2203,#2204,#2205,#2206,#2207,#2208,#2209,#2210,
    #2211,#2212,#2213,#2214,#2215,#2216,#2217,#2218,#2219,#2220,#2221,
    #2222,#2223,#2224,#2225,#2226,#2227,#2228,#2229,#2230,#2231,#2232,
    #2233,#2234,#2235,#2236,#2237,#2238,#2239,#2240,#2241,#2242,#2243,
    #2244,#2245,#2246,#2247,#2248,#2249,#2250,#2251,#2252,#2253,#2254,
    #2255,#2256,#2257,#2258,#2259,#2260,#2261,#2262,#2263,#2264,#2265,
    #2266,#2267,#2268,#2269,#2270,#2271,#2272,#2273,#2274),
  .UNSPECIFIED.,.T.,.F.,(4,1,1,1,1,1,1,1,1,1,1,1,1,1,1,1,1,1,1,1,1,1,1,1
    ,1,1,1,1,1,1,1,1,1,1,1,1,1,1,1,1,1,1,1,1,1,1,1,1,1,1,1,1,1,1,1,1,1,1
    ,1,1,1,1,1,1,1,1,1,1,1,1,1,1,1,1,1,1,1,1,1,1,1,1,1,1,1,1,1,1,1,1,1,1
    ,1,1,1,1,1,1,1,1,1,1,1,1,1,1,1,1,1,1,1,1,1,1,1,1,1,1,1,1,1,1,1,1,1,1
    ,1,1,1,1,1,1,1,1,1,1,1,1,1,1,1,1,1,1,1,1,1,1,1,1,1,1,1,1,4),(0.,
    2.123220117078E-02,4.246440234156E-02,6.369660351233E-02,
    8.492880468311E-02,0.106161005854,0.127393207025,0.148625408195,
    0.169857609366,0.191089810537,0.212322011708,0.233554212879,
    0.254786414049,0.27601861522,0.297250816391,0.318483017562,
    0.339715218732,0.360947419903,0.382179621074,0.403411822245,
    0.424644023416,0.445876224586,0.467108425757,0.488340626928,
    0.509572828099,0.530805029269,0.55203723044,0.573269431611,
    0.594501632782,0.615733833953,0.636966035123,0.658198236294,
    0.679430437465,0.700662638636,0.721894839806,0.743127040977,
    0.764359242148,0.785591443319,0.80682364449,0.82805584566,
    0.849288046831,0.870520248002,0.891752449173,0.912984650343,
    0.934216851514,0.955449052685,0.976681253856,0.997913455027,
    1.019145656197,1.040377857368,1.061610058539,1.08284225971,
    1.10407446088,1.125306662051,1.146538863222,1.167771064393,
    1.189003265564,1.210235466734,1.231467667905,1.252699869076,
    1.273932070247,1.295164271417,1.316396472588,1.337628673759,
    1.35886087493,1.380093076101,1.401325277271,1.422557478442,
    1.443789679613,1.465021880784,1.486254081954,1.507486283125,
    1.528718484296,1.549950685467,1.571182886638,1.592415087808,
    1.613647288979,1.63487949015,1.656111691321,1.677343892491,
    1.698576093662,1.719808294833,1.741040496004,1.762272697175,
    1.783504898345,1.804737099516,1.825969300687,1.847201501858,
    1.868433703028,1.889665904199,1.91089810537,1.932130306541,
    1.953362507712,1.974594708882,1.995826910053,2.017059111224,
    2.038291312395,2.059523513565,2.080755714736,2.101987915907,
    2.123220117078,2.144452318249,2.165684519419,2.18691672059,
    2.208148921761,2.229381122932,2.250613324102,2.271845525273,
    2.293077726444,2.314309927615,2.335542128786,2.356774329956,
    2.378006531127,2.399238732298,2.420470933469,2.441703134639,
    2.46293533581,2.484167536981,2.505399738152,2.526631939323,
    2.547864140493,2.569096341664,2.590328542835,2.611560744006,
    2.632792945177,2.654025146347,2.675257347518,2.696489548689,
    2.71772174986,2.73895395103,2.760186152201,2.781418353372,
    2.802650554543,2.823882755714,2.845114956884,2.866347158055,
    2.887579359226,2.908811560397,2.930043761567,2.951275962738,
    2.972508163909,2.99374036508,3.014972566251,3.036204767421,
    3.057436968592,3.078669169763,3.099901370934,3.121133572104,
    3.142365773275,3.163597974446,3.184830175617,3.206062376788,
    3.227294577958,3.248526779129,3.2697589803),.QUASI_UNIFORM_KNOTS.);
#2118 = CARTESIAN_POINT('',(123.7673708765,0.75));
#2119 = CARTESIAN_POINT('',(123.76114839064,0.747351171646));
#2120 = CARTESIAN_POINT('',(123.75283697693,0.741985448039));
#2121 = CARTESIAN_POINT('',(123.7532607315,0.733783673313));
#2122 = CARTESIAN_POINT('',(123.76713801498,0.725477651375));
#2123 = CARTESIAN_POINT('',(123.79477789697,0.717123566801));
#2124 = CARTESIAN_POINT('',(123.83629424243,0.708781923204));
#2125 = CARTESIAN_POINT('',(123.89155429297,0.700518302956));
#2126 = CARTESIAN_POINT('',(123.96015908278,0.692401188118));
#2127 = CARTESIAN_POINT('',(124.04152953211,0.68449119057));
#2128 = CARTESIAN_POINT('',(124.13489151288,0.676846548417));
#2129 = CARTESIAN_POINT('',(124.23933598322,0.669518238795));
#2130 = CARTESIAN_POINT('',(124.35387386021,0.66254889667));
#2131 = CARTESIAN_POINT('',(124.47748425447,0.655972430411));
#2132 = CARTESIAN_POINT('',(124.60913853455,0.649814928752));
#2133 = CARTESIAN_POINT('',(124.74786459764,0.644093957492));
#2134 = CARTESIAN_POINT('',(124.89259660419,0.638825689387));
#2135 = CARTESIAN_POINT('',(125.04236893013,0.634016955495));
#2136 = CARTESIAN_POINT('',(125.19646725354,0.62966421946));
#2137 = CARTESIAN_POINT('',(125.35417467697,0.625763506549));
#2138 = CARTESIAN_POINT('',(125.51483784634,0.622308070226));
#2139 = CARTESIAN_POINT('',(125.6778481007,0.61928932219));
#2140 = CARTESIAN_POINT('',(125.84264550704,0.61669689207));
#2141 = CARTESIAN_POINT('',(126.00871691044,0.614518923917));
#2142 = CARTESIAN_POINT('',(126.17559576391,0.612742312508));
#2143 = CARTESIAN_POINT('',(126.34286164913,0.611352958935));
#2144 = CARTESIAN_POINT('',(126.5101401409,0.610336024179));
#2145 = CARTESIAN_POINT('',(126.67710252421,0.609676186774));
#2146 = CARTESIAN_POINT('',(126.84346668075,0.609357902472));
#2147 = CARTESIAN_POINT('',(127.00899435301,0.609365669852));
#2148 = CARTESIAN_POINT('',(127.17350260418,0.609684290278));
#2149 = CARTESIAN_POINT('',(127.33682294931,0.610299167192));
#2150 = CARTESIAN_POINT('',(127.49864300093,0.611195004526));
#2151 = CARTESIAN_POINT('',(127.65890763347,0.612357817272));
#2152 = CARTESIAN_POINT('',(127.81751216212,0.613774192021));
#2153 = CARTESIAN_POINT('',(127.97437332564,0.61543138081));
#2154 = CARTESIAN_POINT('',(128.12941046096,0.617317226458));
#2155 = CARTESIAN_POINT('',(128.28255059935,0.619420150056));
#2156 = CARTESIAN_POINT('',(128.43372704064,0.62172913533));
#2157 = CARTESIAN_POINT('',(128.58287958745,0.62423372442));
#2158 = CARTESIAN_POINT('',(128.72995426612,0.626924018751));
#2159 = CARTESIAN_POINT('',(128.87490312968,0.629790684724));
#2160 = CARTESIAN_POINT('',(129.01768399728,0.63282496297));
#2161 = CARTESIAN_POINT('',(129.15826015872,0.636018680052));
#2162 = CARTESIAN_POINT('',(129.29660009761,0.639364264159));
#2163 = CARTESIAN_POINT('',(129.43267699745,0.642854757692));
#2164 = CARTESIAN_POINT('',(129.56646891024,0.646483853752));
#2165 = CARTESIAN_POINT('',(129.69795628247,0.650245857726));
#2166 = CARTESIAN_POINT('',(129.82712914319,0.654135946434));
#2167 = CARTESIAN_POINT('',(129.95395799233,0.658149339983));
#2168 = CARTESIAN_POINT('',(130.07837628304,0.662280539954));
#2169 = CARTESIAN_POINT('',(130.20035688057,0.666525806208));
#2170 = CARTESIAN_POINT('',(130.31985644804,0.670881481975));
#2171 = CARTESIAN_POINT('',(130.43682882042,0.675344417882));
#2172 = CARTESIAN_POINT('',(130.55122359883,0.679911989328));
#2173 = CARTESIAN_POINT('',(130.66296624546,0.684581286793));
#2174 = CARTESIAN_POINT('',(130.77199923301,0.689350858527));
#2175 = CARTESIAN_POINT('',(130.87824743616,0.694219423704));
#2176 = CARTESIAN_POINT('',(130.98162161418,0.699186045738));
#2177 = CARTESIAN_POINT('',(131.08201645655,0.704250119864));
#2178 = CARTESIAN_POINT('',(131.17930977397,0.709411429747));
#2179 = CARTESIAN_POINT('',(131.27336062721,0.714670187031));
#2180 = CARTESIAN_POINT('',(131.36400794711,0.720027167153));
#2181 = CARTESIAN_POINT('',(131.45106492729,0.725483598685));
#2182 = CARTESIAN_POINT('',(131.53432577512,0.731042089017));
#2183 = CARTESIAN_POINT('',(131.61349005042,0.736701585458));
#2184 = CARTESIAN_POINT('',(131.6882997781,0.742467295828));
#2185 = CARTESIAN_POINT('',(131.75841515312,0.748343326904));
#2186 = CARTESIAN_POINT('',(131.82342375758,0.754333642654));
#2187 = CARTESIAN_POINT('',(131.88283015741,0.760441984323));
#2188 = CARTESIAN_POINT('',(131.93604777236,0.766672346133));
#2189 = CARTESIAN_POINT('',(131.98238044492,0.773028770665));
#2190 = CARTESIAN_POINT('',(132.02101133702,0.779518048876));
#2191 = CARTESIAN_POINT('',(132.05092560567,0.786141638505));
#2192 = CARTESIAN_POINT('',(132.07092231,0.792900162355));
#2193 = CARTESIAN_POINT('',(132.07957205836,0.799788647488));
#2194 = CARTESIAN_POINT('',(132.07520853975,0.806796068534));
#2195 = CARTESIAN_POINT('',(132.05594747901,0.813897755528));
#2196 = CARTESIAN_POINT('',(132.01979750464,0.821049089707));
#2197 = CARTESIAN_POINT('',(131.96494197604,0.828178365918));
#2198 = CARTESIAN_POINT('',(131.88992415319,0.835199891429));
#2199 = CARTESIAN_POINT('',(131.7945959113,0.841975640383));
#2200 = CARTESIAN_POINT('',(131.68008896392,0.84838108633));
#2201 = CARTESIAN_POINT('',(131.54868449023,0.854314214175));
#2202 = CARTESIAN_POINT('',(131.40417501914,0.859686809828));
#2203 = CARTESIAN_POINT('',(131.24959750506,0.864494092534));
#2204 = CARTESIAN_POINT('',(131.0875239612,0.868757700059));
#2205 = CARTESIAN_POINT('',(130.92022489456,0.872509955518));
#2206 = CARTESIAN_POINT('',(130.74951785284,0.875790548197));
#2207 = CARTESIAN_POINT('',(130.57677907371,0.878641716029));
#2208 = CARTESIAN_POINT('',(130.40275494242,0.881107595246));
#2209 = CARTESIAN_POINT('',(130.22812532976,0.883224390922));
#2210 = CARTESIAN_POINT('',(130.05336961062,0.885024306416));
#2211 = CARTESIAN_POINT('',(129.87874739393,0.886535768731));
#2212 = CARTESIAN_POINT('',(129.70451735971,0.887782096048));
#2213 = CARTESIAN_POINT('',(129.53087809608,0.888783211069));
#2214 = CARTESIAN_POINT('',(129.35798216926,0.889556093373));
#2215 = CARTESIAN_POINT('',(129.18593696939,0.890115247564));
#2216 = CARTESIAN_POINT('',(129.01478678982,0.890473047009));
#2217 = CARTESIAN_POINT('',(128.84458434079,0.89063969096));
#2218 = CARTESIAN_POINT('',(128.6751238995,0.890624204596));
#2219 = CARTESIAN_POINT('',(128.50434895694,0.890429489788));
#2220 = CARTESIAN_POINT('',(128.33216573889,0.890053296339));
#2221 = CARTESIAN_POINT('',(128.15903958185,0.889494424218));
#2222 = CARTESIAN_POINT('',(127.98629462013,0.888756378522));
#2223 = CARTESIAN_POINT('',(127.81599474999,0.887851393809));
#2224 = CARTESIAN_POINT('',(127.65094587293,0.886804281146));
#2225 = CARTESIAN_POINT('',(127.49464039036,0.885655450069));
#2226 = CARTESIAN_POINT('',(127.35132870977,0.88446519278));
#2227 = CARTESIAN_POINT('',(127.22567619898,0.883309349229));
#2228 = CARTESIAN_POINT('',(127.12401632164,0.882300448669));
#2229 = CARTESIAN_POINT('',(127.01965512048,0.881195495862));
#2230 = CARTESIAN_POINT('',(126.91687751064,0.880031841598));
#2231 = CARTESIAN_POINT('',(126.81454647328,0.878799019098));
#2232 = CARTESIAN_POINT('',(126.71298150923,0.877499249));
#2233 = CARTESIAN_POINT('',(126.61211549021,0.876131233936));
#2234 = CARTESIAN_POINT('',(126.51198847517,0.874694506355));
#2235 = CARTESIAN_POINT('',(126.41261535544,0.873188268014));
#2236 = CARTESIAN_POINT('',(126.31402129648,0.871611704445));
#2237 = CARTESIAN_POINT('',(126.21623223171,0.86996390334));
#2238 = CARTESIAN_POINT('',(126.11927741196,0.868243878268));
#2239 = CARTESIAN_POINT('',(126.0231887358,0.866450563427));
#2240 = CARTESIAN_POINT('',(125.92800095331,0.864582815432));
#2241 = CARTESIAN_POINT('',(125.83375164688,0.862639412488));
#2242 = CARTESIAN_POINT('',(125.74048128348,0.860619053513));
#2243 = CARTESIAN_POINT('',(125.64823326062,0.858520356439));
#2244 = CARTESIAN_POINT('',(125.5570539683,0.85634185583));
#2245 = CARTESIAN_POINT('',(125.46699286326,0.854081999655));
#2246 = CARTESIAN_POINT('',(125.37810255854,0.851739145098));
#2247 = CARTESIAN_POINT('',(125.29043893222,0.849311553344));
#2248 = CARTESIAN_POINT('',(125.20406125091,0.846797382856));
#2249 = CARTESIAN_POINT('',(125.11903233922,0.844194682157));
#2250 = CARTESIAN_POINT('',(125.035418693,0.841501377472));
#2251 = CARTESIAN_POINT('',(124.95329093476,0.838715271544));
#2252 = CARTESIAN_POINT('',(124.87272314248,0.835833991671));
#2253 = CARTESIAN_POINT('',(124.79379655317,0.832855117));
#2254 = CARTESIAN_POINT('',(124.71658713009,0.829775625326));
#2255 = CARTESIAN_POINT('',(124.64122157452,0.826594195122));
#2256 = CARTESIAN_POINT('',(124.56780848041,0.823308585109));
#2257 = CARTESIAN_POINT('',(124.49646027977,0.81991635778));
#2258 = CARTESIAN_POINT('',(124.4273008337,0.81641523217));
#2259 = CARTESIAN_POINT('',(124.36046327249,0.812803007708));
#2260 = CARTESIAN_POINT('',(124.29609030629,0.809077594255));
#2261 = CARTESIAN_POINT('',(124.23433433998,0.805237047983));
#2262 = CARTESIAN_POINT('',(124.17535583866,0.801279479232));
#2263 = CARTESIAN_POINT('',(124.11932882774,0.797203467954));
#2264 = CARTESIAN_POINT('',(124.06643896037,0.793008025124));
#2265 = CARTESIAN_POINT('',(124.01687777498,0.788692242393));
#2266 = CARTESIAN_POINT('',(123.97085135,0.784256096548));
#2267 = CARTESIAN_POINT('',(123.92857559362,0.779700321905));
#2268 = CARTESIAN_POINT('',(123.89027474037,0.77502653269));
#2269 = CARTESIAN_POINT('',(123.85617865123,0.770237286739));
#2270 = CARTESIAN_POINT('',(123.82652023847,0.765336154564));
#2271 = CARTESIAN_POINT('',(123.80153222543,0.760327843585));
#2272 = CARTESIAN_POINT('',(123.78144518087,0.755218111483));
#2273 = CARTESIAN_POINT('',(123.77146837083,0.751749023971));
#2274 = CARTESIAN_POINT('',(123.7673708765,0.75));
#2275 = ( GEOMETRIC_REPRESENTATION_CONTEXT(2) 
PARAMETRIC_REPRESENTATION_CONTEXT() REPRESENTATION_CONTEXT('2D SPACE',''
  ) );
#2276 = PCURVE('',#2277,#2282);
#2277 = CYLINDRICAL_SURFACE('',#2278,2.25);
#2278 = AXIS2_PLACEMENT_3D('',#2279,#2280,#2281);
#2279 = CARTESIAN_POINT('',(-46.,-30.,40.));
#2280 = DIRECTION('',(-1.,-0.,-0.));
#2281 = DIRECTION('',(0.,1.,0.));
#2282 = DEFINITIONAL_REPRESENTATION('',(#2283),#2441);
#2283 = B_SPLINE_CURVE_WITH_KNOTS('',3,(#2284,#2285,#2286,#2287,#2288,
    #2289,#2290,#2291,#2292,#2293,#2294,#2295,#2296,#2297,#2298,#2299,
    #2300,#2301,#2302,#2303,#2304,#2305,#2306,#2307,#2308,#2309,#2310,
    #2311,#2312,#2313,#2314,#2315,#2316,#2317,#2318,#2319,#2320,#2321,
    #2322,#2323,#2324,#2325,#2326,#2327,#2328,#2329,#2330,#2331,#2332,
    #2333,#2334,#2335,#2336,#2337,#2338,#2339,#2340,#2341,#2342,#2343,
    #2344,#2345,#2346,#2347,#2348,#2349,#2350,#2351,#2352,#2353,#2354,
    #2355,#2356,#2357,#2358,#2359,#2360,#2361,#2362,#2363,#2364,#2365,
    #2366,#2367,#2368,#2369,#2370,#2371,#2372,#2373,#2374,#2375,#2376,
    #2377,#2378,#2379,#2380,#2381,#2382,#2383,#2384,#2385,#2386,#2387,
    #2388,#2389,#2390,#2391,#2392,#2393,#2394,#2395,#2396,#2397,#2398,
    #2399,#2400,#2401,#2402,#2403,#2404,#2405,#2406,#2407,#2408,#2409,
    #2410,#2411,#2412,#2413,#2414,#2415,#2416,#2417,#2418,#2419,#2420,
    #2421,#2422,#2423,#2424,#2425,#2426,#2427,#2428,#2429,#2430,#2431,
    #2432,#2433,#2434,#2435,#2436,#2437,#2438,#2439,#2440),
  .UNSPECIFIED.,.F.,.F.,(4,1,1,1,1,1,1,1,1,1,1,1,1,1,1,1,1,1,1,1,1,1,1,1
    ,1,1,1,1,1,1,1,1,1,1,1,1,1,1,1,1,1,1,1,1,1,1,1,1,1,1,1,1,1,1,1,1,1,1
    ,1,1,1,1,1,1,1,1,1,1,1,1,1,1,1,1,1,1,1,1,1,1,1,1,1,1,1,1,1,1,1,1,1,1
    ,1,1,1,1,1,1,1,1,1,1,1,1,1,1,1,1,1,1,1,1,1,1,1,1,1,1,1,1,1,1,1,1,1,1
    ,1,1,1,1,1,1,1,1,1,1,1,1,1,1,1,1,1,1,1,1,1,1,1,1,1,1,1,1,4),(0.,
    2.123220117078E-02,4.246440234156E-02,6.369660351233E-02,
    8.492880468311E-02,0.106161005854,0.127393207025,0.148625408195,
    0.169857609366,0.191089810537,0.212322011708,0.233554212879,
    0.254786414049,0.27601861522,0.297250816391,0.318483017562,
    0.339715218732,0.360947419903,0.382179621074,0.403411822245,
    0.424644023416,0.445876224586,0.467108425757,0.488340626928,
    0.509572828099,0.530805029269,0.55203723044,0.573269431611,
    0.594501632782,0.615733833953,0.636966035123,0.658198236294,
    0.679430437465,0.700662638636,0.721894839806,0.743127040977,
    0.764359242148,0.785591443319,0.80682364449,0.82805584566,
    0.849288046831,0.870520248002,0.891752449173,0.912984650343,
    0.934216851514,0.955449052685,0.976681253856,0.997913455027,
    1.019145656197,1.040377857368,1.061610058539,1.08284225971,
    1.10407446088,1.125306662051,1.146538863222,1.167771064393,
    1.189003265564,1.210235466734,1.231467667905,1.252699869076,
    1.273932070247,1.295164271417,1.316396472588,1.337628673759,
    1.35886087493,1.380093076101,1.401325277271,1.422557478442,
    1.443789679613,1.465021880784,1.486254081954,1.507486283125,
    1.528718484296,1.549950685467,1.571182886638,1.592415087808,
    1.613647288979,1.63487949015,1.656111691321,1.677343892491,
    1.698576093662,1.719808294833,1.741040496004,1.762272697175,
    1.783504898345,1.804737099516,1.825969300687,1.847201501858,
    1.868433703028,1.889665904199,1.91089810537,1.932130306541,
    1.953362507712,1.974594708882,1.995826910053,2.017059111224,
    2.038291312395,2.059523513565,2.080755714736,2.101987915907,
    2.123220117078,2.144452318249,2.165684519419,2.18691672059,
    2.208148921761,2.229381122932,2.250613324102,2.271845525273,
    2.293077726444,2.314309927615,2.335542128786,2.356774329956,
    2.378006531127,2.399238732298,2.420470933469,2.441703134639,
    2.46293533581,2.484167536981,2.505399738152,2.526631939323,
    2.547864140493,2.569096341664,2.590328542835,2.611560744006,
    2.632792945177,2.654025146347,2.675257347518,2.696489548689,
    2.71772174986,2.73895395103,2.760186152201,2.781418353372,
    2.802650554543,2.823882755714,2.845114956884,2.866347158055,
    2.887579359226,2.908811560397,2.930043761567,2.951275962738,
    2.972508163909,2.99374036508,3.014972566251,3.036204767421,
    3.057436968592,3.078669169763,3.099901370934,3.121133572104,
    3.142365773275,3.163597974446,3.184830175617,3.206062376788,
    3.227294577958,3.248526779129,3.2697589803),.QUASI_UNIFORM_KNOTS.);
#2284 = CARTESIAN_POINT('',(0.,-11.50562274121));
#2285 = CARTESIAN_POINT('',(-1.88379975226E-02,-11.46848418335));
#2286 = CARTESIAN_POINT('',(-5.699075426671E-02,-11.3945363758));
#2287 = CARTESIAN_POINT('',(-0.115506088025,-11.28529728542));
#2288 = CARTESIAN_POINT('',(-0.175170504687,-11.17843101842));
#2289 = CARTESIAN_POINT('',(-0.23582249101,-11.07464350625));
#2290 = CARTESIAN_POINT('',(-0.297279352718,-10.97464468732));
#2291 = CARTESIAN_POINT('',(-0.359325296965,-10.8791498203));
#2292 = CARTESIAN_POINT('',(-0.421714204855,-10.78885306298));
#2293 = CARTESIAN_POINT('',(-0.484241257699,-10.70431252231));
#2294 = CARTESIAN_POINT('',(-0.546693327542,-10.6260243898));
#2295 = CARTESIAN_POINT('',(-0.608878896411,-10.55437635433));
#2296 = CARTESIAN_POINT('',(-0.67063375842,-10.48964854178));
#2297 = CARTESIAN_POINT('',(-0.731823933028,-10.43201984144));
#2298 = CARTESIAN_POINT('',(-0.792338873732,-10.3815844651));
#2299 = CARTESIAN_POINT('',(-0.852104228514,-10.33835553624));
#2300 = CARTESIAN_POINT('',(-0.911009408105,-10.3023218305));
#2301 = CARTESIAN_POINT('',(-0.968988572877,-10.27338530667));
#2302 = CARTESIAN_POINT('',(-1.02606007542,-10.25137888109));
#2303 = CARTESIAN_POINT('',(-1.082221369313,-10.23613622729));
#2304 = CARTESIAN_POINT('',(-1.13747701844,-10.22747408901));
#2305 = CARTESIAN_POINT('',(-1.191831416499,-10.22519821578));
#2306 = CARTESIAN_POINT('',(-1.245291037214,-10.2291033508));
#2307 = CARTESIAN_POINT('',(-1.29786419844,-10.2389751989));
#2308 = CARTESIAN_POINT('',(-1.34956155616,-10.25459225664));
#2309 = CARTESIAN_POINT('',(-1.400396455874,-10.27572807157));
#2310 = CARTESIAN_POINT('',(-1.450385397234,-10.30215380364));
#2311 = CARTESIAN_POINT('',(-1.499548451308,-10.33364105294));
#2312 = CARTESIAN_POINT('',(-1.547910016013,-10.36996524703));
#2313 = CARTESIAN_POINT('',(-1.5954985358,-10.41090847356));
#2314 = CARTESIAN_POINT('',(-1.642350311264,-10.45626594551));
#2315 = CARTESIAN_POINT('',(-1.688498292587,-10.50584048706));
#2316 = CARTESIAN_POINT('',(-1.733928957441,-10.5593835297));
#2317 = CARTESIAN_POINT('',(-1.778695653121,-10.61672454815));
#2318 = CARTESIAN_POINT('',(-1.822832204416,-10.67768451716));
#2319 = CARTESIAN_POINT('',(-1.866373839068,-10.74209503518));
#2320 = CARTESIAN_POINT('',(-1.909352450042,-10.80979277783));
#2321 = CARTESIAN_POINT('',(-1.951798578827,-10.88062078461));
#2322 = CARTESIAN_POINT('',(-1.993741478776,-10.95442809523));
#2323 = CARTESIAN_POINT('',(-2.03520960365,-11.03106997216));
#2324 = CARTESIAN_POINT('',(-2.076230916897,-11.11040807954));
#2325 = CARTESIAN_POINT('',(-2.116833202005,-11.19231076099));
#2326 = CARTESIAN_POINT('',(-2.157044341409,-11.2766533618));
#2327 = CARTESIAN_POINT('',(-2.196892579464,-11.36331858427));
#2328 = CARTESIAN_POINT('',(-2.236406792521,-11.45219691512));
#2329 = CARTESIAN_POINT('',(-2.275616703398,-11.54318694693));
#2330 = CARTESIAN_POINT('',(-2.314553310921,-11.63619625977));
#2331 = CARTESIAN_POINT('',(-2.353248560545,-11.73114039656));
#2332 = CARTESIAN_POINT('',(-2.391737935555,-11.82794917785));
#2333 = CARTESIAN_POINT('',(-2.430052291884,-11.92654591326));
#2334 = CARTESIAN_POINT('',(-2.468212356283,-12.02683009127));
#2335 = CARTESIAN_POINT('',(-2.506252278251,-12.12873793893));
#2336 = CARTESIAN_POINT('',(-2.544203442574,-12.23220077914));
#2337 = CARTESIAN_POINT('',(-2.58209891693,-12.33715543256));
#2338 = CARTESIAN_POINT('',(-2.619973647297,-12.44354427651));
#2339 = CARTESIAN_POINT('',(-2.657858233077,-12.5512963731));
#2340 = CARTESIAN_POINT('',(-2.695793421909,-12.66036745595));
#2341 = CARTESIAN_POINT('',(-2.733819574577,-12.77070936322));
#2342 = CARTESIAN_POINT('',(-2.771978566897,-12.88227365151));
#2343 = CARTESIAN_POINT('',(-2.810314070202,-12.99501070142));
#2344 = CARTESIAN_POINT('',(-2.848872402917,-13.108870233));
#2345 = CARTESIAN_POINT('',(-2.887703251009,-13.22380120159));
#2346 = CARTESIAN_POINT('',(-2.926861111294,-13.33975341592));
#2347 = CARTESIAN_POINT('',(-2.966405041778,-13.45667368353));
#2348 = CARTESIAN_POINT('',(-3.006405878041,-13.57452306403));
#2349 = CARTESIAN_POINT('',(-3.04691102056,-13.69316906306));
#2350 = CARTESIAN_POINT('',(-3.088016522829,-13.81259218249));
#2351 = CARTESIAN_POINT('',(-3.129815164899,-13.93272507894));
#2352 = CARTESIAN_POINT('',(-3.172405131508,-14.05346977332));
#2353 = CARTESIAN_POINT('',(-3.215891288412,-14.17469172074));
#2354 = CARTESIAN_POINT('',(-3.260390842673,-14.29622359255));
#2355 = CARTESIAN_POINT('',(-3.306034641948,-14.41785407191));
#2356 = CARTESIAN_POINT('',(-3.352990535391,-14.53936745507));
#2357 = CARTESIAN_POINT('',(-3.401409692028,-14.66038001705));
#2358 = CARTESIAN_POINT('',(-3.451464154377,-14.78041569214));
#2359 = CARTESIAN_POINT('',(-3.503317933958,-14.89880858147));
#2360 = CARTESIAN_POINT('',(-3.55712955745,-15.01468870903));
#2361 = CARTESIAN_POINT('',(-3.612998433541,-15.12685843041));
#2362 = CARTESIAN_POINT('',(-3.670912731824,-15.23372496656));
#2363 = CARTESIAN_POINT('',(-3.73067098914,-15.33328597043));
#2364 = CARTESIAN_POINT('',(-3.791962143222,-15.42342595419));
#2365 = CARTESIAN_POINT('',(-3.853962710604,-15.5016407835));
#2366 = CARTESIAN_POINT('',(-3.915811231074,-15.56615910377));
#2367 = CARTESIAN_POINT('',(-3.976664998835,-15.61606271001));
#2368 = CARTESIAN_POINT('',(-4.03555733778,-15.65128858919));
#2369 = CARTESIAN_POINT('',(-4.0921897686,-15.67293212027));
#2370 = CARTESIAN_POINT('',(-4.146481114843,-15.68238064291));
#2371 = CARTESIAN_POINT('',(-4.198434281281,-15.68110025819));
#2372 = CARTESIAN_POINT('',(-4.248140175313,-15.67051298911));
#2373 = CARTESIAN_POINT('',(-4.295749011601,-15.65191410363));
#2374 = CARTESIAN_POINT('',(-4.341505594066,-15.62638530789));
#2375 = CARTESIAN_POINT('',(-4.385597592719,-15.59484539351));
#2376 = CARTESIAN_POINT('',(-4.428207596602,-15.55806440851));
#2377 = CARTESIAN_POINT('',(-4.469523081201,-15.51666055769));
#2378 = CARTESIAN_POINT('',(-4.509692116284,-15.47116232026));
#2379 = CARTESIAN_POINT('',(-4.548846428346,-15.42201486851));
#2380 = CARTESIAN_POINT('',(-4.587103501971,-15.36959354796));
#2381 = CARTESIAN_POINT('',(-4.624570865005,-15.31421257017));
#2382 = CARTESIAN_POINT('',(-4.661353285507,-15.25612462856));
#2383 = CARTESIAN_POINT('',(-4.69754012288,-15.19554791048));
#2384 = CARTESIAN_POINT('',(-4.733265116282,-15.13258275897));
#2385 = CARTESIAN_POINT('',(-4.769037612059,-15.0665516501));
#2386 = CARTESIAN_POINT('',(-4.804945516199,-14.99742861388));
#2387 = CARTESIAN_POINT('',(-4.840961487366,-14.92540975158));
#2388 = CARTESIAN_POINT('',(-4.876880708419,-14.85107448466));
#2389 = CARTESIAN_POINT('',(-4.912343132157,-14.77539473879));
#2390 = CARTESIAN_POINT('',(-4.946825332593,-14.69978415032));
#2391 = CARTESIAN_POINT('',(-4.979641689283,-14.62611346606));
#2392 = CARTESIAN_POINT('',(-5.009914973644,-14.55678888712));
#2393 = CARTESIAN_POINT('',(-5.036643572562,-14.49456402271));
#2394 = CARTESIAN_POINT('',(-5.058408223867,-14.44328019816));
#2395 = CARTESIAN_POINT('',(-5.080896425801,-14.38975637822));
#2396 = CARTESIAN_POINT('',(-5.103215628793,-14.33609388437));
#2397 = CARTESIAN_POINT('',(-5.125622348364,-14.28173476448));
#2398 = CARTESIAN_POINT('',(-5.148064695439,-14.22683298601));
#2399 = CARTESIAN_POINT('',(-5.170572990069,-14.17135120329));
#2400 = CARTESIAN_POINT('',(-5.193155176227,-14.11530283939));
#2401 = CARTESIAN_POINT('',(-5.215824919892,-14.05868726885));
#2402 = CARTESIAN_POINT('',(-5.238594151271,-14.00150722236));
#2403 = CARTESIAN_POINT('',(-5.261475131901,-13.94376414958));
#2404 = CARTESIAN_POINT('',(-5.28447996835,-13.88545947846));
#2405 = CARTESIAN_POINT('',(-5.307620809832,-13.82659428546));
#2406 = CARTESIAN_POINT('',(-5.330909863186,-13.76716938277));
#2407 = CARTESIAN_POINT('',(-5.35435945829,-13.70718528507));
#2408 = CARTESIAN_POINT('',(-5.377982102347,-13.64664219952));
#2409 = CARTESIAN_POINT('',(-5.40179054051,-13.58554000012));
#2410 = CARTESIAN_POINT('',(-5.425797819245,-13.52387819601));
#2411 = CARTESIAN_POINT('',(-5.45001735461,-13.46165589029));
#2412 = CARTESIAN_POINT('',(-5.474463006488,-13.39887172855));
#2413 = CARTESIAN_POINT('',(-5.499149159529,-13.33552383754));
#2414 = CARTESIAN_POINT('',(-5.524090815135,-13.27160974573));
#2415 = CARTESIAN_POINT('',(-5.54930368623,-13.20712630956));
#2416 = CARTESIAN_POINT('',(-5.574804335011,-13.14206954854));
#2417 = CARTESIAN_POINT('',(-5.600610214453,-13.07643474168));
#2418 = CARTESIAN_POINT('',(-5.626740145573,-13.01021545994));
#2419 = CARTESIAN_POINT('',(-5.653213259065,-12.94340646953));
#2420 = CARTESIAN_POINT('',(-5.680053774391,-12.87599207781));
#2421 = CARTESIAN_POINT('',(-5.70727128127,-12.80799579199));
#2422 = CARTESIAN_POINT('',(-5.73488405685,-12.73942163655));
#2423 = CARTESIAN_POINT('',(-5.762912479603,-12.67027137685));
#2424 = CARTESIAN_POINT('',(-5.791376250256,-12.60055162777));
#2425 = CARTESIAN_POINT('',(-5.820295249427,-12.53027196306));
#2426 = CARTESIAN_POINT('',(-5.849689507086,-12.45944527258));
#2427 = CARTESIAN_POINT('',(-5.879579170676,-12.38808812755));
#2428 = CARTESIAN_POINT('',(-5.909985453733,-12.31621886559));
#2429 = CARTESIAN_POINT('',(-5.940927754376,-12.24386478876));
#2430 = CARTESIAN_POINT('',(-5.972424250357,-12.17106068814));
#2431 = CARTESIAN_POINT('',(-6.004494943568,-12.09784227248));
#2432 = CARTESIAN_POINT('',(-6.037155985262,-12.0242594589));
#2433 = CARTESIAN_POINT('',(-6.070421088716,-11.95037291138));
#2434 = CARTESIAN_POINT('',(-6.104301050802,-11.87625502281));
#2435 = CARTESIAN_POINT('',(-6.138803725684,-11.80198977333));
#2436 = CARTESIAN_POINT('',(-6.173933865436,-11.72767278917));
#2437 = CARTESIAN_POINT('',(-6.209692741281,-11.65341187238));
#2438 = CARTESIAN_POINT('',(-6.246078395261,-11.57932559539));
#2439 = CARTESIAN_POINT('',(-6.270748221865,-11.53014140841));
#2440 = CARTESIAN_POINT('',(-6.28318530718,-11.50562274121));
#2441 = ( GEOMETRIC_REPRESENTATION_CONTEXT(2) 
PARAMETRIC_REPRESENTATION_CONTEXT() REPRESENTATION_CONTEXT('2D SPACE',''
  ) );
#2442 = ADVANCED_FACE('',(#2443,#2468),#223,.F.);
#2443 = FACE_BOUND('',#2444,.F.);
#2444 = EDGE_LOOP('',(#2445,#2446,#2447,#2448));
#2445 = ORIENTED_EDGE('',*,*,#207,.T.);
#2446 = ORIENTED_EDGE('',*,*,#1750,.T.);
#2447 = ORIENTED_EDGE('',*,*,#1334,.F.);
#2448 = ORIENTED_EDGE('',*,*,#2449,.F.);
#2449 = EDGE_CURVE('',#208,#1312,#2450,.T.);
#2450 = SURFACE_CURVE('',#2451,(#2454,#2461),.PCURVE_S1.);
#2451 = B_SPLINE_CURVE_WITH_KNOTS('',1,(#2452,#2453),.UNSPECIFIED.,.F.,
  .F.,(2,2),(0.,1.),.PIECEWISE_BEZIER_KNOTS.);
#2452 = CARTESIAN_POINT('',(44.5,95.,52.));
#2453 = CARTESIAN_POINT('',(21.709200239603,35.368921738679,36.));
#2454 = PCURVE('',#223,#2455);
#2455 = DEFINITIONAL_REPRESENTATION('',(#2456),#2460);
#2456 = LINE('',#2457,#2458);
#2457 = CARTESIAN_POINT('',(0.,0.));
#2458 = VECTOR('',#2459,1.);
#2459 = DIRECTION('',(0.,1.));
#2460 = ( GEOMETRIC_REPRESENTATION_CONTEXT(2) 
PARAMETRIC_REPRESENTATION_CONTEXT() REPRESENTATION_CONTEXT('2D SPACE',''
  ) );
#2461 = PCURVE('',#265,#2462);
#2462 = DEFINITIONAL_REPRESENTATION('',(#2463),#2467);
#2463 = LINE('',#2464,#2465);
#2464 = CARTESIAN_POINT('',(145.,0.));
#2465 = VECTOR('',#2466,1.);
#2466 = DIRECTION('',(0.,1.));
#2467 = ( GEOMETRIC_REPRESENTATION_CONTEXT(2) 
PARAMETRIC_REPRESENTATION_CONTEXT() REPRESENTATION_CONTEXT('2D SPACE',''
  ) );
#2468 = FACE_BOUND('',#2469,.F.);
#2469 = EDGE_LOOP('',(#2470));
#2470 = ORIENTED_EDGE('',*,*,#2471,.T.);
#2471 = EDGE_CURVE('',#2472,#2472,#2474,.T.);
#2472 = VERTEX_POINT('',#2473);
#2473 = CARTESIAN_POINT('',(25.226674208664,59.860779598426,
    42.245688687193));
#2474 = SURFACE_CURVE('',#2475,(#2730,#2988),.PCURVE_S1.);
#2475 = B_SPLINE_CURVE_WITH_KNOTS('',8,(#2476,#2477,#2478,#2479,#2480,
    #2481,#2482,#2483,#2484,#2485,#2486,#2487,#2488,#2489,#2490,#2491,
    #2492,#2493,#2494,#2495,#2496,#2497,#2498,#2499,#2500,#2501,#2502,
    #2503,#2504,#2505,#2506,#2507,#2508,#2509,#2510,#2511,#2512,#2513,
    #2514,#2515,#2516,#2517,#2518,#2519,#2520,#2521,#2522,#2523,#2524,
    #2525,#2526,#2527,#2528,#2529,#2530,#2531,#2532,#2533,#2534,#2535,
    #2536,#2537,#2538,#2539,#2540,#2541,#2542,#2543,#2544,#2545,#2546,
    #2547,#2548,#2549,#2550,#2551,#2552,#2553,#2554,#2555,#2556,#2557,
    #2558,#2559,#2560,#2561,#2562,#2563,#2564,#2565,#2566,#2567,#2568,
    #2569,#2570,#2571,#2572,#2573,#2574,#2575,#2576,#2577,#2578,#2579,
    #2580,#2581,#2582,#2583,#2584,#2585,#2586,#2587,#2588,#2589,#2590,
    #2591,#2592,#2593,#2594,#2595,#2596,#2597,#2598,#2599,#2600,#2601,
    #2602,#2603,#2604,#2605,#2606,#2607,#2608,#2609,#2610,#2611,#2612,
    #2613,#2614,#2615,#2616,#2617,#2618,#2619,#2620,#2621,#2622,#2623,
    #2624,#2625,#2626,#2627,#2628,#2629,#2630,#2631,#2632,#2633,#2634,
    #2635,#2636,#2637,#2638,#2639,#2640,#2641,#2642,#2643,#2644,#2645,
    #2646,#2647,#2648,#2649,#2650,#2651,#2652,#2653,#2654,#2655,#2656,
    #2657,#2658,#2659,#2660,#2661,#2662,#2663,#2664,#2665,#2666,#2667,
    #2668,#2669,#2670,#2671,#2672,#2673,#2674,#2675,#2676,#2677,#2678,
    #2679,#2680,#2681,#2682,#2683,#2684,#2685,#2686,#2687,#2688,#2689,
    #2690,#2691,#2692,#2693,#2694,#2695,#2696,#2697,#2698,#2699,#2700,
    #2701,#2702,#2703,#2704,#2705,#2706,#2707,#2708,#2709,#2710,#2711,
    #2712,#2713,#2714,#2715,#2716,#2717,#2718,#2719,#2720,#2721,#2722,
    #2723,#2724,#2725,#2726,#2727,#2728,#2729),.UNSPECIFIED.,.T.,.F.,(9,
    7,7,7,7,7,7,7,7,7,7,7,7,7,7,7,7,7,7,7,7,7,7,7,7,7,7,7,7,7,7,7,7,7,7,
    7,9),(0.,2.007192858685E-03,4.352859058279E-03,6.374261703787E-03,
    1.183970103626E-02,1.803288928649E-02,2.533208484919E-02,
    4.216833562367E-02,6.510851695221E-02,8.844077774426E-02,
    0.141452055497,0.22096273471,0.298616085925,0.403786675342,
    0.457316334767,0.484372967573,0.511743230474,0.52857941367,
    0.532534849891,0.53932564515,0.541835055177,0.542006514889,
    0.542575272073,0.545972514074,0.552494655428,0.559385146312,
    0.579125051671,0.603894512553,0.628690890895,0.701916512468,
    0.775002424871,0.862567408808,0.906614025539,0.951244986207,
    0.982586563784,0.991888897929,1.),.UNSPECIFIED.);
#2476 = CARTESIAN_POINT('',(25.226674208664,59.860779598426,
    42.245688687193));
#2477 = CARTESIAN_POINT('',(25.300086759556,59.841255865363,
    42.244478322652));
#2478 = CARTESIAN_POINT('',(25.373116728544,59.820740495887,
    42.24300501817));
#2479 = CARTESIAN_POINT('',(25.445793492052,59.799195514298,
    42.241260688678));
#2480 = CARTESIAN_POINT('',(25.51801261785,59.776218780483,
    42.239136183122));
#2481 = CARTESIAN_POINT('',(25.589673930124,59.751508314647,
    42.236548536018));
#2482 = CARTESIAN_POINT('',(25.660666900379,59.724808995116,
    42.233426422473));
#2483 = CARTESIAN_POINT('',(25.730703364144,59.695341629202,
    42.229553816672));
#2484 = CARTESIAN_POINT('',(25.878808227615,59.620247967853,
    42.21809919249));
#2485 = CARTESIAN_POINT('',(25.942838881133,59.579055150435,
    42.210915349202));
#2486 = CARTESIAN_POINT('',(25.989234353827,59.539232044251,
    42.20315250363));
#2487 = CARTESIAN_POINT('',(26.015875838742,59.501044236584,
    42.194748447431));
#2488 = CARTESIAN_POINT('',(26.024667913167,59.465751278714,
    42.186119930382));
#2489 = CARTESIAN_POINT('',(26.022383310015,59.436613803382,
    42.178473408619));
#2490 = CARTESIAN_POINT('',(26.018065439641,59.418083283601,
    42.173453194977));
#2491 = CARTESIAN_POINT('',(26.01606073761,59.408944178788,
    42.170984158711));
#2492 = CARTESIAN_POINT('',(26.014956040617,59.404748860501,
    42.169840635097));
#2493 = CARTESIAN_POINT('',(26.013685412425,59.400612970374,
    42.168703349818));
#2494 = CARTESIAN_POINT('',(26.012263562373,59.396554862605,
    42.167577840903));
#2495 = CARTESIAN_POINT('',(26.010707492941,59.3925875728,
    42.166468400435));
#2496 = CARTESIAN_POINT('',(26.009034924886,59.388719637579,
    42.165378199824));
#2497 = CARTESIAN_POINT('',(26.007262722371,59.384955914187,
    42.164309415071));
#2498 = CARTESIAN_POINT('',(26.000383295246,59.371409266242,
    42.1604350219));
#2499 = CARTESIAN_POINT('',(25.994757088557,59.362305704545,
    42.157776166614));
#2500 = CARTESIAN_POINT('',(25.988729769539,59.353894372966,
    42.155273826567));
#2501 = CARTESIAN_POINT('',(25.982454771173,59.346085162554,
    42.152913158052));
#2502 = CARTESIAN_POINT('',(25.976035887922,59.338791197453,
    42.150677433266));
#2503 = CARTESIAN_POINT('',(25.969527275734,59.331928834901,
    42.148548040319));
#2504 = CARTESIAN_POINT('',(25.962933452043,59.325417665229,
    42.146504483224));
#2505 = CARTESIAN_POINT('',(25.948589786491,59.312112852234,
    42.142280620791));
#2506 = CARTESIAN_POINT('',(25.901433434547,59.266534851111,
    42.127921364247));
#2507 = CARTESIAN_POINT('',(25.826999652856,59.22107909352,
    42.112082908998));
#2508 = CARTESIAN_POINT('',(25.73595774591,59.182059528747,
    42.096979763709));
#2509 = CARTESIAN_POINT('',(25.637605336845,59.146345709351,
    42.082319216833));
#2510 = CARTESIAN_POINT('',(25.539866271564,59.113464361183,
    42.068421943732));
#2511 = CARTESIAN_POINT('',(25.449067999916,59.086928284402,
    42.056548653055));
#2512 = CARTESIAN_POINT('',(25.275718978253,59.038703794244,
    42.034510352376));
#2513 = CARTESIAN_POINT('',(25.182117057147,59.014979678991,
    42.023209353482));
#2514 = CARTESIAN_POINT('',(25.088662272145,58.9929473363,
    42.012355605865));
#2515 = CARTESIAN_POINT('',(24.995345626089,58.972294383053,
    42.001868820698));
#2516 = CARTESIAN_POINT('',(24.902159213097,58.95279879816,
    41.991691939497));
#2517 = CARTESIAN_POINT('',(24.809092456056,58.934280549847,
    41.981778499684));
#2518 = CARTESIAN_POINT('',(24.716133782368,58.916624679549,
    41.972098692189));
#2519 = CARTESIAN_POINT('',(24.409060189744,58.860746067581,
    41.94077237271));
#2520 = CARTESIAN_POINT('',(24.195393677972,58.825805803803,
    41.920021767073));
#2521 = CARTESIAN_POINT('',(23.982155975236,58.793685889355,
    41.90005780837));
#2522 = CARTESIAN_POINT('',(23.769308671141,58.763895873328,
    41.880755834665));
#2523 = CARTESIAN_POINT('',(23.55681307953,58.736002204834,
    41.862005374453));
#2524 = CARTESIAN_POINT('',(23.344643212013,58.709756649228,
    41.843744003252));
#2525 = CARTESIAN_POINT('',(23.132769258815,58.684936649961,
    41.82591548327));
#2526 = CARTESIAN_POINT('',(22.632833922336,58.629282250018,
    41.784720580579));
#2527 = CARTESIAN_POINT('',(22.345021194224,58.599531065768,
    41.761691352123));
#2528 = CARTESIAN_POINT('',(22.057669986232,58.571710294984,
    41.739287569892));
#2529 = CARTESIAN_POINT('',(21.770746466307,58.545554296228,
    41.717444741826));
#2530 = CARTESIAN_POINT('',(21.484224149943,58.520863554862,
    41.696115426932));
#2531 = CARTESIAN_POINT('',(21.198080224635,58.497477881662,
    41.67526223849));
#2532 = CARTESIAN_POINT('',(20.912294909525,58.475272190498,
    41.654856769664));
#2533 = CARTESIAN_POINT('',(20.336525014086,58.432646937361,
    41.614552370719));
#2534 = CARTESIAN_POINT('',(20.046554244318,58.412264631578,
    41.594668228113));
#2535 = CARTESIAN_POINT('',(19.75691908196,58.392882694688,
    41.575198407099));
#2536 = CARTESIAN_POINT('',(19.467604704814,58.374413161033,
    41.556124206818));
#2537 = CARTESIAN_POINT('',(19.178598317176,58.356783682451,
    41.537430902563));
#2538 = CARTESIAN_POINT('',(18.889888408181,58.339932651601,
    41.519106475498));
#2539 = CARTESIAN_POINT('',(18.601464320759,58.323806405266,
    41.501140885676));
#2540 = CARTESIAN_POINT('',(17.658638736435,58.273260631815,
    41.443504326511));
#2541 = CARTESIAN_POINT('',(17.00538803574,58.241664115275,
    41.405292581388));
#2542 = CARTESIAN_POINT('',(16.353447808417,58.213022932518,
    41.368793590728));
#2543 = CARTESIAN_POINT('',(15.702727517342,58.186963710187,
    41.333953340025));
#2544 = CARTESIAN_POINT('',(15.053147436054,58.163196301279,
    41.300737534558));
#2545 = CARTESIAN_POINT('',(14.404633318874,58.141482635503,
    41.269123415365));
#2546 = CARTESIAN_POINT('',(13.757115064831,58.121629564399,
    41.2390978021));
#2547 = CARTESIAN_POINT('',(12.140713047352,58.076236339437,
    41.167987758267));
#2548 = CARTESIAN_POINT('',(11.172992990057,58.052814584019,
    41.128878371846));
#2549 = CARTESIAN_POINT('',(10.207136128104,58.032650694461,
    41.093297481698));
#2550 = CARTESIAN_POINT('',(9.242932901634,58.01534002107,
    41.061246606489));
#2551 = CARTESIAN_POINT('',(8.280179728126,58.000564228275,
    41.032737730846));
#2552 = CARTESIAN_POINT('',(7.318674686103,57.988067906048,
    41.007786156573));
#2553 = CARTESIAN_POINT('',(6.358216549917,57.977652981981,
    40.986408154388));
#2554 = CARTESIAN_POINT('',(4.461405233602,57.960880487393,
    40.951242441721));
#2555 = CARTESIAN_POINT('',(3.525015010815,57.954433886664,
    40.937289139899));
#2556 = CARTESIAN_POINT('',(2.589244770847,57.949687029085,
    40.926770599779));
#2557 = CARTESIAN_POINT('',(1.653908073254,57.946542342487,
    40.919697871357));
#2558 = CARTESIAN_POINT('',(0.71881880638,57.944941092068,
    40.916078317733));
#2559 = CARTESIAN_POINT('',(-0.216209267476,57.944861060362,
    40.915914692906));
#2560 = CARTESIAN_POINT('',(-1.151362776167,57.94631629432,
    40.919205036961));
#2561 = CARTESIAN_POINT('',(-3.353786549902,57.953479729213,
    40.93506954234));
#2562 = CARTESIAN_POINT('',(-4.621312406108,57.960511881809,
    40.950520212655));
#2563 = CARTESIAN_POINT('',(-5.889875182209,57.970586649725,
    40.972280987226));
#2564 = CARTESIAN_POINT('',(-7.15993840634,57.983955648602,
    41.000322074373));
#2565 = CARTESIAN_POINT('',(-8.431965233796,58.001016970602,
    41.034605849451));
#2566 = CARTESIAN_POINT('',(-9.706417559407,58.022313172924,
    41.075089099865));
#2567 = CARTESIAN_POINT('',(-10.98376478343,58.048580240611,
    41.1217397946));
#2568 = CARTESIAN_POINT('',(-12.91639446175,58.097390293791,
    41.201486953897));
#2569 = CARTESIAN_POINT('',(-13.56915130319,58.11542884461,
    41.229991202391));
#2570 = CARTESIAN_POINT('',(-14.22285623953,58.135189353219,
    41.260105178193));
#2571 = CARTESIAN_POINT('',(-14.87757835915,58.156842987409,
    41.291837006272));
#2572 = CARTESIAN_POINT('',(-15.5333898656,58.180597223399,
    41.325202003736));
#2573 = CARTESIAN_POINT('',(-16.19036733063,58.20670264797,
    41.360224570702));
#2574 = CARTESIAN_POINT('',(-16.84859572431,58.235476103162,
    41.396944318917));
#2575 = CARTESIAN_POINT('',(-17.841565907,58.28347863476,41.454885767799
    ));
#2576 = CARTESIAN_POINT('',(-18.17529854329,58.300390583536,
    41.474791143289));
#2577 = CARTESIAN_POINT('',(-18.50939019648,58.318154882737,
    41.49515729142));
#2578 = CARTESIAN_POINT('',(-18.84385528558,58.336838033796,
    41.515995590679));
#2579 = CARTESIAN_POINT('',(-19.17870930987,58.356516661161,
    41.537319904923));
#2580 = CARTESIAN_POINT('',(-19.51396944943,58.377281320693,
    41.559147573501));
#2581 = CARTESIAN_POINT('',(-19.84965563247,58.399243371215,
    41.58150120048));
#2582 = CARTESIAN_POINT('',(-20.52582487076,58.446116549671,
    41.627586849843));
#2583 = CARTESIAN_POINT('',(-20.86631449096,58.471058325698,
    41.651331497975));
#2584 = CARTESIAN_POINT('',(-21.20728988396,58.497520500184,
    41.675677715019));
#2585 = CARTESIAN_POINT('',(-21.54878050681,58.525678180813,
    41.700664178727));
#2586 = CARTESIAN_POINT('',(-21.89082114012,58.555767945632,
    41.726345285121));
#2587 = CARTESIAN_POINT('',(-22.2334518737,58.588086414329,
    41.752790703986));
#2588 = CARTESIAN_POINT('',(-22.57672497406,58.623039590861,
    41.780098247765));
#2589 = CARTESIAN_POINT('',(-23.13233728944,58.684886370368,
    41.825879231415));
#2590 = CARTESIAN_POINT('',(-23.34420952069,58.709703721614,
    41.84370688703));
#2591 = CARTESIAN_POINT('',(-23.5563776278,58.735946308948,
    41.861967312821));
#2592 = CARTESIAN_POINT('',(-23.76887140517,58.763836583104,
    41.88071671883));
#2593 = CARTESIAN_POINT('',(-23.98171683572,58.793622708513,
    41.900017511559));
#2594 = CARTESIAN_POINT('',(-24.19495258745,58.825737961054,
    41.919980091294));
#2595 = CARTESIAN_POINT('',(-24.40861706888,58.860672607876,
    41.940729073321));
#2596 = CARTESIAN_POINT('',(-24.67314574802,58.908800410084,
    41.967712793579));
#2597 = CARTESIAN_POINT('',(-24.72349945786,58.918180210311,
    41.972907252787));
#2598 = CARTESIAN_POINT('',(-24.77388361508,58.927797648468,
    41.978166284529));
#2599 = CARTESIAN_POINT('',(-24.82429953317,58.937670587588,
    41.983494495227));
#2600 = CARTESIAN_POINT('',(-24.8747486753,58.947820993719,
    41.988897551435));
#2601 = CARTESIAN_POINT('',(-24.92523265429,58.958274935928,
    41.994382179841));
#2602 = CARTESIAN_POINT('',(-24.97575323263,58.969062586299,
    41.999956167262));
#2603 = CARTESIAN_POINT('',(-25.11311347619,58.999370500419,
    42.015366529031));
#2604 = CARTESIAN_POINT('',(-25.19993905519,59.01964094013,
    42.025397870564));
#2605 = CARTESIAN_POINT('',(-25.2868809279,59.041027301926,
    42.035726390561));
#2606 = CARTESIAN_POINT('',(-25.37400262158,59.064071819431,
    42.046494817119));
#2607 = CARTESIAN_POINT('',(-25.4613187133,59.089139534849,
    42.057797402523));
#2608 = CARTESIAN_POINT('',(-25.54879824119,59.116471304661,
    42.069693697387));
#2609 = CARTESIAN_POINT('',(-25.63639213598,59.147011473219,
    42.082423297527));
#2610 = CARTESIAN_POINT('',(-25.75648979223,59.197682399606,
    42.102142170647));
#2611 = CARTESIAN_POINT('',(-25.81517187334,59.223400420413,
    42.112022669104));
#2612 = CARTESIAN_POINT('',(-25.83182049085,59.234942233165,
    42.115924034264));
#2613 = CARTESIAN_POINT('',(-25.86650064312,59.251719888269,
    42.122166759585));
#2614 = CARTESIAN_POINT('',(-25.91539741232,59.278782523063,
    42.131850099678));
#2615 = CARTESIAN_POINT('',(-25.95175943609,59.309154263183,
    42.14169676989));
#2616 = CARTESIAN_POINT('',(-25.99640927063,59.346070510493,
    42.15367670816));
#2617 = CARTESIAN_POINT('',(-26.01540353723,59.406543768766,
    42.170328499264));
#2618 = CARTESIAN_POINT('',(-26.01648522542,59.410479361587,
    42.171403719053));
#2619 = CARTESIAN_POINT('',(-26.01741823461,59.41446322411,
    42.172483243505));
#2620 = CARTESIAN_POINT('',(-26.0181911994,59.418475164181,
    42.173561243061));
#2621 = CARTESIAN_POINT('',(-26.01879721638,59.422494329903,
    42.174631963133));
#2622 = CARTESIAN_POINT('',(-26.01923411597,59.426499091905,
    42.175689707938));
#2623 = CARTESIAN_POINT('',(-26.01950473416,59.430466925594,
    42.17672882432));
#2624 = CARTESIAN_POINT('',(-26.0199901982,59.447335609564,
    42.181110130234));
#2625 = CARTESIAN_POINT('',(-26.01858240698,59.459390039476,
    42.184145162712));
#2626 = CARTESIAN_POINT('',(-26.01589731053,59.470492160173,
    42.186864710747));
#2627 = CARTESIAN_POINT('',(-26.01233281358,59.480653626765,
    42.189293627697));
#2628 = CARTESIAN_POINT('',(-26.00818122578,59.489943172455,
    42.19146569254));
#2629 = CARTESIAN_POINT('',(-26.00362926164,59.498486608546,
    42.19342360987));
#2630 = CARTESIAN_POINT('',(-25.99875804058,59.506466824431,
    42.195219009901));
#2631 = CARTESIAN_POINT('',(-25.96239366134,59.55985957363,
    42.207027521783));
#2632 = CARTESIAN_POINT('',(-25.92429858316,59.592993848167,
    42.213520619082));
#2633 = CARTESIAN_POINT('',(-25.8827490848,59.618593952679,
    42.217888678036));
#2634 = CARTESIAN_POINT('',(-25.84016333988,59.640406877666,
    42.221229732683));
#2635 = CARTESIAN_POINT('',(-25.7978864632,59.66085926266,
    42.224242913424));
#2636 = CARTESIAN_POINT('',(-25.75619051078,59.681057396222,
    42.227228447029));
#2637 = CARTESIAN_POINT('',(-25.71427447984,59.700787215945,
    42.230087656631));
#2638 = CARTESIAN_POINT('',(-25.58577207759,59.752547386785,
    42.236614376883));
#2639 = CARTESIAN_POINT('',(-25.49989164825,59.782420019312,
    42.239779205374));
#2640 = CARTESIAN_POINT('',(-25.4131694806,59.809876775363,
    42.242296136262));
#2641 = CARTESIAN_POINT('',(-25.32576182518,59.835279989287,
    42.244266428583));
#2642 = CARTESIAN_POINT('',(-25.2378567058,59.859180371562,
    42.245841791662));
#2643 = CARTESIAN_POINT('',(-25.14951848025,59.881744883947,
    42.247068357439));
#2644 = CARTESIAN_POINT('',(-25.0608127892,59.903212306748,
    42.248010968818));
#2645 = CARTESIAN_POINT('',(-24.87767553744,59.94539211688,
    42.249441723856));
#2646 = CARTESIAN_POINT('',(-24.7833319682,59.965966082028,
    42.249900778343));
#2647 = CARTESIAN_POINT('',(-24.68877487394,59.985623340337,
    42.250132056372));
#2648 = CARTESIAN_POINT('',(-24.59403700226,60.004487048118,
    42.250168813156));
#2649 = CARTESIAN_POINT('',(-24.49914247804,60.022647954469,
    42.250035529946));
#2650 = CARTESIAN_POINT('',(-24.40411020696,60.0401790881,
    42.249751873118));
#2651 = CARTESIAN_POINT('',(-24.30895537276,60.057142271862,
    42.249334448632));
#2652 = CARTESIAN_POINT('',(-23.94076963024,60.120695854004,
    42.247254810143));
#2653 = CARTESIAN_POINT('',(-23.66695025062,60.163546096316,
    42.24472372945));
#2654 = CARTESIAN_POINT('',(-23.39250899651,60.203310206513,
    42.241517548692));
#2655 = CARTESIAN_POINT('',(-23.11757770557,60.240507279574,
    42.237775708386));
#2656 = CARTESIAN_POINT('',(-22.84226362881,60.275573240681,
    42.233615479561));
#2657 = CARTESIAN_POINT('',(-22.56663149056,60.308776229341,
    42.229109130829));
#2658 = CARTESIAN_POINT('',(-22.29073195477,60.34034782725,
    42.224319103543));
#2659 = CARTESIAN_POINT('',(-21.66810509909,60.408248448332,
    42.212984596675));
#2660 = CARTESIAN_POINT('',(-21.32125603336,60.443739217085,
    42.206304475835));
#2661 = CARTESIAN_POINT('',(-20.9741287075,60.47728019192,
    42.199345913623));
#2662 = CARTESIAN_POINT('',(-20.62677769841,60.509105196106,
    42.19217330203));
#2663 = CARTESIAN_POINT('',(-20.27924481356,60.539393219136,
    42.184836608323));
#2664 = CARTESIAN_POINT('',(-19.93156330809,60.568289021806,
    42.177376804298));
#2665 = CARTESIAN_POINT('',(-19.58375901333,60.59590840931,
    42.169827235303));
#2666 = CARTESIAN_POINT('',(-18.88756831982,60.648819743079,
    42.154597793247));
#2667 = CARTESIAN_POINT('',(-18.53918289651,60.674108995562,
    42.146917803041));
#2668 = CARTESIAN_POINT('',(-18.1907181749,60.698315332179,
    42.139205353933));
#2669 = CARTESIAN_POINT('',(-17.84219167212,60.721517820211,
    42.131484212866));
#2670 = CARTESIAN_POINT('',(-17.49361777402,60.743782154783,
    42.123774651329));
#2671 = CARTESIAN_POINT('',(-17.14500851737,60.765164526877,
    42.116094449256));
#2672 = CARTESIAN_POINT('',(-16.7963740627,60.785713933138,
    42.108459490237));
#2673 = CARTESIAN_POINT('',(-15.41812890536,60.863822764696,
    42.078512786482));
#2674 = CARTESIAN_POINT('',(-14.38839272383,60.915280573621,
    42.056660144963));
#2675 = CARTESIAN_POINT('',(-13.35873076221,60.960941249377,
    42.035690726311));
#2676 = CARTESIAN_POINT('',(-12.32925691397,61.001461135329,
    42.015853350214));
#2677 = CARTESIAN_POINT('',(-11.30003547755,61.037319171338,
    41.997346855335));
#2678 = CARTESIAN_POINT('',(-10.27109738851,61.068890124159,
    41.980337243015));
#2679 = CARTESIAN_POINT('',(-9.242442824424,61.096447027722,
    41.964956664026));
#2680 = CARTESIAN_POINT('',(-7.18762583671,61.143927556557,
    41.937699063149));
#2681 = CARTESIAN_POINT('',(-6.161465652034,61.163865187865,
    41.925815359675));
#2682 = CARTESIAN_POINT('',(-5.135556408116,61.180237818509,
    41.915771850784));
#2683 = CARTESIAN_POINT('',(-4.109864236813,61.193199005017,
    41.907652126878));
#2684 = CARTESIAN_POINT('',(-3.084342885725,61.202855680925,
    41.901517708638));
#2685 = CARTESIAN_POINT('',(-2.05893825319,61.209277333174,
    41.897409493575));
#2686 = CARTESIAN_POINT('',(-1.033592296508,61.212499570981,
    41.895348197848));
#2687 = CARTESIAN_POINT('',(1.22023126303,61.212549064035,
    41.895316535129));
#2688 = CARTESIAN_POINT('',(2.44870732925,61.207983192497,
    41.898237592991));
#2689 = CARTESIAN_POINT('',(3.677283047051,61.19882422439,
    41.904096984811));
#2690 = CARTESIAN_POINT('',(4.906058978812,61.185002364148,
    41.91285321516));
#2691 = CARTESIAN_POINT('',(6.135124840545,61.166372826501,
    41.924421780005));
#2692 = CARTESIAN_POINT('',(7.36455120519,61.142712598544,
    41.938675848534));
#2693 = CARTESIAN_POINT('',(8.594378618964,61.113697012935,
    41.955442985002));
#2694 = CARTESIAN_POINT('',(10.443420831537,61.06129694292,
    41.984073625158));
#2695 = CARTESIAN_POINT('',(11.062341207302,61.04228044098,
    41.994232758993));
#2696 = CARTESIAN_POINT('',(11.681359865709,61.021721795958,
    42.004939778725));
#2697 = CARTESIAN_POINT('',(12.300472361926,60.999546813773,
    42.016161237872));
#2698 = CARTESIAN_POINT('',(12.91967029863,60.97566857748,
    42.027859507321));
#2699 = CARTESIAN_POINT('',(13.538940380874,60.949983450914,
    42.039991867118));
#2700 = CARTESIAN_POINT('',(14.158262888618,60.922364051965,
    42.052508822491));
#2701 = CARTESIAN_POINT('',(15.405172800822,60.862540127193,
    42.078364844865));
#2702 = CARTESIAN_POINT('',(16.032758568222,60.830279927226,
    42.091712615692));
#2703 = CARTESIAN_POINT('',(16.660339134076,60.795698735374,
    42.10533334363));
#2704 = CARTESIAN_POINT('',(17.287876678527,60.758595550266,
    42.119156822122));
#2705 = CARTESIAN_POINT('',(17.915317302148,60.718709162632,
    42.133096766853));
#2706 = CARTESIAN_POINT('',(18.542589608936,60.675712492425,
    42.147049543749));
#2707 = CARTESIAN_POINT('',(19.169595286356,60.629166511542,
    42.160882308768));
#2708 = CARTESIAN_POINT('',(20.236190362151,60.542698622836,
    42.183882019314));
#2709 = CARTESIAN_POINT('',(20.675981986954,60.504931282643,
    42.193211361279));
#2710 = CARTESIAN_POINT('',(21.115510973064,60.464828266076,
    42.202313327413));
#2711 = CARTESIAN_POINT('',(21.554707472992,60.422061928928,
    42.211096054453));
#2712 = CARTESIAN_POINT('',(21.993484776251,60.376264724948,
    42.219457234853));
#2713 = CARTESIAN_POINT('',(22.431691589364,60.326800474993,
    42.227223149065));
#2714 = CARTESIAN_POINT('',(22.869148431567,60.272944568408,
    42.234197112421));
#2715 = CARTESIAN_POINT('',(23.434946106865,60.195104739126,
    42.241596395696));
#2716 = CARTESIAN_POINT('',(23.56433934413,60.176745766477,
    42.24317809896));
#2717 = CARTESIAN_POINT('',(23.693619082701,60.157797308354,
    42.244635671936));
#2718 = CARTESIAN_POINT('',(23.822772004487,60.138203214838,
    42.245954051664));
#2719 = CARTESIAN_POINT('',(23.951781891759,60.117897434951,
    42.247115504968));
#2720 = CARTESIAN_POINT('',(24.080628577591,60.096799212542,
    42.248098341719));
#2721 = CARTESIAN_POINT('',(24.20928579415,60.074803254136,
    42.248874278713));
#2722 = CARTESIAN_POINT('',(24.449703368546,60.031676717492,
    42.249866736741));
#2723 = CARTESIAN_POINT('',(24.561512230423,60.010797350257,
    42.250142237857));
#2724 = CARTESIAN_POINT('',(24.67312495662,59.989026601882,
    42.250204298834));
#2725 = CARTESIAN_POINT('',(24.784514665371,59.966250321938,
    42.250022328117));
#2726 = CARTESIAN_POINT('',(24.895638111841,59.942303667111,
    42.249551861901));
#2727 = CARTESIAN_POINT('',(25.006437932767,59.916980242785,
    42.248737049018));
#2728 = CARTESIAN_POINT('',(25.116833061324,59.889991350558,
    42.247499655866));
#2729 = CARTESIAN_POINT('',(25.226674208664,59.860779598426,
    42.245688687193));
#2730 = PCURVE('',#223,#2731);
#2731 = DEFINITIONAL_REPRESENTATION('',(#2732),#2987);
#2732 = B_SPLINE_CURVE_WITH_KNOTS('',8,(#2733,#2734,#2735,#2736,#2737,
    #2738,#2739,#2740,#2741,#2742,#2743,#2744,#2745,#2746,#2747,#2748,
    #2749,#2750,#2751,#2752,#2753,#2754,#2755,#2756,#2757,#2758,#2759,
    #2760,#2761,#2762,#2763,#2764,#2765,#2766,#2767,#2768,#2769,#2770,
    #2771,#2772,#2773,#2774,#2775,#2776,#2777,#2778,#2779,#2780,#2781,
    #2782,#2783,#2784,#2785,#2786,#2787,#2788,#2789,#2790,#2791,#2792,
    #2793,#2794,#2795,#2796,#2797,#2798,#2799,#2800,#2801,#2802,#2803,
    #2804,#2805,#2806,#2807,#2808,#2809,#2810,#2811,#2812,#2813,#2814,
    #2815,#2816,#2817,#2818,#2819,#2820,#2821,#2822,#2823,#2824,#2825,
    #2826,#2827,#2828,#2829,#2830,#2831,#2832,#2833,#2834,#2835,#2836,
    #2837,#2838,#2839,#2840,#2841,#2842,#2843,#2844,#2845,#2846,#2847,
    #2848,#2849,#2850,#2851,#2852,#2853,#2854,#2855,#2856,#2857,#2858,
    #2859,#2860,#2861,#2862,#2863,#2864,#2865,#2866,#2867,#2868,#2869,
    #2870,#2871,#2872,#2873,#2874,#2875,#2876,#2877,#2878,#2879,#2880,
    #2881,#2882,#2883,#2884,#2885,#2886,#2887,#2888,#2889,#2890,#2891,
    #2892,#2893,#2894,#2895,#2896,#2897,#2898,#2899,#2900,#2901,#2902,
    #2903,#2904,#2905,#2906,#2907,#2908,#2909,#2910,#2911,#2912,#2913,
    #2914,#2915,#2916,#2917,#2918,#2919,#2920,#2921,#2922,#2923,#2924,
    #2925,#2926,#2927,#2928,#2929,#2930,#2931,#2932,#2933,#2934,#2935,
    #2936,#2937,#2938,#2939,#2940,#2941,#2942,#2943,#2944,#2945,#2946,
    #2947,#2948,#2949,#2950,#2951,#2952,#2953,#2954,#2955,#2956,#2957,
    #2958,#2959,#2960,#2961,#2962,#2963,#2964,#2965,#2966,#2967,#2968,
    #2969,#2970,#2971,#2972,#2973,#2974,#2975,#2976,#2977,#2978,#2979,
    #2980,#2981,#2982,#2983,#2984,#2985,#2986),.UNSPECIFIED.,.T.,.F.,(9,
    7,7,7,7,7,7,7,7,7,7,7,7,7,7,7,7,7,7,7,7,7,7,7,7,7,7,7,7,7,7,7,7,7,7,
    7,9),(0.,2.007192858685E-03,4.352859058279E-03,6.374261703787E-03,
    1.183970103626E-02,1.803288928649E-02,2.533208484919E-02,
    4.216833562367E-02,6.510851695221E-02,8.844077774426E-02,
    0.141452055497,0.22096273471,0.298616085925,0.403786675342,
    0.457316334767,0.484372967573,0.511743230474,0.52857941367,
    0.532534849891,0.53932564515,0.541835055177,0.542006514889,
    0.542575272073,0.545972514074,0.552494655428,0.559385146312,
    0.579125051671,0.603894512553,0.628690890895,0.701916512468,
    0.775002424871,0.862567408808,0.906614025539,0.951244986207,
    0.982586563784,0.991888897929,1.),.UNSPECIFIED.);
#2733 = CARTESIAN_POINT('',(8.090709645161,0.60964445705));
#2734 = CARTESIAN_POINT('',(7.979420584889,0.609720104834));
#2735 = CARTESIAN_POINT('',(7.868200680566,0.609812186364));
#2736 = CARTESIAN_POINT('',(7.756989534874,0.609921206958));
#2737 = CARTESIAN_POINT('',(7.64574507367,0.610053988555));
#2738 = CARTESIAN_POINT('',(7.534464982049,0.610215716499));
#2739 = CARTESIAN_POINT('',(7.423182265959,0.610410848595));
#2740 = CARTESIAN_POINT('',(7.311934939376,0.610652886458));
#2741 = CARTESIAN_POINT('',(7.070728823023,0.611368800469));
#2742 = CARTESIAN_POINT('',(6.962387328703,0.611817790675));
#2743 = CARTESIAN_POINT('',(6.879238436796,0.612302968523));
#2744 = CARTESIAN_POINT('',(6.82440574028,0.612828222036));
#2745 = CARTESIAN_POINT('',(6.795850161939,0.613367504351));
#2746 = CARTESIAN_POINT('',(6.78562871398,0.613845411961));
#2747 = CARTESIAN_POINT('',(6.783145197722,0.614159175314));
#2748 = CARTESIAN_POINT('',(6.781744494017,0.614313490081));
#2749 = CARTESIAN_POINT('',(6.781359730034,0.614384960306));
#2750 = CARTESIAN_POINT('',(6.781234697908,0.614456040636));
#2751 = CARTESIAN_POINT('',(6.781357296413,0.614526384944));
#2752 = CARTESIAN_POINT('',(6.78170975805,0.614595724973));
#2753 = CARTESIAN_POINT('',(6.782271230485,0.614663862511));
#2754 = CARTESIAN_POINT('',(6.783020358007,0.614730661558));
#2755 = CARTESIAN_POINT('',(6.786418599671,0.614972811131));
#2756 = CARTESIAN_POINT('',(6.790108398508,0.615138989587));
#2757 = CARTESIAN_POINT('',(6.794680012838,0.61529538584));
#2758 = CARTESIAN_POINT('',(6.799877157185,0.615442927622));
#2759 = CARTESIAN_POINT('',(6.805514507241,0.615582660421));
#2760 = CARTESIAN_POINT('',(6.811477699869,0.61571574748));
#2761 = CARTESIAN_POINT('',(6.817723333098,0.615843469799));
#2762 = CARTESIAN_POINT('',(6.831707512491,0.616107461201));
#2763 = CARTESIAN_POINT('',(6.876827849375,0.617004914735));
#2764 = CARTESIAN_POINT('',(6.960320563538,0.617994818188));
#2765 = CARTESIAN_POINT('',(7.070236625072,0.618938764768));
#2766 = CARTESIAN_POINT('',(7.19213518969,0.619855048948));
#2767 = CARTESIAN_POINT('',(7.314633840189,0.620723628517));
#2768 = CARTESIAN_POINT('',(7.430371267081,0.621465709184));
#2769 = CARTESIAN_POINT('',(7.652611112967,0.622843102976));
#2770 = CARTESIAN_POINT('',(7.773785233025,0.623549415407));
#2771 = CARTESIAN_POINT('',(7.895631068941,0.624227774633));
#2772 = CARTESIAN_POINT('',(8.018012957898,0.624883198706));
#2773 = CARTESIAN_POINT('',(8.140836179541,0.625519253781));
#2774 = CARTESIAN_POINT('',(8.264029670857,0.62613884377));
#2775 = CARTESIAN_POINT('',(8.387554333463,0.626743831738));
#2776 = CARTESIAN_POINT('',(8.797004080289,0.628701726706));
#2777 = CARTESIAN_POINT('',(9.084172421532,0.629998639558));
#2778 = CARTESIAN_POINT('',(9.372456365373,0.631246386977));
#2779 = CARTESIAN_POINT('',(9.661666737064,0.632452760333));
#2780 = CARTESIAN_POINT('',(9.951643584939,0.633624664097));
#2781 = CARTESIAN_POINT('',(10.242297388474,0.634765999797));
#2782 = CARTESIAN_POINT('',(10.533557332469,0.635880282296));
#2783 = CARTESIAN_POINT('',(11.223009006504,0.638454963714));
#2784 = CARTESIAN_POINT('',(11.621655246477,0.639894290492));
#2785 = CARTESIAN_POINT('',(12.021181123765,0.641294526882));
#2786 = CARTESIAN_POINT('',(12.421493080034,0.642659703636));
#2787 = CARTESIAN_POINT('',(12.822519901271,0.643992785817));
#2788 = CARTESIAN_POINT('',(13.224204836369,0.645296110094));
#2789 = CARTESIAN_POINT('',(13.626504304405,0.646571451896));
#2790 = CARTESIAN_POINT('',(14.439147514731,0.64909047683));
#2791 = CARTESIAN_POINT('',(14.84950830455,0.650333235743));
#2792 = CARTESIAN_POINT('',(15.260426028381,0.651550099556));
#2793 = CARTESIAN_POINT('',(15.671868266028,0.652742237074));
#2794 = CARTESIAN_POINT('',(16.083807573783,0.65391056859));
#2795 = CARTESIAN_POINT('',(16.496220096061,0.655055845281));
#2796 = CARTESIAN_POINT('',(16.90908476496,0.656178694645));
#2797 = CARTESIAN_POINT('',(18.261403630225,0.659780979593));
#2798 = CARTESIAN_POINT('',(19.202658919016,0.662169213663));
#2799 = CARTESIAN_POINT('',(20.145931095491,0.664450400579));
#2800 = CARTESIAN_POINT('',(21.091052024729,0.666627916248));
#2801 = CARTESIAN_POINT('',(22.037878441186,0.66870390409));
#2802 = CARTESIAN_POINT('',(22.986283142728,0.67067978654));
#2803 = CARTESIAN_POINT('',(23.936152827471,0.672556387369));
#2804 = CARTESIAN_POINT('',(26.314116754601,0.677000765108));
#2805 = CARTESIAN_POINT('',(27.743903686536,0.67944510176));
#2806 = CARTESIAN_POINT('',(29.176386576195,0.681668907394));
#2807 = CARTESIAN_POINT('',(30.611242018764,0.683672087094));
#2808 = CARTESIAN_POINT('',(32.048162843186,0.685453891822));
#2809 = CARTESIAN_POINT('',(33.486851718392,0.687013365214));
#2810 = CARTESIAN_POINT('',(34.927019691151,0.688349490351));
#2811 = CARTESIAN_POINT('',(37.7760772724,0.690547347392));
#2812 = CARTESIAN_POINT('',(39.184908756145,0.691419428756));
#2813 = CARTESIAN_POINT('',(40.594612192064,0.692076837514));
#2814 = CARTESIAN_POINT('',(42.004924229141,0.69251888304));
#2815 = CARTESIAN_POINT('',(43.415582768951,0.692745105142));
#2816 = CARTESIAN_POINT('',(44.826326343297,0.692755331693));
#2817 = CARTESIAN_POINT('',(46.236893757122,0.69254968519));
#2818 = CARTESIAN_POINT('',(49.556847927452,0.691558153604));
#2819 = CARTESIAN_POINT('',(51.465862309762,0.690592486709));
#2820 = CARTESIAN_POINT('',(53.373423311308,0.689232438298));
#2821 = CARTESIAN_POINT('',(55.278879739308,0.687479870352));
#2822 = CARTESIAN_POINT('',(57.181565652307,0.685337134409));
#2823 = CARTESIAN_POINT('',(59.080801512611,0.682806931258));
#2824 = CARTESIAN_POINT('',(60.975881415382,0.679891262838));
#2825 = CARTESIAN_POINT('',(63.828067460485,0.674907065381));
#2826 = CARTESIAN_POINT('',(64.788828612405,0.673125549851));
#2827 = CARTESIAN_POINT('',(65.748204935258,0.671243426363));
#2828 = CARTESIAN_POINT('',(66.706086770434,0.669260187108));
#2829 = CARTESIAN_POINT('',(67.662353818735,0.667174874766));
#2830 = CARTESIAN_POINT('',(68.616873130055,0.664985964331));
#2831 = CARTESIAN_POINT('',(69.569492574755,0.662690980068));
#2832 = CARTESIAN_POINT('',(71.000471071746,0.659069639513));
#2833 = CARTESIAN_POINT('',(71.480383948599,0.657825553544));
#2834 = CARTESIAN_POINT('',(71.959738406926,0.656552669286));
#2835 = CARTESIAN_POINT('',(72.438507065482,0.655250275583));
#2836 = CARTESIAN_POINT('',(72.916659016578,0.653917505942));
#2837 = CARTESIAN_POINT('',(73.39415873941,0.652553276656));
#2838 = CARTESIAN_POINT('',(73.870964151308,0.65115617497));
#2839 = CARTESIAN_POINT('',(74.828601743126,0.648275821885));
#2840 = CARTESIAN_POINT('',(75.309411111293,0.646791781377));
#2841 = CARTESIAN_POINT('',(75.789402776365,0.645270142811));
#2842 = CARTESIAN_POINT('',(76.268515501903,0.64370848883));
#2843 = CARTESIAN_POINT('',(76.746665032599,0.64210341968));
#2844 = CARTESIAN_POINT('',(77.223744403866,0.640450581001));
#2845 = CARTESIAN_POINT('',(77.699609474442,0.638743859515));
#2846 = CARTESIAN_POINT('',(78.465848601683,0.635882548037));
#2847 = CARTESIAN_POINT('',(78.757107967481,0.634768319561));
#2848 = CARTESIAN_POINT('',(79.047761305587,0.633627042949));
#2849 = CARTESIAN_POINT('',(79.337737830292,0.632455205073));
#2850 = CARTESIAN_POINT('',(79.626948048054,0.631248905528));
#2851 = CARTESIAN_POINT('',(79.915232113175,0.630001244294));
#2852 = CARTESIAN_POINT('',(80.202400937878,0.628704432917));
#2853 = CARTESIAN_POINT('',(80.555126691382,0.627017950401));
#2854 = CARTESIAN_POINT('',(80.6221433352,0.626693296701));
#2855 = CARTESIAN_POINT('',(80.689068393732,0.626364607217));
#2856 = CARTESIAN_POINT('',(80.755895116713,0.626031594048));
#2857 = CARTESIAN_POINT('',(80.822615031482,0.625693903035));
#2858 = CARTESIAN_POINT('',(80.889217942984,0.62535111376));
#2859 = CARTESIAN_POINT('',(80.955691933763,0.625002739546));
#2860 = CARTESIAN_POINT('',(81.135902879769,0.624039591936));
#2861 = CARTESIAN_POINT('',(81.249220680795,0.62341263309));
#2862 = CARTESIAN_POINT('',(81.362105508679,0.62276710059));
#2863 = CARTESIAN_POINT('',(81.474393103229,0.62209407393));
#2864 = CARTESIAN_POINT('',(81.58593134357,0.621387662342));
#2865 = CARTESIAN_POINT('',(81.696560519139,0.620644143913));
#2866 = CARTESIAN_POINT('',(81.805768730529,0.619848543905));
#2867 = CARTESIAN_POINT('',(81.951286462768,0.618616114335));
#2868 = CARTESIAN_POINT('',(82.021908618675,0.617998583181));
#2869 = CARTESIAN_POINT('',(82.039988134396,0.617754747859));
#2870 = CARTESIAN_POINT('',(82.080939479062,0.617364577526));
#2871 = CARTESIAN_POINT('',(82.137119443181,0.61675936877));
#2872 = CARTESIAN_POINT('',(82.174144871287,0.616143951882));
#2873 = CARTESIAN_POINT('',(82.219685969859,0.61539520574));
#2874 = CARTESIAN_POINT('',(82.218440473974,0.614354468796));
#2875 = CARTESIAN_POINT('',(82.2181430849,0.614287267559));
#2876 = CARTESIAN_POINT('',(82.217615263883,0.614219797281));
#2877 = CARTESIAN_POINT('',(82.216850433924,0.614152422309));
#2878 = CARTESIAN_POINT('',(82.215848572067,0.614085502304));
#2879 = CARTESIAN_POINT('',(82.214616639711,0.614019393254));
#2880 = CARTESIAN_POINT('',(82.213169012923,0.61395444848));
#2881 = CARTESIAN_POINT('',(82.206084141077,0.61368061686));
#2882 = CARTESIAN_POINT('',(82.198566431073,0.613490927331));
#2883 = CARTESIAN_POINT('',(82.189700831618,0.613320955578));
#2884 = CARTESIAN_POINT('',(82.180039166815,0.613169148269));
#2885 = CARTESIAN_POINT('',(82.169959035989,0.613033394216));
#2886 = CARTESIAN_POINT('',(82.159663813679,0.612911024383));
#2887 = CARTESIAN_POINT('',(82.149182649641,0.612798811881));
#2888 = CARTESIAN_POINT('',(82.073788260976,0.612060779889));
#2889 = CARTESIAN_POINT('',(82.005331961539,0.611654961307));
#2890 = CARTESIAN_POINT('',(81.935540721218,0.611381957623));
#2891 = CARTESIAN_POINT('',(81.866063499456,0.611173141707));
#2892 = CARTESIAN_POINT('',(81.797659064457,0.610984817911));
#2893 = CARTESIAN_POINT('',(81.730195993187,0.610798222061));
#2894 = CARTESIAN_POINT('',(81.662652671375,0.610619521461));
#2895 = CARTESIAN_POINT('',(81.459620897497,0.610211601445));
#2896 = CARTESIAN_POINT('',(81.326137058221,0.610013799664));
#2897 = CARTESIAN_POINT('',(81.192615536962,0.609856491484));
#2898 = CARTESIAN_POINT('',(81.059101822809,0.609733348214));
#2899 = CARTESIAN_POINT('',(80.925599957235,0.609634888021));
#2900 = CARTESIAN_POINT('',(80.79211930492,0.60955822766));
#2901 = CARTESIAN_POINT('',(80.658638473606,0.609499314449));
#2902 = CARTESIAN_POINT('',(80.384055096749,0.609409892259));
#2903 = CARTESIAN_POINT('',(80.243139368709,0.609381201354));
#2904 = CARTESIAN_POINT('',(80.102349989768,0.609366746477));
#2905 = CARTESIAN_POINT('',(79.961673488807,0.609364449178));
#2906 = CARTESIAN_POINT('',(79.821099672463,0.609372779378));
#2907 = CARTESIAN_POINT('',(79.68061949279,0.60939050793));
#2908 = CARTESIAN_POINT('',(79.540224070368,0.609416596961));
#2909 = CARTESIAN_POINT('',(78.99791788451,0.609546574366));
#2910 = CARTESIAN_POINT('',(78.59657751949,0.609704766909));
#2911 = CARTESIAN_POINT('',(78.195698404078,0.609905153207));
#2912 = CARTESIAN_POINT('',(77.795203463359,0.610139018226));
#2913 = CARTESIAN_POINT('',(77.395023779423,0.610399032527));
#2914 = CARTESIAN_POINT('',(76.995112222908,0.610680679323));
#2915 = CARTESIAN_POINT('',(76.595421048913,0.610980056029));
#2916 = CARTESIAN_POINT('',(75.694595492382,0.611688462708));
#2917 = CARTESIAN_POINT('',(75.193580944053,0.61210597026));
#2918 = CARTESIAN_POINT('',(74.692792543489,0.612540880399));
#2919 = CARTESIAN_POINT('',(74.192183791147,0.612989168623));
#2920 = CARTESIAN_POINT('',(73.691718560688,0.61344771198));
#2921 = CARTESIAN_POINT('',(73.19136675835,0.613913949731));
#2922 = CARTESIAN_POINT('',(72.691103131538,0.614385797794));
#2923 = CARTESIAN_POINT('',(71.69016307736,0.615337637922));
#2924 = CARTESIAN_POINT('',(71.189488532561,0.61581763731));
#2925 = CARTESIAN_POINT('',(70.688860034338,0.616299665379));
#2926 = CARTESIAN_POINT('',(70.188260627922,0.616782236696));
#2927 = CARTESIAN_POINT('',(69.687676394058,0.617264084292));
#2928 = CARTESIAN_POINT('',(69.187095563028,0.617744096921));
#2929 = CARTESIAN_POINT('',(68.686507975737,0.61822128186));
#2930 = CARTESIAN_POINT('',(66.707585297212,0.620092950845));
#2931 = CARTESIAN_POINT('',(65.229135522101,0.62145874094));
#2932 = CARTESIAN_POINT('',(63.750329504114,0.622769329606));
#2933 = CARTESIAN_POINT('',(62.271062297289,0.624009165612));
#2934 = CARTESIAN_POINT('',(60.791284962124,0.625165821542));
#2935 = CARTESIAN_POINT('',(59.310984227891,0.626228922312));
#2936 = CARTESIAN_POINT('',(57.830178886775,0.627190208498));
#2937 = CARTESIAN_POINT('',(54.870457035248,0.628893808553));
#2938 = CARTESIAN_POINT('',(53.391547180835,0.62963654002));
#2939 = CARTESIAN_POINT('',(51.912216062391,0.630264259326));
#2940 = CARTESIAN_POINT('',(50.432527367984,0.63077174207));
#2941 = CARTESIAN_POINT('',(48.952560740741,0.63115514321));
#2942 = CARTESIAN_POINT('',(47.472405598331,0.631411906652));
#2943 = CARTESIAN_POINT('',(45.992155758703,0.631540737635));
#2944 = CARTESIAN_POINT('',(42.738401048281,0.631542716554));
#2945 = CARTESIAN_POINT('',(40.964897908697,0.631360150438));
#2946 = CARTESIAN_POINT('',(39.191555451727,0.630993938449));
#2947 = CARTESIAN_POINT('',(37.418535597898,0.630446674052));
#2948 = CARTESIAN_POINT('',(35.64598812904,0.62972363875));
#2949 = CARTESIAN_POINT('',(33.874039255539,0.628832759467));
#2950 = CARTESIAN_POINT('',(32.102776838487,0.627784813437));
#2951 = CARTESIAN_POINT('',(29.441610458938,0.625995398428));
#2952 = CARTESIAN_POINT('',(28.551175329414,0.625360452563));
#2953 = CARTESIAN_POINT('',(27.660924116205,0.62469126383));
#2954 = CARTESIAN_POINT('',(26.770856231529,0.623989922633));
#2955 = CARTESIAN_POINT('',(25.880966808383,0.623258780792));
#2956 = CARTESIAN_POINT('',(24.991245503756,0.622500508305));
#2957 = CARTESIAN_POINT('',(24.101674585334,0.621718198594));
#2958 = CARTESIAN_POINT('',(22.310978162574,0.620102197196));
#2959 = CARTESIAN_POINT('',(21.409859300101,0.619267961519));
#2960 = CARTESIAN_POINT('',(20.50883739942,0.618416666023));
#2961 = CARTESIAN_POINT('',(19.60787332845,0.617552698617));
#2962 = CARTESIAN_POINT('',(18.70691445886,0.616681452072));
#2963 = CARTESIAN_POINT('',(17.805892930158,0.615809403516));
#2964 = CARTESIAN_POINT('',(16.904714834919,0.614944855702));
#2965 = CARTESIAN_POINT('',(15.370166374948,0.613507373793));
#2966 = CARTESIAN_POINT('',(14.736969647657,0.61292428992));
#2967 = CARTESIAN_POINT('',(14.103569233406,0.612355417037));
#2968 = CARTESIAN_POINT('',(13.469890422328,0.611806496597));
#2969 = CARTESIAN_POINT('',(12.835858531268,0.611283922822));
#2970 = CARTESIAN_POINT('',(12.201355787569,0.610798553183));
#2971 = CARTESIAN_POINT('',(11.566253560831,0.610362680474));
#2972 = CARTESIAN_POINT('',(10.74145027339,0.609900225269));
#2973 = CARTESIAN_POINT('',(10.552594599106,0.609801368815));
#2974 = CARTESIAN_POINT('',(10.363650623826,0.609710270504));
#2975 = CARTESIAN_POINT('',(10.174608924708,0.609627871771));
#2976 = CARTESIAN_POINT('',(9.985459306123,0.60955528094));
#2977 = CARTESIAN_POINT('',(9.796189976129,0.609493853643));
#2978 = CARTESIAN_POINT('',(9.606785893405,0.60944535758));
#2979 = CARTESIAN_POINT('',(9.251941173315,0.609383328954));
#2980 = CARTESIAN_POINT('',(9.086546027648,0.609366110134));
#2981 = CARTESIAN_POINT('',(8.921019439427,0.609362231323));
#2982 = CARTESIAN_POINT('',(8.755343438305,0.609373604493));
#2983 = CARTESIAN_POINT('',(8.589498973392,0.609403008631));
#2984 = CARTESIAN_POINT('',(8.423466908745,0.609453934436));
#2985 = CARTESIAN_POINT('',(8.257222290726,0.609531271508));
#2986 = CARTESIAN_POINT('',(8.090709645161,0.60964445705));
#2987 = ( GEOMETRIC_REPRESENTATION_CONTEXT(2) 
PARAMETRIC_REPRESENTATION_CONTEXT() REPRESENTATION_CONTEXT('2D SPACE',''
  ) );
#2988 = PCURVE('',#2989,#2994);
#2989 = CYLINDRICAL_SURFACE('',#2990,2.25);
#2990 = AXIS2_PLACEMENT_3D('',#2991,#2992,#2993);
#2991 = CARTESIAN_POINT('',(-46.,60.,40.));
#2992 = DIRECTION('',(-1.,-0.,-0.));
#2993 = DIRECTION('',(0.,1.,0.));
#2994 = DEFINITIONAL_REPRESENTATION('',(#2995),#3250);
#2995 = B_SPLINE_CURVE_WITH_KNOTS('',8,(#2996,#2997,#2998,#2999,#3000,
    #3001,#3002,#3003,#3004,#3005,#3006,#3007,#3008,#3009,#3010,#3011,
    #3012,#3013,#3014,#3015,#3016,#3017,#3018,#3019,#3020,#3021,#3022,
    #3023,#3024,#3025,#3026,#3027,#3028,#3029,#3030,#3031,#3032,#3033,
    #3034,#3035,#3036,#3037,#3038,#3039,#3040,#3041,#3042,#3043,#3044,
    #3045,#3046,#3047,#3048,#3049,#3050,#3051,#3052,#3053,#3054,#3055,
    #3056,#3057,#3058,#3059,#3060,#3061,#3062,#3063,#3064,#3065,#3066,
    #3067,#3068,#3069,#3070,#3071,#3072,#3073,#3074,#3075,#3076,#3077,
    #3078,#3079,#3080,#3081,#3082,#3083,#3084,#3085,#3086,#3087,#3088,
    #3089,#3090,#3091,#3092,#3093,#3094,#3095,#3096,#3097,#3098,#3099,
    #3100,#3101,#3102,#3103,#3104,#3105,#3106,#3107,#3108,#3109,#3110,
    #3111,#3112,#3113,#3114,#3115,#3116,#3117,#3118,#3119,#3120,#3121,
    #3122,#3123,#3124,#3125,#3126,#3127,#3128,#3129,#3130,#3131,#3132,
    #3133,#3134,#3135,#3136,#3137,#3138,#3139,#3140,#3141,#3142,#3143,
    #3144,#3145,#3146,#3147,#3148,#3149,#3150,#3151,#3152,#3153,#3154,
    #3155,#3156,#3157,#3158,#3159,#3160,#3161,#3162,#3163,#3164,#3165,
    #3166,#3167,#3168,#3169,#3170,#3171,#3172,#3173,#3174,#3175,#3176,
    #3177,#3178,#3179,#3180,#3181,#3182,#3183,#3184,#3185,#3186,#3187,
    #3188,#3189,#3190,#3191,#3192,#3193,#3194,#3195,#3196,#3197,#3198,
    #3199,#3200,#3201,#3202,#3203,#3204,#3205,#3206,#3207,#3208,#3209,
    #3210,#3211,#3212,#3213,#3214,#3215,#3216,#3217,#3218,#3219,#3220,
    #3221,#3222,#3223,#3224,#3225,#3226,#3227,#3228,#3229,#3230,#3231,
    #3232,#3233,#3234,#3235,#3236,#3237,#3238,#3239,#3240,#3241,#3242,
    #3243,#3244,#3245,#3246,#3247,#3248,#3249),.UNSPECIFIED.,.F.,.F.,(9,
    7,7,7,7,7,7,7,7,7,7,7,7,7,7,7,7,7,7,7,7,7,7,7,7,7,7,7,7,7,7,7,7,7,7,
    7,9),(0.,2.007192858685E-03,4.352859058279E-03,6.374261703787E-03,
    1.183970103626E-02,1.803288928649E-02,2.533208484919E-02,
    4.216833562367E-02,6.510851695221E-02,8.844077774426E-02,
    0.141452055497,0.22096273471,0.298616085925,0.403786675342,
    0.457316334767,0.484372967573,0.511743230474,0.52857941367,
    0.532534849891,0.53932564515,0.541835055177,0.542006514889,
    0.542575272073,0.545972514074,0.552494655428,0.559385146312,
    0.579125051671,0.603894512553,0.628690890895,0.701916512468,
    0.775002424871,0.862567408808,0.906614025539,0.951244986207,
    0.982586563784,0.991888897929,1.),.UNSPECIFIED.);
#2996 = CARTESIAN_POINT('',(-1.63271161198,-71.22667420866));
#2997 = CARTESIAN_POINT('',(-1.641405485345,-71.30008675955));
#2998 = CARTESIAN_POINT('',(-1.650546763947,-71.37311672854));
#2999 = CARTESIAN_POINT('',(-1.6601522973,-71.44579349205));
#3000 = CARTESIAN_POINT('',(-1.670406541982,-71.51801261784));
#3001 = CARTESIAN_POINT('',(-1.681447831685,-71.58967393012));
#3002 = CARTESIAN_POINT('',(-1.693392868546,-71.66066690038));
#3003 = CARTESIAN_POINT('',(-1.706599435742,-71.73070336414));
#3004 = CARTESIAN_POINT('',(-1.740360444415,-71.87880822761));
#3005 = CARTESIAN_POINT('',(-1.758942073326,-71.94283888113));
#3006 = CARTESIAN_POINT('',(-1.776964898047,-71.98923435382));
#3007 = CARTESIAN_POINT('',(-1.794335290768,-72.01587583874));
#3008 = CARTESIAN_POINT('',(-1.81047875268,-72.02466791316));
#3009 = CARTESIAN_POINT('',(-1.823865894069,-72.02238331001));
#3010 = CARTESIAN_POINT('',(-1.832398957746,-72.01806543964));
#3011 = CARTESIAN_POINT('',(-1.83660640269,-72.01606073761));
#3012 = CARTESIAN_POINT('',(-1.838539007603,-72.01495604061));
#3013 = CARTESIAN_POINT('',(-1.84044540261,-72.01368541242));
#3014 = CARTESIAN_POINT('',(-1.842317080762,-72.01226356237));
#3015 = CARTESIAN_POINT('',(-1.844147959757,-72.01070749294));
#3016 = CARTESIAN_POINT('',(-1.845934015604,-72.00903492488));
#3017 = CARTESIAN_POINT('',(-1.847672916292,-72.00726272237));
#3018 = CARTESIAN_POINT('',(-1.853935051659,-72.00038329524));
#3019 = CARTESIAN_POINT('',(-1.858150077573,-71.99475708855));
#3020 = CARTESIAN_POINT('',(-1.862050290343,-71.98872976953));
#3021 = CARTESIAN_POINT('',(-1.865676072953,-71.98245477117));
#3022 = CARTESIAN_POINT('',(-1.869066634231,-71.97603588792));
#3023 = CARTESIAN_POINT('',(-1.87226000885,-71.96952727573));
#3024 = CARTESIAN_POINT('',(-1.875293057328,-71.96293345204));
#3025 = CARTESIAN_POINT('',(-1.881497143002,-71.94858978649));
#3026 = CARTESIAN_POINT('',(-1.902734701879,-71.90143343454));
#3027 = CARTESIAN_POINT('',(-1.924119107356,-71.82699965285));
#3028 = CARTESIAN_POINT('',(-1.942697611783,-71.73595774591));
#3029 = CARTESIAN_POINT('',(-1.959847118385,-71.63760533684));
#3030 = CARTESIAN_POINT('',(-1.975718012799,-71.53986627156));
#3031 = CARTESIAN_POINT('',(-1.988634462933,-71.44906799991));
#3032 = CARTESIAN_POINT('',(-2.012199610447,-71.27571897825));
#3033 = CARTESIAN_POINT('',(-2.02387736388,-71.18211705714));
#3034 = CARTESIAN_POINT('',(-2.034791733322,-71.08866227214));
#3035 = CARTESIAN_POINT('',(-2.045084941549,-70.99534562608));
#3036 = CARTESIAN_POINT('',(-2.054857967333,-70.90215921309));
#3037 = CARTESIAN_POINT('',(-2.064192689108,-70.80909245605));
#3038 = CARTESIAN_POINT('',(-2.073141278792,-70.71613378236));
#3039 = CARTESIAN_POINT('',(-2.101612646493,-70.40906018974));
#3040 = CARTESIAN_POINT('',(-2.119668160387,-70.19539367797));
#3041 = CARTESIAN_POINT('',(-2.136471178641,-69.98215597523));
#3042 = CARTESIAN_POINT('',(-2.152242139679,-69.76930867113));
#3043 = CARTESIAN_POINT('',(-2.167176099918,-69.55681307953));
#3044 = CARTESIAN_POINT('',(-2.181383751225,-69.34464321201));
#3045 = CARTESIAN_POINT('',(-2.19496441916,-69.13276925881));
#3046 = CARTESIAN_POINT('',(-2.225738569739,-68.63283392233));
#3047 = CARTESIAN_POINT('',(-2.242455964552,-68.34502119422));
#3048 = CARTESIAN_POINT('',(-2.258326861633,-68.05766998623));
#3049 = CARTESIAN_POINT('',(-2.273467699382,-67.7707464663));
#3050 = CARTESIAN_POINT('',(-2.287965143049,-67.48422414994));
#3051 = CARTESIAN_POINT('',(-2.301888220775,-67.19808022463));
#3052 = CARTESIAN_POINT('',(-2.315290194543,-66.91229490952));
#3053 = CARTESIAN_POINT('',(-2.341362673878,-66.33652501408));
#3054 = CARTESIAN_POINT('',(-2.354016628024,-66.04655424431));
#3055 = CARTESIAN_POINT('',(-2.366224459584,-65.75691908196));
#3056 = CARTESIAN_POINT('',(-2.378022688326,-65.46760470481));
#3057 = CARTESIAN_POINT('',(-2.389440866185,-65.17859831717));
#3058 = CARTESIAN_POINT('',(-2.400503773124,-64.88988840818));
#3059 = CARTESIAN_POINT('',(-2.411232673809,-64.60146432075));
#3060 = CARTESIAN_POINT('',(-2.44530405325,-63.65863873643));
#3061 = CARTESIAN_POINT('',(-2.467331686326,-63.00538803574));
#3062 = CARTESIAN_POINT('',(-2.487941065702,-62.35344780841));
#3063 = CARTESIAN_POINT('',(-2.507268423322,-61.70272751734));
#3064 = CARTESIAN_POINT('',(-2.525413792321,-61.05314743605));
#3065 = CARTESIAN_POINT('',(-2.542455001651,-60.40463331887));
#3066 = CARTESIAN_POINT('',(-2.558450957035,-59.75711506483));
#3067 = CARTESIAN_POINT('',(-2.59594580134,-58.14071304735));
#3068 = CARTESIAN_POINT('',(-2.61619819416,-57.17299299005));
#3069 = CARTESIAN_POINT('',(-2.634366919735,-56.2071361281));
#3070 = CARTESIAN_POINT('',(-2.650551242393,-55.24293290163));
#3071 = CARTESIAN_POINT('',(-2.664819485576,-54.28017972812));
#3072 = CARTESIAN_POINT('',(-2.677220880829,-53.3186746861));
#3073 = CARTESIAN_POINT('',(-2.687789404704,-52.35821654991));
#3074 = CARTESIAN_POINT('',(-2.705105315732,-50.4614052336));
#3075 = CARTESIAN_POINT('',(-2.711936154922,-49.52501501081));
#3076 = CARTESIAN_POINT('',(-2.717064859001,-48.58924477084));
#3077 = CARTESIAN_POINT('',(-2.720505034347,-47.65390807325));
#3078 = CARTESIAN_POINT('',(-2.722264131643,-46.71881880638));
#3079 = CARTESIAN_POINT('',(-2.722344989933,-45.78379073252));
#3080 = CARTESIAN_POINT('',(-2.720746023282,-44.84863722383));
#3081 = CARTESIAN_POINT('',(-2.713009659503,-42.64621345009));
#3082 = CARTESIAN_POINT('',(-2.705464989228,-41.37868759389));
#3083 = CARTESIAN_POINT('',(-2.694807427053,-40.11012481779));
#3084 = CARTESIAN_POINT('',(-2.681002873541,-38.84006159366));
#3085 = CARTESIAN_POINT('',(-2.663988650041,-37.5680347662));
#3086 = CARTESIAN_POINT('',(-2.643669748455,-36.29358244059));
#3087 = CARTESIAN_POINT('',(-2.619891107948,-35.01623521656));
#3088 = CARTESIAN_POINT('',(-2.57833607359,-33.08360553824));
#3089 = CARTESIAN_POINT('',(-2.563345542478,-32.4308486968));
#3090 = CARTESIAN_POINT('',(-2.547341033523,-31.77714376046));
#3091 = CARTESIAN_POINT('',(-2.530273255068,-31.12242164084));
#3092 = CARTESIAN_POINT('',(-2.512077977892,-30.46661013439));
#3093 = CARTESIAN_POINT('',(-2.492672870957,-29.80963266937));
#3094 = CARTESIAN_POINT('',(-2.471947059844,-29.15140427568));
#3095 = CARTESIAN_POINT('',(-2.438505887502,-28.15843409299));
#3096 = CARTESIAN_POINT('',(-2.426898026354,-27.8247014567));
#3097 = CARTESIAN_POINT('',(-2.414888653244,-27.49060980351));
#3098 = CARTESIAN_POINT('',(-2.402452205381,-27.15614471441));
#3099 = CARTESIAN_POINT('',(-2.389558663844,-26.82129069012));
#3100 = CARTESIAN_POINT('',(-2.376171844336,-26.48603055056));
#3101 = CARTESIAN_POINT('',(-2.362246307318,-26.15034436752));
#3102 = CARTESIAN_POINT('',(-2.333031117845,-25.47417512923));
#3103 = CARTESIAN_POINT('',(-2.317727836699,-25.13368550904));
#3104 = CARTESIAN_POINT('',(-2.301750313672,-24.79271011603));
#3105 = CARTESIAN_POINT('',(-2.285024833469,-24.45121949319));
#3106 = CARTESIAN_POINT('',(-2.267450075107,-24.10917885987));
#3107 = CARTESIAN_POINT('',(-2.248897866732,-23.76654812628));
#3108 = CARTESIAN_POINT('',(-2.229190869102,-23.42327502593));
#3109 = CARTESIAN_POINT('',(-2.194991966227,-22.86766271055));
#3110 = CARTESIAN_POINT('',(-2.181412477956,-22.6557904793));
#3111 = CARTESIAN_POINT('',(-2.167206148704,-22.44362237219));
#3112 = CARTESIAN_POINT('',(-2.152273700982,-22.23112859482));
#3113 = CARTESIAN_POINT('',(-2.136504474493,-22.01828316426));
#3114 = CARTESIAN_POINT('',(-2.119703537949,-21.80504741254));
#3115 = CARTESIAN_POINT('',(-2.101650535903,-21.59138293111));
#3116 = CARTESIAN_POINT('',(-2.077127806695,-21.32685425197));
#3117 = CARTESIAN_POINT('',(-2.072362487534,-21.27650054213));
#3118 = CARTESIAN_POINT('',(-2.067490866216,-21.22611638491));
#3119 = CARTESIAN_POINT('',(-2.062504837572,-21.17570046682));
#3120 = CARTESIAN_POINT('',(-2.057394423719,-21.12525132469));
#3121 = CARTESIAN_POINT('',(-2.052147774065,-21.0747673457));
#3122 = CARTESIAN_POINT('',(-2.046751165304,-21.02424676736));
#3123 = CARTESIAN_POINT('',(-2.031639734535,-20.8868865238));
#3124 = CARTESIAN_POINT('',(-2.021587922665,-20.8000609448));
#3125 = CARTESIAN_POINT('',(-2.011034420062,-20.71311907209));
#3126 = CARTESIAN_POINT('',(-1.999730952369,-20.62599737841));
#3127 = CARTESIAN_POINT('',(-1.987511060868,-20.53868128669));
#3128 = CARTESIAN_POINT('',(-1.974265829602,-20.4512017588));
#3129 = CARTESIAN_POINT('',(-1.959564395372,-20.36360786401));
#3130 = CARTESIAN_POINT('',(-1.935398807195,-20.24351020776));
#3131 = CARTESIAN_POINT('',(-1.923158286468,-20.18482812665));
#3132 = CARTESIAN_POINT('',(-1.917735834092,-20.16817950914));
#3133 = CARTESIAN_POINT('',(-1.909789042582,-20.13349935687));
#3134 = CARTESIAN_POINT('',(-1.897017898299,-20.08460258767));
#3135 = CARTESIAN_POINT('',(-1.882822755597,-20.0482405639));
#3136 = CARTESIAN_POINT('',(-1.865589649727,-20.00359072936));
#3137 = CARTESIAN_POINT('',(-1.837712327246,-19.98459646276));
#3138 = CARTESIAN_POINT('',(-1.835899074414,-19.98351477457));
#3139 = CARTESIAN_POINT('',(-1.834064621697,-19.98258176538));
#3140 = CARTESIAN_POINT('',(-1.832218299233,-19.98180880059));
#3141 = CARTESIAN_POINT('',(-1.830369710698,-19.98120278361));
#3142 = CARTESIAN_POINT('',(-1.828528786755,-19.98076588402));
#3143 = CARTESIAN_POINT('',(-1.826705838496,-19.98049526583));
#3144 = CARTESIAN_POINT('',(-1.818959892964,-19.98000980179));
#3145 = CARTESIAN_POINT('',(-1.813435248337,-19.98141759301));
#3146 = CARTESIAN_POINT('',(-1.80835526277,-19.98410268946));
#3147 = CARTESIAN_POINT('',(-1.803712024151,-19.98766718641));
#3148 = CARTESIAN_POINT('',(-1.799472122506,-19.99181877421));
#3149 = CARTESIAN_POINT('',(-1.795576649994,-19.99637073836));
#3150 = CARTESIAN_POINT('',(-1.791941200909,-20.00124195941));
#3151 = CARTESIAN_POINT('',(-1.767637661077,-20.03760633865));
#3152 = CARTESIAN_POINT('',(-1.752632273818,-20.07570141683));
#3153 = CARTESIAN_POINT('',(-1.741095838266,-20.11725091519));
#3154 = CARTESIAN_POINT('',(-1.731296158636,-20.15983666011));
#3155 = CARTESIAN_POINT('',(-1.722112715001,-20.20211353679));
#3156 = CARTESIAN_POINT('',(-1.713036663281,-20.24380948921));
#3157 = CARTESIAN_POINT('',(-1.704170835256,-20.28572552015));
#3158 = CARTESIAN_POINT('',(-1.68098414958,-20.4142279224));
#3159 = CARTESIAN_POINT('',(-1.667635748963,-20.50010835174));
#3160 = CARTESIAN_POINT('',(-1.655383355789,-20.58683051939));
#3161 = CARTESIAN_POINT('',(-1.644061300956,-20.67423817481));
#3162 = CARTESIAN_POINT('',(-1.633417073802,-20.76214329418));
#3163 = CARTESIAN_POINT('',(-1.623374632701,-20.85048151975));
#3164 = CARTESIAN_POINT('',(-1.613824819071,-20.93918721079));
#3165 = CARTESIAN_POINT('',(-1.595067455057,-21.12232446255));
#3166 = CARTESIAN_POINT('',(-1.585921805798,-21.2166680318));
#3167 = CARTESIAN_POINT('',(-1.577185432141,-21.31122512605));
#3168 = CARTESIAN_POINT('',(-1.568802307714,-21.40596299773));
#3169 = CARTESIAN_POINT('',(-1.560731226228,-21.50085752195));
#3170 = CARTESIAN_POINT('',(-1.552939072412,-21.59588979303));
#3171 = CARTESIAN_POINT('',(-1.545397840185,-21.69104462723));
#3172 = CARTESIAN_POINT('',(-1.517136685239,-22.05923036975));
#3173 = CARTESIAN_POINT('',(-1.498065520662,-22.33304974937));
#3174 = CARTESIAN_POINT('',(-1.480341488503,-22.60749100347));
#3175 = CARTESIAN_POINT('',(-1.463732192265,-22.88242229444));
#3176 = CARTESIAN_POINT('',(-1.448042496317,-23.15773637117));
#3177 = CARTESIAN_POINT('',(-1.433153515311,-23.43336850944));
#3178 = CARTESIAN_POINT('',(-1.418962662828,-23.70926804522));
#3179 = CARTESIAN_POINT('',(-1.388367043391,-24.3318949009));
#3180 = CARTESIAN_POINT('',(-1.372319806049,-24.67874396663));
#3181 = CARTESIAN_POINT('',(-1.357099443577,-25.02587129249));
#3182 = CARTESIAN_POINT('',(-1.34260419044,-25.37322230158));
#3183 = CARTESIAN_POINT('',(-1.328756838366,-25.72075518643));
#3184 = CARTESIAN_POINT('',(-1.31549544524,-26.0684366919));
#3185 = CARTESIAN_POINT('',(-1.302770991801,-26.41624098666));
#3186 = CARTESIAN_POINT('',(-1.278300116609,-27.11243168017));
#3187 = CARTESIAN_POINT('',(-1.266554833604,-27.46081710348));
#3188 = CARTESIAN_POINT('',(-1.255265292442,-27.80928182509));
#3189 = CARTESIAN_POINT('',(-1.244398779368,-28.15780832788));
#3190 = CARTESIAN_POINT('',(-1.233928492288,-28.50638222597));
#3191 = CARTESIAN_POINT('',(-1.22383180873,-28.85499148262));
#3192 = CARTESIAN_POINT('',(-1.214089253738,-29.2036259373));
#3193 = CARTESIAN_POINT('',(-1.176910221726,-30.58187109463));
#3194 = CARTESIAN_POINT('',(-1.152078835241,-31.61160727616));
#3195 = CARTESIAN_POINT('',(-1.129761409246,-32.64126923778));
#3196 = CARTESIAN_POINT('',(-1.109720329841,-33.67074308602));
#3197 = CARTESIAN_POINT('',(-1.091792611088,-34.69996452244));
#3198 = CARTESIAN_POINT('',(-1.075856927193,-35.72890261148));
#3199 = CARTESIAN_POINT('',(-1.061831969122,-36.75755717557));
#3200 = CARTESIAN_POINT('',(-1.037499386997,-38.81237416329));
#3201 = CARTESIAN_POINT('',(-1.027184936123,-39.83853434796));
#3202 = CARTESIAN_POINT('',(-1.018649104017,-40.86444359188));
#3203 = CARTESIAN_POINT('',(-1.011851813139,-41.89013576318));
#3204 = CARTESIAN_POINT('',(-1.006767213855,-42.91565711427));
#3205 = CARTESIAN_POINT('',(-1.003379097356,-43.94106174681));
#3206 = CARTESIAN_POINT('',(-1.001679020188,-44.96640770349));
#3207 = CARTESIAN_POINT('',(-1.001652907081,-47.22023126303));
#3208 = CARTESIAN_POINT('',(-1.004061922648,-48.44870732925));
#3209 = CARTESIAN_POINT('',(-1.008894350937,-49.67728304705));
#3210 = CARTESIAN_POINT('',(-1.016166212742,-50.90605897881));
#3211 = CARTESIAN_POINT('',(-1.025911701783,-52.13512484054));
#3212 = CARTESIAN_POINT('',(-1.038185653011,-53.36455120519));
#3213 = CARTESIAN_POINT('',(-1.053075539431,-54.59437861896));
#3214 = CARTESIAN_POINT('',(-1.079614049603,-56.44342083153));
#3215 = CARTESIAN_POINT('',(-1.089195873468,-57.0623412073));
#3216 = CARTESIAN_POINT('',(-1.099496965111,-57.6813598657));
#3217 = CARTESIAN_POINT('',(-1.110540963517,-58.30047236192));
#3218 = CARTESIAN_POINT('',(-1.122356506512,-58.91967029863));
#3219 = CARTESIAN_POINT('',(-1.134979049665,-59.53894038087));
#3220 = CARTESIAN_POINT('',(-1.148454024421,-60.15826288861));
#3221 = CARTESIAN_POINT('',(-1.177419515572,-61.40517280082));
#3222 = CARTESIAN_POINT('',(-1.192934262567,-62.03275856822));
#3223 = CARTESIAN_POINT('',(-1.209448880399,-62.66033913407));
#3224 = CARTESIAN_POINT('',(-1.22703988584,-63.28787667852));
#3225 = CARTESIAN_POINT('',(-1.245810074439,-63.91531730214));
#3226 = CARTESIAN_POINT('',(-1.265890945589,-64.54258960893));
#3227 = CARTESIAN_POINT('',(-1.287463262421,-65.16959528635));
#3228 = CARTESIAN_POINT('',(-1.327229697707,-66.23619036215));
#3229 = CARTESIAN_POINT('',(-1.344517018661,-66.67598198695));
#3230 = CARTESIAN_POINT('',(-1.362788048516,-67.11551097306));
#3231 = CARTESIAN_POINT('',(-1.382183781311,-67.55470747299));
#3232 = CARTESIAN_POINT('',(-1.402862456777,-67.99348477624));
#3233 = CARTESIAN_POINT('',(-1.425103678421,-68.43169158936));
#3234 = CARTESIAN_POINT('',(-1.449225561741,-68.86914843156));
#3235 = CARTESIAN_POINT('',(-1.483976992061,-69.43494610686));
#3236 = CARTESIAN_POINT('',(-1.492166446503,-69.56433934413));
#3237 = CARTESIAN_POINT('',(-1.500612251029,-69.6936190827));
#3238 = CARTESIAN_POINT('',(-1.509339600206,-69.82277200448));
#3239 = CARTESIAN_POINT('',(-1.518378180849,-69.95178189175));
#3240 = CARTESIAN_POINT('',(-1.527764363704,-70.08062857759));
#3241 = CARTESIAN_POINT('',(-1.537545695079,-70.20928579415));
#3242 = CARTESIAN_POINT('',(-1.556718119391,-70.44970336854));
#3243 = CARTESIAN_POINT('',(-1.565998190332,-70.56151223042));
#3244 = CARTESIAN_POINT('',(-1.575673270606,-70.67312495662));
#3245 = CARTESIAN_POINT('',(-1.585795083914,-70.78451466537));
#3246 = CARTESIAN_POINT('',(-1.596438552005,-70.89563811184));
#3247 = CARTESIAN_POINT('',(-1.607697571643,-71.00643793276));
#3248 = CARTESIAN_POINT('',(-1.619703686038,-71.11683306132));
#3249 = CARTESIAN_POINT('',(-1.63271161198,-71.22667420866));
#3250 = ( GEOMETRIC_REPRESENTATION_CONTEXT(2) 
PARAMETRIC_REPRESENTATION_CONTEXT() REPRESENTATION_CONTEXT('2D SPACE',''
  ) );
#3251 = ADVANCED_FACE('',(#3252,#3258),#265,.F.);
#3252 = FACE_BOUND('',#3253,.F.);
#3253 = EDGE_LOOP('',(#3254,#3255,#3256,#3257));
#3254 = ORIENTED_EDGE('',*,*,#249,.T.);
#3255 = ORIENTED_EDGE('',*,*,#2449,.T.);
#3256 = ORIENTED_EDGE('',*,*,#1311,.F.);
#3257 = ORIENTED_EDGE('',*,*,#587,.F.);
#3258 = FACE_BOUND('',#3259,.F.);
#3259 = EDGE_LOOP('',(#3260,#3299,#3333));
#3260 = ORIENTED_EDGE('',*,*,#3261,.F.);
#3261 = EDGE_CURVE('',#3262,#3264,#3266,.T.);
#3262 = VERTEX_POINT('',#3263);
#3263 = CARTESIAN_POINT('',(40.,61.491536072183,47.));
#3264 = VERTEX_POINT('',#3265);
#3265 = CARTESIAN_POINT('',(40.,53.,45.923362664892));
#3266 = SURFACE_CURVE('',#3267,(#3274,#3284),.PCURVE_S1.);
#3267 = B_SPLINE_CURVE_WITH_KNOTS('',5,(#3268,#3269,#3270,#3271,#3272,
    #3273),.UNSPECIFIED.,.F.,.F.,(6,6),(0.,1.),
  .PIECEWISE_BEZIER_KNOTS.);
#3268 = CARTESIAN_POINT('',(40.,61.491536072183,47.));
#3269 = CARTESIAN_POINT('',(40.,59.808166270524,46.810124271616));
#3270 = CARTESIAN_POINT('',(40.,58.117522502064,46.6084951057));
#3271 = CARTESIAN_POINT('',(40.,56.419370430298,46.394168427466));
#3272 = CARTESIAN_POINT('',(40.,54.713542543024,46.166131944005));
#3273 = CARTESIAN_POINT('',(40.,53.,45.923362664892));
#3274 = PCURVE('',#265,#3275);
#3275 = DEFINITIONAL_REPRESENTATION('',(#3276),#3283);
#3276 = B_SPLINE_CURVE_WITH_KNOTS('',5,(#3277,#3278,#3279,#3280,#3281,
    #3282),.UNSPECIFIED.,.F.,.F.,(6,6),(0.,1.),
  .PIECEWISE_BEZIER_KNOTS.);
#3277 = CARTESIAN_POINT('',(126.45590962943,0.3125));
#3278 = CARTESIAN_POINT('',(125.09582916168,0.324367233024));
#3279 = CARTESIAN_POINT('',(123.74639982373,0.336969055894));
#3280 = CARTESIAN_POINT('',(122.40833950533,0.350364473283));
#3281 = CARTESIAN_POINT('',(121.08239386542,0.3646167535));
#3282 = CARTESIAN_POINT('',(119.76924800676,0.379789833444));
#3283 = ( GEOMETRIC_REPRESENTATION_CONTEXT(2) 
PARAMETRIC_REPRESENTATION_CONTEXT() REPRESENTATION_CONTEXT('2D SPACE',''
  ) );
#3284 = PCURVE('',#3285,#3290);
#3285 = PLANE('',#3286);
#3286 = AXIS2_PLACEMENT_3D('',#3287,#3288,#3289);
#3287 = CARTESIAN_POINT('',(40.,53.,33.));
#3288 = DIRECTION('',(1.,0.,0.));
#3289 = DIRECTION('',(0.,0.,1.));
#3290 = DEFINITIONAL_REPRESENTATION('',(#3291),#3298);
#3291 = B_SPLINE_CURVE_WITH_KNOTS('',5,(#3292,#3293,#3294,#3295,#3296,
    #3297),.UNSPECIFIED.,.F.,.F.,(6,6),(0.,1.),
  .PIECEWISE_BEZIER_KNOTS.);
#3292 = CARTESIAN_POINT('',(14.,-8.491536072183));
#3293 = CARTESIAN_POINT('',(13.810124271616,-6.808166270524));
#3294 = CARTESIAN_POINT('',(13.6084951057,-5.117522502064));
#3295 = CARTESIAN_POINT('',(13.394168427466,-3.419370430298));
#3296 = CARTESIAN_POINT('',(13.166131944005,-1.713542543024));
#3297 = CARTESIAN_POINT('',(12.923362664892,0.));
#3298 = ( GEOMETRIC_REPRESENTATION_CONTEXT(2) 
PARAMETRIC_REPRESENTATION_CONTEXT() REPRESENTATION_CONTEXT('2D SPACE',''
  ) );
#3299 = ORIENTED_EDGE('',*,*,#3300,.T.);
#3300 = EDGE_CURVE('',#3262,#3301,#3303,.T.);
#3301 = VERTEX_POINT('',#3302);
#3302 = CARTESIAN_POINT('',(41.185688503749,53.,47.));
#3303 = SURFACE_CURVE('',#3304,(#3310,#3319),.PCURVE_S1.);
#3304 = B_SPLINE_CURVE_WITH_KNOTS('',4,(#3305,#3306,#3307,#3308,#3309),
  .UNSPECIFIED.,.F.,.F.,(5,5),(0.,1.),.PIECEWISE_BEZIER_KNOTS.);
#3305 = CARTESIAN_POINT('',(40.,61.491536072183,47.));
#3306 = CARTESIAN_POINT('',(40.32308275251,59.383325974843,47.));
#3307 = CARTESIAN_POINT('',(40.628944189697,57.264732500015,47.));
#3308 = CARTESIAN_POINT('',(40.916711894656,55.136644837708,47.));
#3309 = CARTESIAN_POINT('',(41.185688503749,53.,47.));
#3310 = PCURVE('',#265,#3311);
#3311 = DEFINITIONAL_REPRESENTATION('',(#3312),#3318);
#3312 = B_SPLINE_CURVE_WITH_KNOTS('',4,(#3313,#3314,#3315,#3316,#3317),
  .UNSPECIFIED.,.F.,.F.,(5,5),(0.,1.),.PIECEWISE_BEZIER_KNOTS.);
#3313 = CARTESIAN_POINT('',(126.45590962943,0.3125));
#3314 = CARTESIAN_POINT('',(123.88452871803,0.3125));
#3315 = CARTESIAN_POINT('',(121.31949699853,0.3125));
#3316 = CARTESIAN_POINT('',(118.76023567188,0.3125));
#3317 = CARTESIAN_POINT('',(116.20615414609,0.3125));
#3318 = ( GEOMETRIC_REPRESENTATION_CONTEXT(2) 
PARAMETRIC_REPRESENTATION_CONTEXT() REPRESENTATION_CONTEXT('2D SPACE',''
  ) );
#3319 = PCURVE('',#3320,#3325);
#3320 = PLANE('',#3321);
#3321 = AXIS2_PLACEMENT_3D('',#3322,#3323,#3324);
#3322 = CARTESIAN_POINT('',(40.,53.,47.));
#3323 = DIRECTION('',(0.,0.,1.));
#3324 = DIRECTION('',(1.,0.,0.));
#3325 = DEFINITIONAL_REPRESENTATION('',(#3326),#3332);
#3326 = B_SPLINE_CURVE_WITH_KNOTS('',4,(#3327,#3328,#3329,#3330,#3331),
  .UNSPECIFIED.,.F.,.F.,(5,5),(0.,1.),.PIECEWISE_BEZIER_KNOTS.);
#3327 = CARTESIAN_POINT('',(0.,8.491536072183));
#3328 = CARTESIAN_POINT('',(0.32308275251,6.383325974843));
#3329 = CARTESIAN_POINT('',(0.628944189697,4.264732500015));
#3330 = CARTESIAN_POINT('',(0.916711894656,2.136644837708));
#3331 = CARTESIAN_POINT('',(1.185688503749,0.));
#3332 = ( GEOMETRIC_REPRESENTATION_CONTEXT(2) 
PARAMETRIC_REPRESENTATION_CONTEXT() REPRESENTATION_CONTEXT('2D SPACE',''
  ) );
#3333 = ORIENTED_EDGE('',*,*,#3334,.T.);
#3334 = EDGE_CURVE('',#3301,#3264,#3335,.T.);
#3335 = SURFACE_CURVE('',#3336,(#3342,#3351),.PCURVE_S1.);
#3336 = B_SPLINE_CURVE_WITH_KNOTS('',4,(#3337,#3338,#3339,#3340,#3341),
  .UNSPECIFIED.,.F.,.F.,(5,5),(0.,1.),.PIECEWISE_BEZIER_KNOTS.);
#3337 = CARTESIAN_POINT('',(41.185688503749,53.,47.));
#3338 = CARTESIAN_POINT('',(40.904573462854,53.,46.717574480428));
#3339 = CARTESIAN_POINT('',(40.613115505217,53.,46.444178530689));
#3340 = CARTESIAN_POINT('',(40.311494703869,53.,46.179537529217));
#3341 = CARTESIAN_POINT('',(40.,53.,45.923362664892));
#3342 = PCURVE('',#265,#3343);
#3343 = DEFINITIONAL_REPRESENTATION('',(#3344),#3350);
#3344 = B_SPLINE_CURVE_WITH_KNOTS('',4,(#3345,#3346,#3347,#3348,#3349),
  .UNSPECIFIED.,.F.,.F.,(5,5),(0.,1.),.PIECEWISE_BEZIER_KNOTS.);
#3345 = CARTESIAN_POINT('',(116.20615414609,0.3125));
#3346 = CARTESIAN_POINT('',(117.09784171492,0.330151594973));
#3347 = CARTESIAN_POINT('',(117.98913992033,0.347238841832));
#3348 = CARTESIAN_POINT('',(118.87969912517,0.363778904424));
#3349 = CARTESIAN_POINT('',(119.76924800676,0.379789833444));
#3350 = ( GEOMETRIC_REPRESENTATION_CONTEXT(2) 
PARAMETRIC_REPRESENTATION_CONTEXT() REPRESENTATION_CONTEXT('2D SPACE',''
  ) );
#3351 = PCURVE('',#3352,#3357);
#3352 = PLANE('',#3353);
#3353 = AXIS2_PLACEMENT_3D('',#3354,#3355,#3356);
#3354 = CARTESIAN_POINT('',(40.,53.,33.));
#3355 = DIRECTION('',(0.,1.,0.));
#3356 = DIRECTION('',(0.,0.,1.));
#3357 = DEFINITIONAL_REPRESENTATION('',(#3358),#3364);
#3358 = B_SPLINE_CURVE_WITH_KNOTS('',4,(#3359,#3360,#3361,#3362,#3363),
  .UNSPECIFIED.,.F.,.F.,(5,5),(0.,1.),.PIECEWISE_BEZIER_KNOTS.);
#3359 = CARTESIAN_POINT('',(14.,1.185688503749));
#3360 = CARTESIAN_POINT('',(13.717574480428,0.904573462854));
#3361 = CARTESIAN_POINT('',(13.444178530689,0.613115505217));
#3362 = CARTESIAN_POINT('',(13.179537529217,0.311494703869));
#3363 = CARTESIAN_POINT('',(12.923362664892,0.));
#3364 = ( GEOMETRIC_REPRESENTATION_CONTEXT(2) 
PARAMETRIC_REPRESENTATION_CONTEXT() REPRESENTATION_CONTEXT('2D SPACE',''
  ) );
#3365 = ADVANCED_FACE('',(#3366),#340,.T.);
#3366 = FACE_BOUND('',#3367,.T.);
#3367 = EDGE_LOOP('',(#3368,#3388,#3389,#3409));
#3368 = ORIENTED_EDGE('',*,*,#3369,.F.);
#3369 = EDGE_CURVE('',#317,#1451,#3370,.T.);
#3370 = SURFACE_CURVE('',#3371,(#3374,#3381),.PCURVE_S1.);
#3371 = B_SPLINE_CURVE_WITH_KNOTS('',1,(#3372,#3373),.UNSPECIFIED.,.F.,
  .F.,(2,2),(0.,1.),.PIECEWISE_BEZIER_KNOTS.);
#3372 = CARTESIAN_POINT('',(-42.,-47.5,52.01));
#3373 = CARTESIAN_POINT('',(-20.06533446167,-33.44222410278,35.99));
#3374 = PCURVE('',#340,#3375);
#3375 = DEFINITIONAL_REPRESENTATION('',(#3376),#3380);
#3376 = LINE('',#3377,#3378);
#3377 = CARTESIAN_POINT('',(0.,0.));
#3378 = VECTOR('',#3379,1.);
#3379 = DIRECTION('',(0.,1.));
#3380 = ( GEOMETRIC_REPRESENTATION_CONTEXT(2) 
PARAMETRIC_REPRESENTATION_CONTEXT() REPRESENTATION_CONTEXT('2D SPACE',''
  ) );
#3381 = PCURVE('',#550,#3382);
#3382 = DEFINITIONAL_REPRESENTATION('',(#3383),#3387);
#3383 = LINE('',#3384,#3385);
#3384 = CARTESIAN_POINT('',(140.,0.));
#3385 = VECTOR('',#3386,1.);
#3386 = DIRECTION('',(0.,1.));
#3387 = ( GEOMETRIC_REPRESENTATION_CONTEXT(2) 
PARAMETRIC_REPRESENTATION_CONTEXT() REPRESENTATION_CONTEXT('2D SPACE',''
  ) );
#3388 = ORIENTED_EDGE('',*,*,#314,.F.);
#3389 = ORIENTED_EDGE('',*,*,#3390,.T.);
#3390 = EDGE_CURVE('',#315,#1383,#3391,.T.);
#3391 = SURFACE_CURVE('',#3392,(#3395,#3402),.PCURVE_S1.);
#3392 = B_SPLINE_CURVE_WITH_KNOTS('',1,(#3393,#3394),.UNSPECIFIED.,.F.,
  .F.,(2,2),(0.,1.),.PIECEWISE_BEZIER_KNOTS.);
#3393 = CARTESIAN_POINT('',(42.,-47.5,52.01));
#3394 = CARTESIAN_POINT('',(20.065334461674,-33.44222410278,35.99));
#3395 = PCURVE('',#340,#3396);
#3396 = DEFINITIONAL_REPRESENTATION('',(#3397),#3401);
#3397 = LINE('',#3398,#3399);
#3398 = CARTESIAN_POINT('',(84.,0.));
#3399 = VECTOR('',#3400,1.);
#3400 = DIRECTION('',(0.,1.));
#3401 = ( GEOMETRIC_REPRESENTATION_CONTEXT(2) 
PARAMETRIC_REPRESENTATION_CONTEXT() REPRESENTATION_CONTEXT('2D SPACE',''
  ) );
#3402 = PCURVE('',#392,#3403);
#3403 = DEFINITIONAL_REPRESENTATION('',(#3404),#3408);
#3404 = LINE('',#3405,#3406);
#3405 = CARTESIAN_POINT('',(0.,0.));
#3406 = VECTOR('',#3407,1.);
#3407 = DIRECTION('',(0.,1.));
#3408 = ( GEOMETRIC_REPRESENTATION_CONTEXT(2) 
PARAMETRIC_REPRESENTATION_CONTEXT() REPRESENTATION_CONTEXT('2D SPACE',''
  ) );
#3409 = ORIENTED_EDGE('',*,*,#1450,.T.);
#3410 = ADVANCED_FACE('',(#3411,#3436),#550,.T.);
#3411 = FACE_BOUND('',#3412,.T.);
#3412 = EDGE_LOOP('',(#3413,#3433,#3434,#3435));
#3413 = ORIENTED_EDGE('',*,*,#3414,.F.);
#3414 = EDGE_CURVE('',#473,#1519,#3415,.T.);
#3415 = SURFACE_CURVE('',#3416,(#3419,#3426),.PCURVE_S1.);
#3416 = B_SPLINE_CURVE_WITH_KNOTS('',1,(#3417,#3418),.UNSPECIFIED.,.F.,
  .F.,(2,2),(0.,1.),.PIECEWISE_BEZIER_KNOTS.);
#3417 = CARTESIAN_POINT('',(-42.,92.5,52.01));
#3418 = CARTESIAN_POINT('',(-20.06533446167,33.442224102789,35.99));
#3419 = PCURVE('',#550,#3420);
#3420 = DEFINITIONAL_REPRESENTATION('',(#3421),#3425);
#3421 = LINE('',#3422,#3423);
#3422 = CARTESIAN_POINT('',(0.,0.));
#3423 = VECTOR('',#3424,1.);
#3424 = DIRECTION('',(0.,1.));
#3425 = ( GEOMETRIC_REPRESENTATION_CONTEXT(2) 
PARAMETRIC_REPRESENTATION_CONTEXT() REPRESENTATION_CONTEXT('2D SPACE',''
  ) );
#3426 = PCURVE('',#496,#3427);
#3427 = DEFINITIONAL_REPRESENTATION('',(#3428),#3432);
#3428 = LINE('',#3429,#3430);
#3429 = CARTESIAN_POINT('',(84.,0.));
#3430 = VECTOR('',#3431,1.);
#3431 = DIRECTION('',(0.,1.));
#3432 = ( GEOMETRIC_REPRESENTATION_CONTEXT(2) 
PARAMETRIC_REPRESENTATION_CONTEXT() REPRESENTATION_CONTEXT('2D SPACE',''
  ) );
#3433 = ORIENTED_EDGE('',*,*,#526,.F.);
#3434 = ORIENTED_EDGE('',*,*,#3369,.T.);
#3435 = ORIENTED_EDGE('',*,*,#1518,.T.);
#3436 = FACE_BOUND('',#3437,.T.);
#3437 = EDGE_LOOP('',(#3438));
#3438 = ORIENTED_EDGE('',*,*,#3439,.T.);
#3439 = EDGE_CURVE('',#3440,#3440,#3442,.T.);
#3440 = VERTEX_POINT('',#3441);
#3441 = CARTESIAN_POINT('',(-31.53831094921,-27.75,40.));
#3442 = SURFACE_CURVE('',#3443,(#3579,#3762),.PCURVE_S1.);
#3443 = B_SPLINE_CURVE_WITH_KNOTS('',8,(#3444,#3445,#3446,#3447,#3448,
    #3449,#3450,#3451,#3452,#3453,#3454,#3455,#3456,#3457,#3458,#3459,
    #3460,#3461,#3462,#3463,#3464,#3465,#3466,#3467,#3468,#3469,#3470,
    #3471,#3472,#3473,#3474,#3475,#3476,#3477,#3478,#3479,#3480,#3481,
    #3482,#3483,#3484,#3485,#3486,#3487,#3488,#3489,#3490,#3491,#3492,
    #3493,#3494,#3495,#3496,#3497,#3498,#3499,#3500,#3501,#3502,#3503,
    #3504,#3505,#3506,#3507,#3508,#3509,#3510,#3511,#3512,#3513,#3514,
    #3515,#3516,#3517,#3518,#3519,#3520,#3521,#3522,#3523,#3524,#3525,
    #3526,#3527,#3528,#3529,#3530,#3531,#3532,#3533,#3534,#3535,#3536,
    #3537,#3538,#3539,#3540,#3541,#3542,#3543,#3544,#3545,#3546,#3547,
    #3548,#3549,#3550,#3551,#3552,#3553,#3554,#3555,#3556,#3557,#3558,
    #3559,#3560,#3561,#3562,#3563,#3564,#3565,#3566,#3567,#3568,#3569,
    #3570,#3571,#3572,#3573,#3574,#3575,#3576,#3577,#3578),
  .UNSPECIFIED.,.T.,.F.,(9,7,7,7,7,7,7,7,7,7,7,7,7,7,7,7,7,7,7,9),(0.,
    6.999923148254E-02,0.129280391667,0.321048276157,0.425395317361,
    0.531357340246,0.605606996031,0.644392205417,0.676204802566,
    0.71073736075,0.805286399905,0.919836438178,1.,1.190399760269,
    1.330355755765,1.375172355404,1.409241402874,1.445756130797,
    1.468984891811,1.493323187867),.UNSPECIFIED.);
#3444 = CARTESIAN_POINT('',(-31.53831094921,-27.75,40.));
#3445 = CARTESIAN_POINT('',(-31.44069252179,-27.75,39.8980538722));
#3446 = CARTESIAN_POINT('',(-31.34269957093,-27.75527910184,
    39.79898807449));
#3447 = CARTESIAN_POINT('',(-31.24471140548,-27.76531475089,
    39.703071323973));
#3448 = CARTESIAN_POINT('',(-31.14703425456,-27.77959798707,
    39.610465404958));
#3449 = CARTESIAN_POINT('',(-31.04990432725,-27.79765398982,
    39.521242233686));
#3450 = CARTESIAN_POINT('',(-30.95348980861,-27.81905701446,
    39.435399505672));
#3451 = CARTESIAN_POINT('',(-30.85789179159,-27.84343971997,
    39.352874925666));
#3452 = CARTESIAN_POINT('',(-30.68290397286,-27.89341114449,
    39.206387727139));
#3453 = CARTESIAN_POINT('',(-30.60329499034,-27.91823737261,
    39.141535481231));
#3454 = CARTESIAN_POINT('',(-30.5243492968,-27.94478585093,
    39.078943900599));
#3455 = CARTESIAN_POINT('',(-30.44609136353,-27.97288926576,
    39.018551041541));
#3456 = CARTESIAN_POINT('',(-30.36853766702,-28.00240123695,
    38.960291931121));
#3457 = CARTESIAN_POINT('',(-30.2916963221,-28.03319484337,
    38.904099099716));
#3458 = CARTESIAN_POINT('',(-30.21556671494,-28.06516114841,
    38.849903113563));
#3459 = CARTESIAN_POINT('',(-29.89613940417,-28.20510968487,
    38.628545517073));
#3460 = CARTESIAN_POINT('',(-29.6598571158,-28.323154617,38.479869623152
    ));
#3461 = CARTESIAN_POINT('',(-29.43056873292,-28.44933163439,
    38.348860573831));
#3462 = CARTESIAN_POINT('',(-29.20814343446,-28.58196196676,
    38.233877275929));
#3463 = CARTESIAN_POINT('',(-28.99248572056,-28.71987804314,
    38.133522131353));
#3464 = CARTESIAN_POINT('',(-28.78361179148,-28.86250040754,
    38.046817258045));
#3465 = CARTESIAN_POINT('',(-28.58154113915,-29.00964948237,
    37.973039390284));
#3466 = CARTESIAN_POINT('',(-28.28034069176,-29.24451437134,
    37.878751502439));
#3467 = CARTESIAN_POINT('',(-28.17637261626,-29.32866969536,
    37.849320638765));
#3468 = CARTESIAN_POINT('',(-28.07464017883,-29.41424871836,
    37.823649375474));
#3469 = CARTESIAN_POINT('',(-27.97525715599,-29.50130722301,
    37.801752698443));
#3470 = CARTESIAN_POINT('',(-27.87838220888,-29.58992276208,
    37.783689127136));
#3471 = CARTESIAN_POINT('',(-27.78422668324,-29.68020185109,
    37.769567327287));
#3472 = CARTESIAN_POINT('',(-27.69307450022,-29.7722966648,
    37.75956614753));
#3473 = CARTESIAN_POINT('',(-27.51619550702,-29.96202273342,
    37.748283371022));
#3474 = CARTESIAN_POINT('',(-27.43072243889,-30.059560494,
    37.747149388614));
#3475 = CARTESIAN_POINT('',(-27.34914340506,-30.15941369184,
    37.750826086206));
#3476 = CARTESIAN_POINT('',(-27.27198551148,-30.26192758972,
    37.759748127118));
#3477 = CARTESIAN_POINT('',(-27.20001043383,-30.36741714763,
    37.774475100614));
#3478 = CARTESIAN_POINT('',(-27.13440803238,-30.47626263855,
    37.795855767993));
#3479 = CARTESIAN_POINT('',(-27.07667712836,-30.5888627783,
    37.824917055727));
#3480 = CARTESIAN_POINT('',(-26.996414399,-30.78824475925,
    37.890816341543));
#3481 = CARTESIAN_POINT('',(-26.96866996991,-30.87229306121,
    37.922599918487));
#3482 = CARTESIAN_POINT('',(-26.94694513972,-30.95887015582,
    37.959753729758));
#3483 = CARTESIAN_POINT('',(-26.93251905697,-31.04822688548,
    38.003159609964));
#3484 = CARTESIAN_POINT('',(-26.92724379858,-31.1402207583,
    38.05381511957));
#3485 = CARTESIAN_POINT('',(-26.93331302523,-31.23430268336,
    38.112671872236));
#3486 = CARTESIAN_POINT('',(-26.95329014188,-31.32946763151,
    38.180676680041));
#3487 = CARTESIAN_POINT('',(-27.0075691964,-31.47344460613,
    38.298373568269));
#3488 = CARTESIAN_POINT('',(-27.03044058679,-31.52260430032,
    38.341231285209));
#3489 = CARTESIAN_POINT('',(-27.05768412482,-31.5710134038,
    38.386348432824));
#3490 = CARTESIAN_POINT('',(-27.08926663544,-31.61822282318,
    38.433455418316));
#3491 = CARTESIAN_POINT('',(-27.12499326256,-31.66384347235,
    38.482225492314));
#3492 = CARTESIAN_POINT('',(-27.16451033542,-31.70754685762,
    38.532274754596));
#3493 = CARTESIAN_POINT('',(-27.20731429135,-31.74906517849,
    38.583163144525));
#3494 = CARTESIAN_POINT('',(-27.29004781808,-31.82028287361,
    38.676419224815));
#3495 = CARTESIAN_POINT('',(-27.32916546105,-31.85081213055,
    38.718735675909));
#3496 = CARTESIAN_POINT('',(-27.36985873709,-31.87972763324,
    38.761167632875));
#3497 = CARTESIAN_POINT('',(-27.41187501087,-31.90702647323,
    38.803569000764));
#3498 = CARTESIAN_POINT('',(-27.45498330569,-31.93273817324,
    38.845824165464));
#3499 = CARTESIAN_POINT('',(-27.49898395935,-31.95691287208,
    38.887846909657));
#3500 = CARTESIAN_POINT('',(-27.54371448863,-31.97961343629,
    38.92957980551));
#3501 = CARTESIAN_POINT('',(-27.63826514148,-32.02403053443,
    39.015949262697));
#3502 = CARTESIAN_POINT('',(-27.68818162706,-32.04549141137,
    39.060518175537));
#3503 = CARTESIAN_POINT('',(-27.7386481176,-32.06538862417,
    39.104668582462));
#3504 = CARTESIAN_POINT('',(-27.78953507108,-32.08381172285,
    39.148377984305));
#3505 = CARTESIAN_POINT('',(-27.84073615354,-32.10084522007,
    39.191633907528));
#3506 = CARTESIAN_POINT('',(-27.89216798768,-32.11656849853,
    39.234434188842));
#3507 = CARTESIAN_POINT('',(-27.94376990153,-32.13105571842,
    39.276787259815));
#3508 = CARTESIAN_POINT('',(-28.13714909859,-32.18084547588,
    39.433502209819));
#3509 = CARTESIAN_POINT('',(-28.27953547657,-32.20850122703,
    39.544883651864));
#3510 = CARTESIAN_POINT('',(-28.42197430161,-32.22882705146,
    39.653351647148));
#3511 = CARTESIAN_POINT('',(-28.56393775606,-32.24265766457,
    39.759091185811));
#3512 = CARTESIAN_POINT('',(-28.70506181576,-32.25068988895,
    39.862289873994));
#3513 = CARTESIAN_POINT('',(-28.84514665084,-32.25342049564,
    39.963115488875));
#3514 = CARTESIAN_POINT('',(-28.98414759244,-32.25124221551,
    40.061780363356));
#3515 = CARTESIAN_POINT('',(-29.28939809285,-32.23612763678,
    40.27575900839));
#3516 = CARTESIAN_POINT('',(-29.45488818783,-32.22102867121,
    40.38996713192));
#3517 = CARTESIAN_POINT('',(-29.61853361745,-32.19962131185,
    40.501406366309));
#3518 = CARTESIAN_POINT('',(-29.78019120458,-32.17222292779,
    40.610180503954));
#3519 = CARTESIAN_POINT('',(-29.93971486174,-32.13905420295,
    40.716327255315));
#3520 = CARTESIAN_POINT('',(-30.09696485488,-32.1002685601,
    40.819843397486));
#3521 = CARTESIAN_POINT('',(-30.25180733124,-32.05595244025,
    40.920687165471));
#3522 = CARTESIAN_POINT('',(-30.51070176808,-31.97127079665,
    41.087437292295));
#3523 = CARTESIAN_POINT('',(-30.61602675222,-31.93371958372,
    41.154731057202));
#3524 = CARTESIAN_POINT('',(-30.72003476988,-31.89349510805,
    41.220635216307));
#3525 = CARTESIAN_POINT('',(-30.82266224589,-31.85060354785,
    41.285104174063));
#3526 = CARTESIAN_POINT('',(-30.92383751623,-31.80504375547,
    41.348079404099));
#3527 = CARTESIAN_POINT('',(-31.02348116697,-31.75680828275,
    41.409489747057));
#3528 = CARTESIAN_POINT('',(-31.1215063733,-31.7058844064,41.46925170841
    ));
#3529 = CARTESIAN_POINT('',(-31.44657587092,-31.52487811678,
    41.665070799019));
#3530 = CARTESIAN_POINT('',(-31.66536914463,-31.38240662833,
    41.79285016047));
#3531 = CARTESIAN_POINT('',(-31.87336395626,-31.22446711097,
    41.909598704792));
#3532 = CARTESIAN_POINT('',(-32.06891217673,-31.05064321158,
    42.013508513301));
#3533 = CARTESIAN_POINT('',(-32.2497762091,-30.86074661667,
    42.102160267467));
#3534 = CARTESIAN_POINT('',(-32.4130724885,-30.65489955534,
    42.172345357965));
#3535 = CARTESIAN_POINT('',(-32.55558536573,-30.43384070902,
    42.220372556007));
#3536 = CARTESIAN_POINT('',(-32.75958431337,-30.02568550928,
    42.256540482836));
#3537 = CARTESIAN_POINT('',(-32.83228499473,-29.84560462328,
    42.257131582613));
#3538 = CARTESIAN_POINT('',(-32.88977710949,-29.65878028568,
    42.241145090765));
#3539 = CARTESIAN_POINT('',(-32.92993056988,-29.46642587825,
    42.206284947398));
#3540 = CARTESIAN_POINT('',(-32.95034693863,-29.27067680722,
    42.150126696091));
#3541 = CARTESIAN_POINT('',(-32.94867034281,-29.07463355389,
    42.070474547858));
#3542 = CARTESIAN_POINT('',(-32.92279176923,-28.88229049297,
    41.965730079447));
#3543 = CARTESIAN_POINT('',(-32.85429162205,-28.63941354717,
    41.793466101945));
#3544 = CARTESIAN_POINT('',(-32.83502582533,-28.58141792787,
    41.749083673344));
#3545 = CARTESIAN_POINT('',(-32.81306658855,-28.52451660758,
    41.702109655744));
#3546 = CARTESIAN_POINT('',(-32.78838462688,-28.46889820949,
    41.652573733877));
#3547 = CARTESIAN_POINT('',(-32.76096583221,-28.41475760431,
    41.600530128695));
#3548 = CARTESIAN_POINT('',(-32.73081504494,-28.36229277127,
    41.546061835467));
#3549 = CARTESIAN_POINT('',(-32.69796149238,-28.31170078923,
    41.489286042858));
#3550 = CARTESIAN_POINT('',(-32.63548256058,-28.22628267647,
    41.385566411389));
#3551 = CARTESIAN_POINT('',(-32.60697026752,-28.19058240924,
    41.339526421948));
#3552 = CARTESIAN_POINT('',(-32.57695715656,-28.15615841654,
    41.292312492261));
#3553 = CARTESIAN_POINT('',(-32.54547896812,-28.12309059911,
    41.24400517475));
#3554 = CARTESIAN_POINT('',(-32.51257989259,-28.09145167116,
    41.194694191619));
#3555 = CARTESIAN_POINT('',(-32.47831342202,-28.06130633333,
    41.144478779777));
#3556 = CARTESIAN_POINT('',(-32.44274320178,-28.03271044563,
    41.093468035764));
#3557 = CARTESIAN_POINT('',(-32.36650288687,-27.97677171565,
    40.986384099042));
#3558 = CARTESIAN_POINT('',(-32.32564426253,-27.94966198589,
    40.930202271038));
#3559 = CARTESIAN_POINT('',(-32.28346113197,-27.92443933895,
    40.873384347916));
#3560 = CARTESIAN_POINT('',(-32.24005177671,-27.90114187631,
    40.816078688013));
#3561 = CARTESIAN_POINT('',(-32.19551912074,-27.87978912908,
    40.758432553478));
#3562 = CARTESIAN_POINT('',(-32.14997021408,-27.8603837139,
    40.700591227006));
#3563 = CARTESIAN_POINT('',(-32.10351571644,-27.84291298899,
    40.64269712857));
#3564 = CARTESIAN_POINT('',(-32.02621373211,-27.81745080176,
    40.54811437964));
#3565 = CARTESIAN_POINT('',(-31.99583557313,-27.80832250347,
    40.511372043618));
#3566 = CARTESIAN_POINT('',(-31.96516279671,-27.79995870657,
    40.474695986419));
#3567 = CARTESIAN_POINT('',(-31.93422254236,-27.79234985799,
    40.438118190106));
#3568 = CARTESIAN_POINT('',(-31.90304111908,-27.78548429324,
    40.401668557378));
#3569 = CARTESIAN_POINT('',(-31.87164392816,-27.77934856938,
    40.365374912492));
#3570 = CARTESIAN_POINT('',(-31.84005538594,-27.77392779808,
    40.329263002172));
#3571 = CARTESIAN_POINT('',(-31.77502543803,-27.76425861869,
    40.255734896135));
#3572 = CARTESIAN_POINT('',(-31.74156728033,-27.76007852339,
    40.218338432598));
#3573 = CARTESIAN_POINT('',(-31.70795122991,-27.75664724883,
    40.181194321268));
#3574 = CARTESIAN_POINT('',(-31.67420127815,-27.75394486791,
    40.14432557585));
#3575 = CARTESIAN_POINT('',(-31.64034217456,-27.75195059756,
    40.10775504937));
#3576 = CARTESIAN_POINT('',(-31.60639388073,-27.75064290279,
    40.071499659353));
#3577 = CARTESIAN_POINT('',(-31.57237763638,-27.74999999999,
    40.035576959372));
#3578 = CARTESIAN_POINT('',(-31.53831094921,-27.75,40.));
#3579 = PCURVE('',#550,#3580);
#3580 = DEFINITIONAL_REPRESENTATION('',(#3581),#3761);
#3581 = B_SPLINE_CURVE_WITH_KNOTS('',3,(#3582,#3583,#3584,#3585,#3586,
    #3587,#3588,#3589,#3590,#3591,#3592,#3593,#3594,#3595,#3596,#3597,
    #3598,#3599,#3600,#3601,#3602,#3603,#3604,#3605,#3606,#3607,#3608,
    #3609,#3610,#3611,#3612,#3613,#3614,#3615,#3616,#3617,#3618,#3619,
    #3620,#3621,#3622,#3623,#3624,#3625,#3626,#3627,#3628,#3629,#3630,
    #3631,#3632,#3633,#3634,#3635,#3636,#3637,#3638,#3639,#3640,#3641,
    #3642,#3643,#3644,#3645,#3646,#3647,#3648,#3649,#3650,#3651,#3652,
    #3653,#3654,#3655,#3656,#3657,#3658,#3659,#3660,#3661,#3662,#3663,
    #3664,#3665,#3666,#3667,#3668,#3669,#3670,#3671,#3672,#3673,#3674,
    #3675,#3676,#3677,#3678,#3679,#3680,#3681,#3682,#3683,#3684,#3685,
    #3686,#3687,#3688,#3689,#3690,#3691,#3692,#3693,#3694,#3695,#3696,
    #3697,#3698,#3699,#3700,#3701,#3702,#3703,#3704,#3705,#3706,#3707,
    #3708,#3709,#3710,#3711,#3712,#3713,#3714,#3715,#3716,#3717,#3718,
    #3719,#3720,#3721,#3722,#3723,#3724,#3725,#3726,#3727,#3728,#3729,
    #3730,#3731,#3732,#3733,#3734,#3735,#3736,#3737,#3738,#3739,#3740,
    #3741,#3742,#3743,#3744,#3745,#3746,#3747,#3748,#3749,#3750,#3751,
    #3752,#3753,#3754,#3755,#3756,#3757,#3758,#3759,#3760),
  .UNSPECIFIED.,.T.,.F.,(4,1,1,1,1,1,1,1,1,1,1,1,1,1,1,1,1,1,1,1,1,1,1,1
    ,1,1,1,1,1,1,1,1,1,1,1,1,1,1,1,1,1,1,1,1,1,1,1,1,1,1,1,1,1,1,1,1,1,1
    ,1,1,1,1,1,1,1,1,1,1,1,1,1,1,1,1,1,1,1,1,1,1,1,1,1,1,1,1,1,1,1,1,1,1
    ,1,1,1,1,1,1,1,1,1,1,1,1,1,1,1,1,1,1,1,1,1,1,1,1,1,1,1,1,1,1,1,1,1,1
    ,1,1,1,1,1,1,1,1,1,1,1,1,1,1,1,1,1,1,1,1,1,1,1,1,1,1,1,1,1,1,1,1,1,1
    ,1,1,1,1,1,1,1,1,1,1,1,1,1,1,1,1,4),(0.,8.484790840154E-03,
    1.696958168031E-02,2.545437252046E-02,3.393916336062E-02,
    4.242395420077E-02,5.090874504092E-02,5.939353588108E-02,
    6.787832672123E-02,7.636311756139E-02,8.484790840154E-02,
    9.333269924169E-02,0.101817490082,0.110302280922,0.118787071762,
    0.127271862602,0.135756653442,0.144241444283,0.152726235123,
    0.161211025963,0.169695816803,0.178180607643,0.186665398483,
    0.195150189324,0.203634980164,0.212119771004,0.220604561844,
    0.229089352684,0.237574143524,0.246058934364,0.254543725205,
    0.263028516045,0.271513306885,0.279998097725,0.288482888565,
    0.296967679405,0.305452470246,0.313937261086,0.322422051926,
    0.330906842766,0.339391633606,0.347876424446,0.356361215286,
    0.364846006127,0.373330796967,0.381815587807,0.390300378647,
    0.398785169487,0.407269960327,0.415754751168,0.424239542008,
    0.432724332848,0.441209123688,0.449693914528,0.458178705368,
    0.466663496208,0.475148287049,0.483633077889,0.492117868729,
    0.500602659569,0.509087450409,0.517572241249,0.52605703209,
    0.53454182293,0.54302661377,0.55151140461,0.55999619545,
    0.56848098629,0.57696577713,0.585450567971,0.593935358811,
    0.602420149651,0.610904940491,0.619389731331,0.627874522171,
    0.636359313012,0.644844103852,0.653328894692,0.661813685532,
    0.670298476372,0.678783267212,0.687268058052,0.695752848893,
    0.704237639733,0.712722430573,0.721207221413,0.729692012253,
    0.738176803093,0.746661593934,0.755146384774,0.763631175614,
    0.772115966454,0.780600757294,0.789085548134,0.797570338974,
    0.806055129815,0.814539920655,0.823024711495,0.831509502335,
    0.839994293175,0.848479084015,0.856963874856,0.865448665696,
    0.873933456536,0.882418247376,0.890903038216,0.899387829056,
    0.907872619896,0.916357410737,0.924842201577,0.933326992417,
    0.941811783257,0.950296574097,0.958781364937,0.967266155778,
    0.975750946618,0.984235737458,0.992720528298,1.001205319138,
    1.009690109978,1.018174900818,1.026659691659,1.035144482499,
    1.043629273339,1.052114064179,1.060598855019,1.069083645859,
    1.0775684367,1.08605322754,1.09453801838,1.10302280922,1.11150760006
    ,1.1199923909,1.12847718174,1.136961972581,1.145446763421,
    1.153931554261,1.162416345101,1.170901135941,1.179385926781,
    1.187870717622,1.196355508462,1.204840299302,1.213325090142,
    1.221809880982,1.230294671822,1.238779462662,1.247264253503,
    1.255749044343,1.264233835183,1.272718626023,1.281203416863,
    1.289688207703,1.298172998544,1.306657789384,1.315142580224,
    1.323627371064,1.332112161904,1.340596952744,1.349081743584,
    1.357566534425,1.366051325265,1.374536116105,1.383020906945,
    1.391505697785,1.399990488625,1.408475279466,1.416960070306,
    1.425444861146,1.433929651986,1.442414442826,1.450899233666,
    1.459384024506,1.467868815347,1.476353606187,1.484838397027,
    1.493323187867),.QUASI_UNIFORM_KNOTS.);
#3582 = CARTESIAN_POINT('',(122.19385136839,0.749687890137));
#3583 = CARTESIAN_POINT('',(122.20337946005,0.751745028477));
#3584 = CARTESIAN_POINT('',(122.22491687697,0.755809293313));
#3585 = CARTESIAN_POINT('',(122.26420746596,0.761749224041));
#3586 = CARTESIAN_POINT('',(122.31001905023,0.767525435306));
#3587 = CARTESIAN_POINT('',(122.36190297059,0.77313355097));
#3588 = CARTESIAN_POINT('',(122.41942708661,0.778570860027));
#3589 = CARTESIAN_POINT('',(122.48218179892,0.783836430407));
#3590 = CARTESIAN_POINT('',(122.54978423743,0.788930856069));
#3591 = CARTESIAN_POINT('',(122.62188326153,0.79385617878));
#3592 = CARTESIAN_POINT('',(122.69816057207,0.798615519181));
#3593 = CARTESIAN_POINT('',(122.77830338269,0.803211312467));
#3594 = CARTESIAN_POINT('',(122.86204177544,0.807647592849));
#3595 = CARTESIAN_POINT('',(122.94912156429,0.811928199859));
#3596 = CARTESIAN_POINT('',(123.03931076041,0.816057188871));
#3597 = CARTESIAN_POINT('',(123.13239668814,0.820038663035));
#3598 = CARTESIAN_POINT('',(123.22819028588,0.823876952968));
#3599 = CARTESIAN_POINT('',(123.32651079222,0.827575990489));
#3600 = CARTESIAN_POINT('',(123.42716475035,0.831138719871));
#3601 = CARTESIAN_POINT('',(123.53002874456,0.834570044807));
#3602 = CARTESIAN_POINT('',(123.63497474955,0.837873968799));
#3603 = CARTESIAN_POINT('',(123.74188703285,0.841054334786));
#3604 = CARTESIAN_POINT('',(123.85065677797,0.844114673118));
#3605 = CARTESIAN_POINT('',(123.9611828121,0.847058280607));
#3606 = CARTESIAN_POINT('',(124.07337081544,0.849888230844));
#3607 = CARTESIAN_POINT('',(124.18713303836,0.852607397077));
#3608 = CARTESIAN_POINT('',(124.30238796872,0.855218466686));
#3609 = CARTESIAN_POINT('',(124.41906008558,0.857723953644));
#3610 = CARTESIAN_POINT('',(124.53707965121,0.860126207901));
#3611 = CARTESIAN_POINT('',(124.65638254463,0.862427422526));
#3612 = CARTESIAN_POINT('',(124.77691012743,0.864629638844));
#3613 = CARTESIAN_POINT('',(124.89860913916,0.866734749855));
#3614 = CARTESIAN_POINT('',(125.02143161468,0.868744502077));
#3615 = CARTESIAN_POINT('',(125.1453348369,0.870660496063));
#3616 = CARTESIAN_POINT('',(125.27028126829,0.872484185043));
#3617 = CARTESIAN_POINT('',(125.39623867087,0.874216873747));
#3618 = CARTESIAN_POINT('',(125.52317963786,0.87585970939));
#3619 = CARTESIAN_POINT('',(125.65108344833,0.877413694007));
#3620 = CARTESIAN_POINT('',(125.77992939685,0.878879608126));
#3621 = CARTESIAN_POINT('',(125.90972210753,0.880258254886));
#3622 = CARTESIAN_POINT('',(126.04039237606,0.881549441366));
#3623 = CARTESIAN_POINT('',(126.17190015041,0.882753199672));
#3624 = CARTESIAN_POINT('',(126.30423373436,0.88386961304));
#3625 = CARTESIAN_POINT('',(126.43737455742,0.884898470629));
#3626 = CARTESIAN_POINT('',(126.57130660964,0.885839358354));
#3627 = CARTESIAN_POINT('',(126.70601397802,0.886691626311));
#3628 = CARTESIAN_POINT('',(126.8414815936,0.887454382728));
#3629 = CARTESIAN_POINT('',(126.97769530095,0.888126474706));
#3630 = CARTESIAN_POINT('',(127.11464167836,0.888706465333));
#3631 = CARTESIAN_POINT('',(127.25230976806,0.889192609191));
#3632 = CARTESIAN_POINT('',(127.39068563455,0.889582809201));
#3633 = CARTESIAN_POINT('',(127.52977390284,0.889874621731));
#3634 = CARTESIAN_POINT('',(127.66951873478,0.890065060003));
#3635 = CARTESIAN_POINT('',(127.8098451728,0.89015082198));
#3636 = CARTESIAN_POINT('',(127.950812366,0.890128176831));
#3637 = CARTESIAN_POINT('',(128.09242504187,0.889992595928));
#3638 = CARTESIAN_POINT('',(128.23468210278,0.889738805108));
#3639 = CARTESIAN_POINT('',(128.3775636736,0.889360691091));
#3640 = CARTESIAN_POINT('',(128.5210347469,0.888851214885));
#3641 = CARTESIAN_POINT('',(128.66504427169,0.88820229016));
#3642 = CARTESIAN_POINT('',(128.809526337,0.88740461205));
#3643 = CARTESIAN_POINT('',(128.95439825642,0.88644746211));
#3644 = CARTESIAN_POINT('',(129.09956997642,0.885318283262));
#3645 = CARTESIAN_POINT('',(129.24491262226,0.884002663867));
#3646 = CARTESIAN_POINT('',(129.39038079466,0.882482179979));
#3647 = CARTESIAN_POINT('',(129.53535527109,0.88074174168));
#3648 = CARTESIAN_POINT('',(129.67982941665,0.878755930818));
#3649 = CARTESIAN_POINT('',(129.82344035923,0.876497565606));
#3650 = CARTESIAN_POINT('',(129.96554233355,0.87393809619));
#3651 = CARTESIAN_POINT('',(130.10519831361,0.871048446407));
#3652 = CARTESIAN_POINT('',(130.24119392822,0.867800202112));
#3653 = CARTESIAN_POINT('',(130.3720654298,0.864166411358));
#3654 = CARTESIAN_POINT('',(130.49608113296,0.860126061389));
#3655 = CARTESIAN_POINT('',(130.61144590888,0.855658328871));
#3656 = CARTESIAN_POINT('',(130.71513807858,0.85080601014));
#3657 = CARTESIAN_POINT('',(130.80486774135,0.845633502959));
#3658 = CARTESIAN_POINT('',(130.87927519326,0.84021523552));
#3659 = CARTESIAN_POINT('',(130.93778910563,0.834643678068));
#3660 = CARTESIAN_POINT('',(130.98080283724,0.829010230508));
#3661 = CARTESIAN_POINT('',(131.00952666772,0.823368886911));
#3662 = CARTESIAN_POINT('',(131.02535576822,0.817767152993));
#3663 = CARTESIAN_POINT('',(131.02978596362,0.812233859749));
#3664 = CARTESIAN_POINT('',(131.02422666448,0.806785560542));
#3665 = CARTESIAN_POINT('',(131.00993026412,0.801428832268));
#3666 = CARTESIAN_POINT('',(130.98798280061,0.79616722807));
#3667 = CARTESIAN_POINT('',(130.95929756515,0.790998718043));
#3668 = CARTESIAN_POINT('',(130.92467008842,0.78592373048));
#3669 = CARTESIAN_POINT('',(130.88474586686,0.780936862493));
#3670 = CARTESIAN_POINT('',(130.84006394803,0.776033120603));
#3671 = CARTESIAN_POINT('',(130.79108653185,0.771208621283));
#3672 = CARTESIAN_POINT('',(130.73820995258,0.766459954255));
#3673 = CARTESIAN_POINT('',(130.68177520333,0.761784031718));
#3674 = CARTESIAN_POINT('',(130.62207456284,0.757177887852));
#3675 = CARTESIAN_POINT('',(130.55935715466,0.752638585161));
#3676 = CARTESIAN_POINT('',(130.49383100687,0.748163013754));
#3677 = CARTESIAN_POINT('',(130.42567223553,0.743748196344));
#3678 = CARTESIAN_POINT('',(130.35500334501,0.739389810712));
#3679 = CARTESIAN_POINT('',(130.28198417212,0.735087554017));
#3680 = CARTESIAN_POINT('',(130.20676442796,0.730841448865));
#3681 = CARTESIAN_POINT('',(130.12944122621,0.726649531149));
#3682 = CARTESIAN_POINT('',(130.05011071375,0.722510792585));
#3683 = CARTESIAN_POINT('',(129.96885599086,0.718424330415));
#3684 = CARTESIAN_POINT('',(129.88575180209,0.714389523847));
#3685 = CARTESIAN_POINT('',(129.80086446892,0.710405944615));
#3686 = CARTESIAN_POINT('',(129.71425286682,0.706473346824));
#3687 = CARTESIAN_POINT('',(129.62596892942,0.702591642566));
#3688 = CARTESIAN_POINT('',(129.53605810609,0.698760886793));
#3689 = CARTESIAN_POINT('',(129.44455974095,0.694981265822));
#3690 = CARTESIAN_POINT('',(129.35150722912,0.691253083316));
#3691 = CARTESIAN_POINT('',(129.25692870909,0.687576769003));
#3692 = CARTESIAN_POINT('',(129.1608455486,0.683952810238));
#3693 = CARTESIAN_POINT('',(129.06329447598,0.680382551973));
#3694 = CARTESIAN_POINT('',(128.96429405124,0.676866913046));
#3695 = CARTESIAN_POINT('',(128.86386321076,0.673407078796));
#3696 = CARTESIAN_POINT('',(128.76201818811,0.670004379513));
#3697 = CARTESIAN_POINT('',(128.65877336756,0.666660318574));
#3698 = CARTESIAN_POINT('',(128.55414143288,0.663376570468));
#3699 = CARTESIAN_POINT('',(128.44813238368,0.660154950231));
#3700 = CARTESIAN_POINT('',(128.34075776741,0.656997527968));
#3701 = CARTESIAN_POINT('',(128.23201516252,0.653906192243));
#3702 = CARTESIAN_POINT('',(128.12194910466,0.650884349211));
#3703 = CARTESIAN_POINT('',(128.01056681292,0.647934485537));
#3704 = CARTESIAN_POINT('',(127.89785883481,0.645058892829));
#3705 = CARTESIAN_POINT('',(127.78382270691,0.642260307496));
#3706 = CARTESIAN_POINT('',(127.66845676789,0.639541730515));
#3707 = CARTESIAN_POINT('',(127.55176195351,0.636906469148));
#3708 = CARTESIAN_POINT('',(127.43374143949,0.634358120914));
#3709 = CARTESIAN_POINT('',(127.31440084904,0.631900574424));
#3710 = CARTESIAN_POINT('',(127.19374829826,0.62953800684));
#3711 = CARTESIAN_POINT('',(127.07179447472,0.627274883244));
#3712 = CARTESIAN_POINT('',(126.94855269662,0.62511595649));
#3713 = CARTESIAN_POINT('',(126.82403896597,0.623066268007));
#3714 = CARTESIAN_POINT('',(126.69827201062,0.621131149648));
#3715 = CARTESIAN_POINT('',(126.57127331403,0.619316226884));
#3716 = CARTESIAN_POINT('',(126.44306713078,0.617627423726));
#3717 = CARTESIAN_POINT('',(126.3136804802,0.61607096983));
#3718 = CARTESIAN_POINT('',(126.18314312978,0.61465341047));
#3719 = CARTESIAN_POINT('',(126.05148750296,0.613381619628));
#3720 = CARTESIAN_POINT('',(125.91874872839,0.61226281868));
#3721 = CARTESIAN_POINT('',(125.78496398985,0.61130459521));
#3722 = CARTESIAN_POINT('',(125.65017427606,0.610514946829));
#3723 = CARTESIAN_POINT('',(125.51441692128,0.609902261979));
#3724 = CARTESIAN_POINT('',(125.37775221098,0.609475571784));
#3725 = CARTESIAN_POINT('',(125.24040871209,0.609244442001));
#3726 = CARTESIAN_POINT('',(125.10242269817,0.609218018985));
#3727 = CARTESIAN_POINT('',(124.96390488194,0.609406112975));
#3728 = CARTESIAN_POINT('',(124.82498063193,0.609818807671));
#3729 = CARTESIAN_POINT('',(124.68580578526,0.610466416932));
#3730 = CARTESIAN_POINT('',(124.54656225758,0.611359346832));
#3731 = CARTESIAN_POINT('',(124.40745912617,0.612507981493));
#3732 = CARTESIAN_POINT('',(124.26873230946,0.613922561143));
#3733 = CARTESIAN_POINT('',(124.1306446995,0.615613060674));
#3734 = CARTESIAN_POINT('',(123.99348621901,0.617589067791));
#3735 = CARTESIAN_POINT('',(123.85757407608,0.619859656854));
#3736 = CARTESIAN_POINT('',(123.72325266213,0.622433275885));
#3737 = CARTESIAN_POINT('',(123.5908950374,0.62531758197));
#3738 = CARTESIAN_POINT('',(123.460898773,0.628519468115));
#3739 = CARTESIAN_POINT('',(123.33370310833,0.632044375815));
#3740 = CARTESIAN_POINT('',(123.20972678697,0.635898275347));
#3741 = CARTESIAN_POINT('',(123.089622459,0.640079023303));
#3742 = CARTESIAN_POINT('',(122.97402812582,0.644581859481));
#3743 = CARTESIAN_POINT('',(122.86355073204,0.649400573827));
#3744 = CARTESIAN_POINT('',(122.75882918341,0.654524731613));
#3745 = CARTESIAN_POINT('',(122.66050948571,0.659939686639));
#3746 = CARTESIAN_POINT('',(122.56923202956,0.6656263167));
#3747 = CARTESIAN_POINT('',(122.48561939192,0.671560399212));
#3748 = CARTESIAN_POINT('',(122.41024509638,0.677713382929));
#3749 = CARTESIAN_POINT('',(122.34361127275,0.684052898013));
#3750 = CARTESIAN_POINT('',(122.28613319729,0.690543185555));
#3751 = CARTESIAN_POINT('',(122.23811773381,0.697146264464));
#3752 = CARTESIAN_POINT('',(122.19975232902,0.703823073567));
#3753 = CARTESIAN_POINT('',(122.17109565062,0.710535537089));
#3754 = CARTESIAN_POINT('',(122.15208864636,0.7172459454));
#3755 = CARTESIAN_POINT('',(122.14255291602,0.723920685357));
#3756 = CARTESIAN_POINT('',(122.14221572146,0.730529125872));
#3757 = CARTESIAN_POINT('',(122.15072416711,0.737044729991));
#3758 = CARTESIAN_POINT('',(122.16766958522,0.743444988998));
#3759 = CARTESIAN_POINT('',(122.18428664829,0.747623671069));
#3760 = CARTESIAN_POINT('',(122.19385136839,0.749687890137));
#3761 = ( GEOMETRIC_REPRESENTATION_CONTEXT(2) 
PARAMETRIC_REPRESENTATION_CONTEXT() REPRESENTATION_CONTEXT('2D SPACE',''
  ) );
#3762 = PCURVE('',#2277,#3763);
#3763 = DEFINITIONAL_REPRESENTATION('',(#3764),#3944);
#3764 = B_SPLINE_CURVE_WITH_KNOTS('',3,(#3765,#3766,#3767,#3768,#3769,
    #3770,#3771,#3772,#3773,#3774,#3775,#3776,#3777,#3778,#3779,#3780,
    #3781,#3782,#3783,#3784,#3785,#3786,#3787,#3788,#3789,#3790,#3791,
    #3792,#3793,#3794,#3795,#3796,#3797,#3798,#3799,#3800,#3801,#3802,
    #3803,#3804,#3805,#3806,#3807,#3808,#3809,#3810,#3811,#3812,#3813,
    #3814,#3815,#3816,#3817,#3818,#3819,#3820,#3821,#3822,#3823,#3824,
    #3825,#3826,#3827,#3828,#3829,#3830,#3831,#3832,#3833,#3834,#3835,
    #3836,#3837,#3838,#3839,#3840,#3841,#3842,#3843,#3844,#3845,#3846,
    #3847,#3848,#3849,#3850,#3851,#3852,#3853,#3854,#3855,#3856,#3857,
    #3858,#3859,#3860,#3861,#3862,#3863,#3864,#3865,#3866,#3867,#3868,
    #3869,#3870,#3871,#3872,#3873,#3874,#3875,#3876,#3877,#3878,#3879,
    #3880,#3881,#3882,#3883,#3884,#3885,#3886,#3887,#3888,#3889,#3890,
    #3891,#3892,#3893,#3894,#3895,#3896,#3897,#3898,#3899,#3900,#3901,
    #3902,#3903,#3904,#3905,#3906,#3907,#3908,#3909,#3910,#3911,#3912,
    #3913,#3914,#3915,#3916,#3917,#3918,#3919,#3920,#3921,#3922,#3923,
    #3924,#3925,#3926,#3927,#3928,#3929,#3930,#3931,#3932,#3933,#3934,
    #3935,#3936,#3937,#3938,#3939,#3940,#3941,#3942,#3943),
  .UNSPECIFIED.,.F.,.F.,(4,1,1,1,1,1,1,1,1,1,1,1,1,1,1,1,1,1,1,1,1,1,1,1
    ,1,1,1,1,1,1,1,1,1,1,1,1,1,1,1,1,1,1,1,1,1,1,1,1,1,1,1,1,1,1,1,1,1,1
    ,1,1,1,1,1,1,1,1,1,1,1,1,1,1,1,1,1,1,1,1,1,1,1,1,1,1,1,1,1,1,1,1,1,1
    ,1,1,1,1,1,1,1,1,1,1,1,1,1,1,1,1,1,1,1,1,1,1,1,1,1,1,1,1,1,1,1,1,1,1
    ,1,1,1,1,1,1,1,1,1,1,1,1,1,1,1,1,1,1,1,1,1,1,1,1,1,1,1,1,1,1,1,1,1,1
    ,1,1,1,1,1,1,1,1,1,1,1,1,1,1,1,1,4),(0.,8.484790840154E-03,
    1.696958168031E-02,2.545437252046E-02,3.393916336062E-02,
    4.242395420077E-02,5.090874504092E-02,5.939353588108E-02,
    6.787832672123E-02,7.636311756139E-02,8.484790840154E-02,
    9.333269924169E-02,0.101817490082,0.110302280922,0.118787071762,
    0.127271862602,0.135756653442,0.144241444283,0.152726235123,
    0.161211025963,0.169695816803,0.178180607643,0.186665398483,
    0.195150189324,0.203634980164,0.212119771004,0.220604561844,
    0.229089352684,0.237574143524,0.246058934364,0.254543725205,
    0.263028516045,0.271513306885,0.279998097725,0.288482888565,
    0.296967679405,0.305452470246,0.313937261086,0.322422051926,
    0.330906842766,0.339391633606,0.347876424446,0.356361215286,
    0.364846006127,0.373330796967,0.381815587807,0.390300378647,
    0.398785169487,0.407269960327,0.415754751168,0.424239542008,
    0.432724332848,0.441209123688,0.449693914528,0.458178705368,
    0.466663496208,0.475148287049,0.483633077889,0.492117868729,
    0.500602659569,0.509087450409,0.517572241249,0.52605703209,
    0.53454182293,0.54302661377,0.55151140461,0.55999619545,
    0.56848098629,0.57696577713,0.585450567971,0.593935358811,
    0.602420149651,0.610904940491,0.619389731331,0.627874522171,
    0.636359313012,0.644844103852,0.653328894692,0.661813685532,
    0.670298476372,0.678783267212,0.687268058052,0.695752848893,
    0.704237639733,0.712722430573,0.721207221413,0.729692012253,
    0.738176803093,0.746661593934,0.755146384774,0.763631175614,
    0.772115966454,0.780600757294,0.789085548134,0.797570338974,
    0.806055129815,0.814539920655,0.823024711495,0.831509502335,
    0.839994293175,0.848479084015,0.856963874856,0.865448665696,
    0.873933456536,0.882418247376,0.890903038216,0.899387829056,
    0.907872619896,0.916357410737,0.924842201577,0.933326992417,
    0.941811783257,0.950296574097,0.958781364937,0.967266155778,
    0.975750946618,0.984235737458,0.992720528298,1.001205319138,
    1.009690109978,1.018174900818,1.026659691659,1.035144482499,
    1.043629273339,1.052114064179,1.060598855019,1.069083645859,
    1.0775684367,1.08605322754,1.09453801838,1.10302280922,1.11150760006
    ,1.1199923909,1.12847718174,1.136961972581,1.145446763421,
    1.153931554261,1.162416345101,1.170901135941,1.179385926781,
    1.187870717622,1.196355508462,1.204840299302,1.213325090142,
    1.221809880982,1.230294671822,1.238779462662,1.247264253503,
    1.255749044343,1.264233835183,1.272718626023,1.281203416863,
    1.289688207703,1.298172998544,1.306657789384,1.315142580224,
    1.323627371064,1.332112161904,1.340596952744,1.349081743584,
    1.357566534425,1.366051325265,1.374536116105,1.383020906945,
    1.391505697785,1.399990488625,1.408475279466,1.416960070306,
    1.425444861146,1.433929651986,1.442414442826,1.450899233666,
    1.459384024506,1.467868815347,1.476353606187,1.484838397027,
    1.493323187867),.QUASI_UNIFORM_KNOTS.);
#3765 = CARTESIAN_POINT('',(-6.28318530718,-14.46168905078));
#3766 = CARTESIAN_POINT('',(-6.268539405991,-14.49324477344));
#3767 = CARTESIAN_POINT('',(-6.239600150821,-14.55645072204));
#3768 = CARTESIAN_POINT('',(-6.197228083565,-14.6513578307));
#3769 = CARTESIAN_POINT('',(-6.155873731534,-14.74616773504));
#3770 = CARTESIAN_POINT('',(-6.115511954008,-14.84072027568));
#3771 = CARTESIAN_POINT('',(-6.076113906055,-14.93487788366));
#3772 = CARTESIAN_POINT('',(-6.037646515554,-15.02852863697));
#3773 = CARTESIAN_POINT('',(-6.000072769404,-15.12158487522));
#3774 = CARTESIAN_POINT('',(-5.963351218498,-15.2139842929));
#3775 = CARTESIAN_POINT('',(-5.927437530266,-15.30568596843));
#3776 = CARTESIAN_POINT('',(-5.892296916281,-15.39663705784));
#3777 = CARTESIAN_POINT('',(-5.857886182307,-15.48681764241));
#3778 = CARTESIAN_POINT('',(-5.824166533994,-15.57620722178));
#3779 = CARTESIAN_POINT('',(-5.7910998868,-15.6647929395));
#3780 = CARTESIAN_POINT('',(-5.758649634238,-15.7525666561));
#3781 = CARTESIAN_POINT('',(-5.726778715385,-15.83952931971));
#3782 = CARTESIAN_POINT('',(-5.695454404156,-15.92567729913));
#3783 = CARTESIAN_POINT('',(-5.664653424124,-16.01098671942));
#3784 = CARTESIAN_POINT('',(-5.63433625574,-16.09548416463));
#3785 = CARTESIAN_POINT('',(-5.604470878808,-16.17918083837));
#3786 = CARTESIAN_POINT('',(-5.575026512632,-16.26208891534));
#3787 = CARTESIAN_POINT('',(-5.545974799621,-16.34421765573));
#3788 = CARTESIAN_POINT('',(-5.517289067952,-16.42557486374));
#3789 = CARTESIAN_POINT('',(-5.48894416955,-16.50616684556));
#3790 = CARTESIAN_POINT('',(-5.460916213316,-16.58599870988));
#3791 = CARTESIAN_POINT('',(-5.433182366315,-16.66507452499));
#3792 = CARTESIAN_POINT('',(-5.405720668649,-16.7433974699));
#3793 = CARTESIAN_POINT('',(-5.378509869921,-16.82096994848));
#3794 = CARTESIAN_POINT('',(-5.351529279687,-16.89779368024));
#3795 = CARTESIAN_POINT('',(-5.324758629482,-16.97386976792));
#3796 = CARTESIAN_POINT('',(-5.29817794314,-17.04919874569));
#3797 = CARTESIAN_POINT('',(-5.271767413822,-17.123780607));
#3798 = CARTESIAN_POINT('',(-5.245507282612,-17.19761482093));
#3799 = CARTESIAN_POINT('',(-5.219377727606,-17.27070030749));
#3800 = CARTESIAN_POINT('',(-5.193358720097,-17.34303548137));
#3801 = CARTESIAN_POINT('',(-5.167429999333,-17.41461795136));
#3802 = CARTESIAN_POINT('',(-5.141570588737,-17.48544540741));
#3803 = CARTESIAN_POINT('',(-5.115759993814,-17.55551196717));
#3804 = CARTESIAN_POINT('',(-5.089973078177,-17.62482134393));
#3805 = CARTESIAN_POINT('',(-5.06419951757,-17.69333428209));
#3806 = CARTESIAN_POINT('',(-5.03842301802,-17.76102525948));
#3807 = CARTESIAN_POINT('',(-5.012621621164,-17.82787976807));
#3808 = CARTESIAN_POINT('',(-4.986774487397,-17.89387584554));
#3809 = CARTESIAN_POINT('',(-4.960859874722,-17.95898893409));
#3810 = CARTESIAN_POINT('',(-4.934855454892,-18.02319040328));
#3811 = CARTESIAN_POINT('',(-4.908737982667,-18.08644766691));
#3812 = CARTESIAN_POINT('',(-4.882483079022,-18.14872383691));
#3813 = CARTESIAN_POINT('',(-4.856065036744,-18.20997721245));
#3814 = CARTESIAN_POINT('',(-4.829456223591,-18.27016146834));
#3815 = CARTESIAN_POINT('',(-4.802627846096,-18.32922278847));
#3816 = CARTESIAN_POINT('',(-4.775545421606,-18.38710809691));
#3817 = CARTESIAN_POINT('',(-4.748183783816,-18.44373153067));
#3818 = CARTESIAN_POINT('',(-4.720518912046,-18.49899355602));
#3819 = CARTESIAN_POINT('',(-4.69249702653,-18.55283802068));
#3820 = CARTESIAN_POINT('',(-4.664070705391,-18.60517373602));
#3821 = CARTESIAN_POINT('',(-4.635188696138,-18.65589361309));
#3822 = CARTESIAN_POINT('',(-4.605797568858,-18.70486785603));
#3823 = CARTESIAN_POINT('',(-4.575839970305,-18.75194359651));
#3824 = CARTESIAN_POINT('',(-4.545253566667,-18.79694218346));
#3825 = CARTESIAN_POINT('',(-4.513969234922,-18.83965641381));
#3826 = CARTESIAN_POINT('',(-4.481909600855,-18.87984612118));
#3827 = CARTESIAN_POINT('',(-4.448984087205,-18.91723419022));
#3828 = CARTESIAN_POINT('',(-4.415093466788,-18.9514935776));
#3829 = CARTESIAN_POINT('',(-4.380094105207,-18.98225746366));
#3830 = CARTESIAN_POINT('',(-4.343956776327,-19.00898806402));
#3831 = CARTESIAN_POINT('',(-4.306472203886,-19.03120527209));
#3832 = CARTESIAN_POINT('',(-4.267472172845,-19.04825395401));
#3833 = CARTESIAN_POINT('',(-4.226815077821,-19.0593396826));
#3834 = CARTESIAN_POINT('',(-4.18438960858,-19.06354101148));
#3835 = CARTESIAN_POINT('',(-4.140117531559,-19.05983776733));
#3836 = CARTESIAN_POINT('',(-4.093952294737,-19.0471391032));
#3837 = CARTESIAN_POINT('',(-4.045912404573,-19.02435998891));
#3838 = CARTESIAN_POINT('',(-3.996007797233,-18.9904043984));
#3839 = CARTESIAN_POINT('',(-3.944880355569,-18.94484322587));
#3840 = CARTESIAN_POINT('',(-3.893219639498,-18.88794851659));
#3841 = CARTESIAN_POINT('',(-3.84166422964,-18.8205623109));
#3842 = CARTESIAN_POINT('',(-3.790896254482,-18.74417651586));
#3843 = CARTESIAN_POINT('',(-3.741483567752,-18.66064987649));
#3844 = CARTESIAN_POINT('',(-3.693621219376,-18.57149139428));
#3845 = CARTESIAN_POINT('',(-3.647451262454,-18.47815771738));
#3846 = CARTESIAN_POINT('',(-3.602974739498,-18.38180070096));
#3847 = CARTESIAN_POINT('',(-3.560120268308,-18.28330872342));
#3848 = CARTESIAN_POINT('',(-3.518766290135,-18.18332211261));
#3849 = CARTESIAN_POINT('',(-3.478794368229,-18.08235451605));
#3850 = CARTESIAN_POINT('',(-3.440066527589,-17.98074758615));
#3851 = CARTESIAN_POINT('',(-3.402482334024,-17.87883482793));
#3852 = CARTESIAN_POINT('',(-3.365913661084,-17.77678547376));
#3853 = CARTESIAN_POINT('',(-3.33024901831,-17.6747322018));
#3854 = CARTESIAN_POINT('',(-3.2953956181,-17.57279507395));
#3855 = CARTESIAN_POINT('',(-3.2612725779,-17.47107508579));
#3856 = CARTESIAN_POINT('',(-3.227808208659,-17.3696559724));
#3857 = CARTESIAN_POINT('',(-3.194937323832,-17.26860366341));
#3858 = CARTESIAN_POINT('',(-3.162599568534,-17.16796715579));
#3859 = CARTESIAN_POINT('',(-3.130737155,-17.06777629896));
#3860 = CARTESIAN_POINT('',(-3.099296327638,-16.96805068232));
#3861 = CARTESIAN_POINT('',(-3.06821619409,-16.86876728362));
#3862 = CARTESIAN_POINT('',(-3.037466430636,-16.76998427029));
#3863 = CARTESIAN_POINT('',(-3.00702073978,-16.67176035171));
#3864 = CARTESIAN_POINT('',(-2.976839933097,-16.57410128794));
#3865 = CARTESIAN_POINT('',(-2.946892655363,-16.47702821404));
#3866 = CARTESIAN_POINT('',(-2.917149084022,-16.38055895218));
#3867 = CARTESIAN_POINT('',(-2.887581989428,-16.284712706));
#3868 = CARTESIAN_POINT('',(-2.858165923505,-16.18950855049));
#3869 = CARTESIAN_POINT('',(-2.828876992562,-16.09496563744));
#3870 = CARTESIAN_POINT('',(-2.799692540941,-16.00110299076));
#3871 = CARTESIAN_POINT('',(-2.770590907415,-15.90793944256));
#3872 = CARTESIAN_POINT('',(-2.741551213138,-15.8154935997));
#3873 = CARTESIAN_POINT('',(-2.712553126883,-15.72378369935));
#3874 = CARTESIAN_POINT('',(-2.683576819444,-15.6328279972));
#3875 = CARTESIAN_POINT('',(-2.65460227933,-15.54264322328));
#3876 = CARTESIAN_POINT('',(-2.62561570727,-15.45326466622));
#3877 = CARTESIAN_POINT('',(-2.596599195681,-15.36471434279));
#3878 = CARTESIAN_POINT('',(-2.567536144093,-15.27701837315));
#3879 = CARTESIAN_POINT('',(-2.538410205325,-15.19020395154));
#3880 = CARTESIAN_POINT('',(-2.50920541155,-15.10430006419));
#3881 = CARTESIAN_POINT('',(-2.479906081074,-15.01933746531));
#3882 = CARTESIAN_POINT('',(-2.450496426636,-14.93534787378));
#3883 = CARTESIAN_POINT('',(-2.420961585441,-14.85236702883));
#3884 = CARTESIAN_POINT('',(-2.391283273575,-14.77042308895));
#3885 = CARTESIAN_POINT('',(-2.361456270724,-14.68958180703));
#3886 = CARTESIAN_POINT('',(-2.331465252902,-14.60988219161));
#3887 = CARTESIAN_POINT('',(-2.301290597839,-14.53135471834));
#3888 = CARTESIAN_POINT('',(-2.270914658438,-14.45403842748));
#3889 = CARTESIAN_POINT('',(-2.240319948275,-14.37797611256));
#3890 = CARTESIAN_POINT('',(-2.209489504594,-14.30321540841));
#3891 = CARTESIAN_POINT('',(-2.17840667369,-14.22980832116));
#3892 = CARTESIAN_POINT('',(-2.147055053322,-14.15781119354));
#3893 = CARTESIAN_POINT('',(-2.115418392365,-14.08728456817));
#3894 = CARTESIAN_POINT('',(-2.083480498764,-14.01829309124));
#3895 = CARTESIAN_POINT('',(-2.051225139897,-13.95090541811));
#3896 = CARTESIAN_POINT('',(-2.018635937363,-13.88519413274));
#3897 = CARTESIAN_POINT('',(-1.985696253208,-13.82123568059));
#3898 = CARTESIAN_POINT('',(-1.952389065336,-13.75911031961));
#3899 = CARTESIAN_POINT('',(-1.918696829244,-13.69890209439));
#3900 = CARTESIAN_POINT('',(-1.88460132103,-13.64069883832));
#3901 = CARTESIAN_POINT('',(-1.850083460971,-13.58459221715));
#3902 = CARTESIAN_POINT('',(-1.81512309555,-13.53067780016));
#3903 = CARTESIAN_POINT('',(-1.779698789852,-13.47905525267));
#3904 = CARTESIAN_POINT('',(-1.743787399557,-13.42982834834));
#3905 = CARTESIAN_POINT('',(-1.707364239613,-13.38310598022));
#3906 = CARTESIAN_POINT('',(-1.670400749066,-13.3389998304));
#3907 = CARTESIAN_POINT('',(-1.632871165139,-13.29763496126));
#3908 = CARTESIAN_POINT('',(-1.594793085986,-13.25918470781));
#3909 = CARTESIAN_POINT('',(-1.556127880201,-13.22376432422));
#3910 = CARTESIAN_POINT('',(-1.516853079664,-13.19151562742));
#3911 = CARTESIAN_POINT('',(-1.476945898575,-13.16258562092));
#3912 = CARTESIAN_POINT('',(-1.436387317238,-13.1371298709));
#3913 = CARTESIAN_POINT('',(-1.39516067078,-13.11530935576));
#3914 = CARTESIAN_POINT('',(-1.353251725865,-13.09728917618));
#3915 = CARTESIAN_POINT('',(-1.310648373426,-13.08323688534));
#3916 = CARTESIAN_POINT('',(-1.267340442936,-13.07332104363));
#3917 = CARTESIAN_POINT('',(-1.223319489218,-13.06770984995));
#3918 = CARTESIAN_POINT('',(-1.178578644155,-13.06656986643));
#3919 = CARTESIAN_POINT('',(-1.133112315555,-13.07006494652));
#3920 = CARTESIAN_POINT('',(-1.086916515685,-13.07835493925));
#3921 = CARTESIAN_POINT('',(-1.039986912299,-13.09159579793));
#3922 = CARTESIAN_POINT('',(-0.992325454845,-13.10993503692));
#3923 = CARTESIAN_POINT('',(-0.943915080306,-13.13352516277));
#3924 = CARTESIAN_POINT('',(-0.894821769598,-13.16246626603));
#3925 = CARTESIAN_POINT('',(-0.845108392447,-13.19682419607));
#3926 = CARTESIAN_POINT('',(-0.794825883158,-13.23664395842));
#3927 = CARTESIAN_POINT('',(-0.744042849957,-13.28192784031));
#3928 = CARTESIAN_POINT('',(-0.692841468753,-13.33263084971));
#3929 = CARTESIAN_POINT('',(-0.641318353417,-13.38865505957));
#3930 = CARTESIAN_POINT('',(-0.589588548832,-13.44983861684));
#3931 = CARTESIAN_POINT('',(-0.537778505619,-13.51595911575));
#3932 = CARTESIAN_POINT('',(-0.486023052035,-13.58673439302));
#3933 = CARTESIAN_POINT('',(-0.434464685257,-13.66182375777));
#3934 = CARTESIAN_POINT('',(-0.383247461334,-13.74083677539));
#3935 = CARTESIAN_POINT('',(-0.332512653849,-13.82334405546));
#3936 = CARTESIAN_POINT('',(-0.282387901174,-13.90890068285));
#3937 = CARTESIAN_POINT('',(-0.232996798002,-13.99703770279));
#3938 = CARTESIAN_POINT('',(-0.184435712305,-14.08731064949));
#3939 = CARTESIAN_POINT('',(-0.136786065127,-14.1792883456));
#3940 = CARTESIAN_POINT('',(-9.010946380735E-02,-14.27256993213));
#3941 = CARTESIAN_POINT('',(-4.44486333274E-02,-14.366790029));
#3942 = CARTESIAN_POINT('',(-1.469827331165E-02,-14.43002241652));
#3943 = CARTESIAN_POINT('',(0.,-14.46168905078));
#3944 = ( GEOMETRIC_REPRESENTATION_CONTEXT(2) 
PARAMETRIC_REPRESENTATION_CONTEXT() REPRESENTATION_CONTEXT('2D SPACE',''
  ) );
#3945 = ADVANCED_FACE('',(#3946,#3971),#496,.T.);
#3946 = FACE_BOUND('',#3947,.T.);
#3947 = EDGE_LOOP('',(#3948,#3968,#3969,#3970));
#3948 = ORIENTED_EDGE('',*,*,#3949,.F.);
#3949 = EDGE_CURVE('',#422,#1611,#3950,.T.);
#3950 = SURFACE_CURVE('',#3951,(#3954,#3961),.PCURVE_S1.);
#3951 = B_SPLINE_CURVE_WITH_KNOTS('',1,(#3952,#3953),.UNSPECIFIED.,.F.,
  .F.,(2,2),(0.,1.),.PIECEWISE_BEZIER_KNOTS.);
#3952 = CARTESIAN_POINT('',(42.,92.5,52.01));
#3953 = CARTESIAN_POINT('',(20.065334461674,33.442224102789,35.99));
#3954 = PCURVE('',#496,#3955);
#3955 = DEFINITIONAL_REPRESENTATION('',(#3956),#3960);
#3956 = LINE('',#3957,#3958);
#3957 = CARTESIAN_POINT('',(0.,0.));
#3958 = VECTOR('',#3959,1.);
#3959 = DIRECTION('',(0.,1.));
#3960 = ( GEOMETRIC_REPRESENTATION_CONTEXT(2) 
PARAMETRIC_REPRESENTATION_CONTEXT() REPRESENTATION_CONTEXT('2D SPACE',''
  ) );
#3961 = PCURVE('',#443,#3962);
#3962 = DEFINITIONAL_REPRESENTATION('',(#3963),#3967);
#3963 = LINE('',#3964,#3965);
#3964 = CARTESIAN_POINT('',(140.,0.));
#3965 = VECTOR('',#3966,1.);
#3966 = DIRECTION('',(0.,1.));
#3967 = ( GEOMETRIC_REPRESENTATION_CONTEXT(2) 
PARAMETRIC_REPRESENTATION_CONTEXT() REPRESENTATION_CONTEXT('2D SPACE',''
  ) );
#3968 = ORIENTED_EDGE('',*,*,#472,.F.);
#3969 = ORIENTED_EDGE('',*,*,#3414,.T.);
#3970 = ORIENTED_EDGE('',*,*,#1610,.T.);
#3971 = FACE_BOUND('',#3972,.T.);
#3972 = EDGE_LOOP('',(#3973));
#3973 = ORIENTED_EDGE('',*,*,#3974,.T.);
#3974 = EDGE_CURVE('',#3975,#3975,#3977,.T.);
#3975 = VERTEX_POINT('',#3976);
#3976 = CARTESIAN_POINT('',(6.893628571527,59.578081450024,
    42.210087042898));
#3977 = SURFACE_CURVE('',#3978,(#4170,#4365),.PCURVE_S1.);
#3978 = B_SPLINE_CURVE_WITH_KNOTS('',8,(#3979,#3980,#3981,#3982,#3983,
    #3984,#3985,#3986,#3987,#3988,#3989,#3990,#3991,#3992,#3993,#3994,
    #3995,#3996,#3997,#3998,#3999,#4000,#4001,#4002,#4003,#4004,#4005,
    #4006,#4007,#4008,#4009,#4010,#4011,#4012,#4013,#4014,#4015,#4016,
    #4017,#4018,#4019,#4020,#4021,#4022,#4023,#4024,#4025,#4026,#4027,
    #4028,#4029,#4030,#4031,#4032,#4033,#4034,#4035,#4036,#4037,#4038,
    #4039,#4040,#4041,#4042,#4043,#4044,#4045,#4046,#4047,#4048,#4049,
    #4050,#4051,#4052,#4053,#4054,#4055,#4056,#4057,#4058,#4059,#4060,
    #4061,#4062,#4063,#4064,#4065,#4066,#4067,#4068,#4069,#4070,#4071,
    #4072,#4073,#4074,#4075,#4076,#4077,#4078,#4079,#4080,#4081,#4082,
    #4083,#4084,#4085,#4086,#4087,#4088,#4089,#4090,#4091,#4092,#4093,
    #4094,#4095,#4096,#4097,#4098,#4099,#4100,#4101,#4102,#4103,#4104,
    #4105,#4106,#4107,#4108,#4109,#4110,#4111,#4112,#4113,#4114,#4115,
    #4116,#4117,#4118,#4119,#4120,#4121,#4122,#4123,#4124,#4125,#4126,
    #4127,#4128,#4129,#4130,#4131,#4132,#4133,#4134,#4135,#4136,#4137,
    #4138,#4139,#4140,#4141,#4142,#4143,#4144,#4145,#4146,#4147,#4148,
    #4149,#4150,#4151,#4152,#4153,#4154,#4155,#4156,#4157,#4158,#4159,
    #4160,#4161,#4162,#4163,#4164,#4165,#4166,#4167,#4168,#4169),
  .UNSPECIFIED.,.T.,.F.,(9,7,7,7,7,7,7,7,7,7,7,7,7,7,7,7,7,7,7,7,7,7,7,7
    ,7,7,7,9),(0.,5.904427622373E-02,7.158976553281E-02,
    7.195981119318E-02,7.28072429636E-02,7.908862948217E-02,
    8.91048309159E-02,0.106137316242,0.123100878598,0.16003249041,
    0.196863236391,0.278044606987,0.348918532674,0.424162647833,
    0.445758304301,0.456594368435,0.467485993105,0.479596408086,
    0.481918263157,0.487296634185,0.513771506371,0.546782185877,
    0.639768804355,0.755596050452,0.851856104453,0.949001161933,
    0.973783852443,1.),.UNSPECIFIED.);
#3979 = CARTESIAN_POINT('',(6.893628571527,59.578081450024,
    42.210087042898));
#3980 = CARTESIAN_POINT('',(6.965999666952,59.566584270799,
    42.207892164102));
#3981 = CARTESIAN_POINT('',(7.037848918407,59.553914925551,
    42.205357381219));
#3982 = CARTESIAN_POINT('',(7.109779437904,59.541564480012,
    42.202933500331));
#3983 = CARTESIAN_POINT('',(7.18156971693,59.527164206031,
    42.199916620238));
#3984 = CARTESIAN_POINT('',(7.253158644808,59.510047923487,
    42.196109125593));
#3985 = CARTESIAN_POINT('',(7.324764834981,59.491875129742,
    42.192005728369));
#3986 = CARTESIAN_POINT('',(7.396140259244,59.472314916647,
    42.187504557655));
#3987 = CARTESIAN_POINT('',(7.479580345816,59.432880055607,
    42.177366731059));
#3988 = CARTESIAN_POINT('',(7.487897176277,59.428147408222,
    42.176119979975));
#3989 = CARTESIAN_POINT('',(7.500049464748,59.422249390127,
    42.174598600385));
#3990 = CARTESIAN_POINT('',(7.507542971054,59.415447310619,
    42.17272569115));
#3991 = CARTESIAN_POINT('',(7.524036023084,59.407760431847,
    42.170756129555));
#3992 = CARTESIAN_POINT('',(7.534832592612,59.394706318091,
    42.167097623727));
#3993 = CARTESIAN_POINT('',(7.547616958018,59.381481017543,
    42.163426067624));
#3994 = CARTESIAN_POINT('',(7.546457137654,59.359899294298,
    42.157028396314));
#3995 = CARTESIAN_POINT('',(7.546411964932,59.359281138391,
    42.15684493009));
#3996 = CARTESIAN_POINT('',(7.546354921036,59.3586640115,42.156661548851
    ));
#3997 = CARTESIAN_POINT('',(7.546286150316,59.358048714091,
    42.156478491729));
#3998 = CARTESIAN_POINT('',(7.54620587018,59.35743600458,42.156295986788
    ));
#3999 = CARTESIAN_POINT('',(7.546114371095,59.356826599335,
    42.156114251015));
#4000 = CARTESIAN_POINT('',(7.546012016583,59.356221172677,
    42.155933490329));
#4001 = CARTESIAN_POINT('',(7.545640983945,59.354244444519,
    42.15534262354));
#4002 = CARTESIAN_POINT('',(7.545327662977,59.352893568287,
    42.154937727894));
#4003 = CARTESIAN_POINT('',(7.544965135993,59.351572979172,
    42.154540871955));
#4004 = CARTESIAN_POINT('',(7.544558952289,59.350286437285,
    42.154153268959));
#4005 = CARTESIAN_POINT('',(7.544114354792,59.349036211861,
    42.153775686061));
#4006 = CARTESIAN_POINT('',(7.543636280055,59.347823081257,
    42.153408444337));
#4007 = CARTESIAN_POINT('',(7.543129358257,59.346646332955,
    42.153051418777));
#4008 = CARTESIAN_POINT('',(7.538658703118,59.33703473955,
    42.150129163047));
#4009 = CARTESIAN_POINT('',(7.533560418827,59.330281951022,
    42.148039935389));
#4010 = CARTESIAN_POINT('',(7.527939379849,59.324732247452,
    42.146296512396));
#4011 = CARTESIAN_POINT('',(7.522220468608,59.319971634268,
    42.144784440646));
#4012 = CARTESIAN_POINT('',(7.516617130434,59.315685272847,
    42.143414656215));
#4013 = CARTESIAN_POINT('',(7.511131373562,59.311657480512,
    42.142123484675));
#4014 = CARTESIAN_POINT('',(7.505553769139,59.307771730538,
    42.140872641098));
#4015 = CARTESIAN_POINT('',(7.489751924792,59.298013294928,
    42.137698397797));
#4016 = CARTESIAN_POINT('',(7.463308686032,59.283880806145,
    42.13303402776));
#4017 = CARTESIAN_POINT('',(7.423431509022,59.26608444101,
    42.127042761244));
#4018 = CARTESIAN_POINT('',(7.373700356931,59.247931015458,
    42.120770721419));
#4019 = CARTESIAN_POINT('',(7.317977382012,59.231562906147,
    42.114923513326));
#4020 = CARTESIAN_POINT('',(7.260406925598,59.217958050454,
    42.109866223879));
#4021 = CARTESIAN_POINT('',(7.205415518102,59.206929946479,
    42.105623421858));
#4022 = CARTESIAN_POINT('',(7.076592151346,59.18045891688,
    42.095512061469));
#4023 = CARTESIAN_POINT('',(6.995461248842,59.165964143541,
    42.089802627875));
#4024 = CARTESIAN_POINT('',(6.914336105917,59.15279149574,
    42.084499938307));
#4025 = CARTESIAN_POINT('',(6.833227357496,59.140683999765,
    42.079528526656));
#4026 = CARTESIAN_POINT('',(6.752140935449,59.129447047775,
    42.074831209411));
#4027 = CARTESIAN_POINT('',(6.671077945796,59.118903466914,
    42.070355839419));
#4028 = CARTESIAN_POINT('',(6.590034282015,59.108983122714,
    42.066081772115));
#4029 = CARTESIAN_POINT('',(6.428296481847,59.090242919217,
    42.057898484101));
#4030 = CARTESIAN_POINT('',(6.34766915209,59.081428672261,
    42.053991877094));
#4031 = CARTESIAN_POINT('',(6.267111254851,59.073072731549,
    42.050238759868));
#4032 = CARTESIAN_POINT('',(6.186615964867,59.065119226327,
    42.046622594823));
#4033 = CARTESIAN_POINT('',(6.106177635715,59.057526085368,
    42.043130934618));
#4034 = CARTESIAN_POINT('',(6.025791677042,59.050259232908,
    42.039753706955));
#4035 = CARTESIAN_POINT('',(5.945454490628,59.043289862019,
    42.036482408174));
#4036 = CARTESIAN_POINT('',(5.690360736989,59.022018839339,
    42.026403958702));
#4037 = CARTESIAN_POINT('',(5.515631993519,59.008730303895,
    42.019961506174));
#4038 = CARTESIAN_POINT('',(5.340969922176,58.99649196012,
    42.013913480058));
#4039 = CARTESIAN_POINT('',(5.166369744019,58.985160325237,
    42.008218119862));
#4040 = CARTESIAN_POINT('',(4.991827336509,58.974629788421,
    42.002844783448));
#4041 = CARTESIAN_POINT('',(4.81733864283,58.964816481264,
    41.997769193072));
#4042 = CARTESIAN_POINT('',(4.64289959127,58.95565717113,41.992973117132
    ));
#4043 = CARTESIAN_POINT('',(4.294588200936,58.938563134977,
    41.983921636503));
#4044 = CARTESIAN_POINT('',(4.12071651508,58.930625005989,
    41.979664764062));
#4045 = CARTESIAN_POINT('',(3.946887162792,58.923232758906,
    41.975655819648));
#4046 = CARTESIAN_POINT('',(3.773096988599,58.916345228559,
    41.971883016714));
#4047 = CARTESIAN_POINT('',(3.599343113866,58.90992945988,
    41.968336961211));
#4048 = CARTESIAN_POINT('',(3.425622841364,58.903958763555,
    41.965010079468));
#4049 = CARTESIAN_POINT('',(3.251933559851,58.898410771675,
    41.961896046077));
#4050 = CARTESIAN_POINT('',(2.695493793215,58.881924405048,
    41.952582043363));
#4051 = CARTESIAN_POINT('',(2.312853741832,58.872540491033,
    41.947181723113));
#4052 = CARTESIAN_POINT('',(1.930324950074,58.864909120637,
    41.942730536516));
#4053 = CARTESIAN_POINT('',(1.547883512778,58.858900909877,
    41.939192396593));
#4054 = CARTESIAN_POINT('',(1.165507371501,58.854433268832,
    41.936544480627));
#4055 = CARTESIAN_POINT('',(0.783175043625,58.851453299596,
    41.934772206802));
#4056 = CARTESIAN_POINT('',(0.400864873097,58.849932044861,
    41.933867550728));
#4057 = CARTESIAN_POINT('',(-0.315214081738,58.849815996008,
    41.933798531627));
#4058 = CARTESIAN_POINT('',(-0.648982090448,58.850874008456,
    41.934427746511));
#4059 = CARTESIAN_POINT('',(-0.982763738712,58.853043201348,
    41.935718083483));
#4060 = CARTESIAN_POINT('',(-1.316573314719,58.856338823687,
    41.937673758843));
#4061 = CARTESIAN_POINT('',(-1.650425066333,58.860790590274,
    41.940302962946));
#4062 = CARTESIAN_POINT('',(-1.984333567612,58.866445097436,
    41.943618567465));
#4063 = CARTESIAN_POINT('',(-2.318314264976,58.873372360784,
    41.94764004521));
#4064 = CARTESIAN_POINT('',(-3.007053379928,58.890492633036,
    41.957446456053));
#4065 = CARTESIAN_POINT('',(-3.361816757599,58.900861244936,
    41.963324960465));
#4066 = CARTESIAN_POINT('',(-3.716700497434,58.912903200703,
    41.970065996463));
#4067 = CARTESIAN_POINT('',(-4.071729260171,58.926805639254,
    41.977722594226));
#4068 = CARTESIAN_POINT('',(-4.42692489864,58.942767473014,
    41.986350773467));
#4069 = CARTESIAN_POINT('',(-4.782313762265,58.961195556257,
    41.996067408425));
#4070 = CARTESIAN_POINT('',(-5.137920377637,58.982513017743,
    42.006993483712));
#4071 = CARTESIAN_POINT('',(-5.595938987947,59.015238765994,
    42.023069802362));
#4072 = CARTESIAN_POINT('',(-5.698100716818,59.022875500041,
    42.026783857402));
#4073 = CARTESIAN_POINT('',(-5.800285575594,59.030879440457,
    42.030635170757));
#4074 = CARTESIAN_POINT('',(-5.902494797285,59.039286335106,
    42.03463417455));
#4075 = CARTESIAN_POINT('',(-6.004729460986,59.048138456146,
    42.038793214791));
#4076 = CARTESIAN_POINT('',(-6.106990592831,59.057488221722,
    42.043127619299));
#4077 = CARTESIAN_POINT('',(-6.20927937146,59.067406217795,
    42.04765806514));
#4078 = CARTESIAN_POINT('',(-6.36293762912,59.083306066682,
    42.054800756799));
#4079 = CARTESIAN_POINT('',(-6.414285046613,59.088788372559,
    42.05724448908));
#4080 = CARTESIAN_POINT('',(-6.465639916355,59.094451056499,
    42.059748526589));
#4081 = CARTESIAN_POINT('',(-6.517002399767,59.100308805112,
    42.062317180727));
#4082 = CARTESIAN_POINT('',(-6.568372593795,59.106380472888,
    42.064955990135));
#4083 = CARTESIAN_POINT('',(-6.619750530903,59.11268908219,
    42.067671720692));
#4084 = CARTESIAN_POINT('',(-6.67113617908,59.119261823256,
    42.070472365517));
#4085 = CARTESIAN_POINT('',(-6.774186216987,59.133033501123,
    42.076276767029));
#4086 = CARTESIAN_POINT('',(-6.82584904164,59.14025020824,
    42.079285810451));
#4087 = CARTESIAN_POINT('',(-6.877519430514,59.147792427592,
    42.082397884241));
#4088 = CARTESIAN_POINT('',(-6.929197672008,59.155699670838,
    42.085624617935));
#4089 = CARTESIAN_POINT('',(-6.980882828207,59.164038709257,
    42.088985661595));
#4090 = CARTESIAN_POINT('',(-7.032572734878,59.172903573753,
    42.092508685812));
#4091 = CARTESIAN_POINT('',(-7.084264001474,59.182415554849,
    42.096229381705));
#4092 = CARTESIAN_POINT('',(-7.19342399217,59.204184292893,
    42.10459690317));
#4093 = CARTESIAN_POINT('',(-7.239331875007,59.211882033131,
    42.10768743232));
#4094 = CARTESIAN_POINT('',(-7.286006592684,59.221602632828,
    42.111398136221));
#4095 = CARTESIAN_POINT('',(-7.33957013141,59.236596505598,
    42.116800630279));
#4096 = CARTESIAN_POINT('',(-7.399935530564,59.257578269233,
    42.124103057457));
#4097 = CARTESIAN_POINT('',(-7.460806882694,59.282726745711,
    42.132650088271));
#4098 = CARTESIAN_POINT('',(-7.509679333519,59.307684961193,
    42.140922920792));
#4099 = CARTESIAN_POINT('',(-7.531320738336,59.328987244811,
    42.147616070637));
#4100 = CARTESIAN_POINT('',(-7.534534510967,59.332514652091,
    42.148717567413));
#4101 = CARTESIAN_POINT('',(-7.537774983975,59.336483274276,
    42.149949905546));
#4102 = CARTESIAN_POINT('',(-7.54112551583,59.341187790446,
    42.151401714551));
#4103 = CARTESIAN_POINT('',(-7.544197073707,59.346704333251,
    42.153088282727));
#4104 = CARTESIAN_POINT('',(-7.546339988756,59.352922473183,
    42.154964959087));
#4105 = CARTESIAN_POINT('',(-7.547055740829,59.359615181857,
    42.15695549231));
#4106 = CARTESIAN_POINT('',(-7.54466839035,59.382051592648,42.1635402709
    ));
#4107 = CARTESIAN_POINT('',(-7.535931402544,59.392747775029,
    42.166539421464));
#4108 = CARTESIAN_POINT('',(-7.527757779126,59.401740469766,
    42.169046206657));
#4109 = CARTESIAN_POINT('',(-7.518300519682,59.408955670658,
    42.171004724643));
#4110 = CARTESIAN_POINT('',(-7.510059152032,59.414318636746,
    42.172438435838));
#4111 = CARTESIAN_POINT('',(-7.50394020061,59.419037462783,
    42.173720927574));
#4112 = CARTESIAN_POINT('',(-7.494148162135,59.424682124592,
    42.175210015369));
#4113 = CARTESIAN_POINT('',(-7.437027447253,59.455677511372,
    42.183328246158));
#4114 = CARTESIAN_POINT('',(-7.357198073111,59.487338717338,
    42.191238105283));
#4115 = CARTESIAN_POINT('',(-7.262580559243,59.508402211333,
    42.195774372505));
#4116 = CARTESIAN_POINT('',(-7.168902686063,59.531259798974,
    42.200898797749));
#4117 = CARTESIAN_POINT('',(-7.081327891628,59.546306160255,
    42.203842549662));
#4118 = CARTESIAN_POINT('',(-7.001166161696,59.561103684534,
    42.206858767701));
#4119 = CARTESIAN_POINT('',(-6.921301331689,59.574180915704,
    42.209384345515));
#4120 = CARTESIAN_POINT('',(-6.713206532417,59.605503632319,
    42.215216745407));
#4121 = CARTESIAN_POINT('',(-6.597540320539,59.621084471247,
    42.217956578755));
#4122 = CARTESIAN_POINT('',(-6.481745943657,59.635393555914,
    42.220356822792));
#4123 = CARTESIAN_POINT('',(-6.365851851594,59.6486607914,
    42.222485703873));
#4124 = CARTESIAN_POINT('',(-6.249877942608,59.661049498331,
    42.224391665389));
#4125 = CARTESIAN_POINT('',(-6.133838868684,59.672693482169,
    42.226114367828));
#4126 = CARTESIAN_POINT('',(-6.017741738593,59.683672938937,
    42.227677534605));
#4127 = CARTESIAN_POINT('',(-5.574410243661,59.723334166285,
    42.233120887429));
#4128 = CARTESIAN_POINT('',(-5.24683633193,59.747928456343,
    42.236049147477));
#4129 = CARTESIAN_POINT('',(-4.919020126996,59.769426753123,
    42.238356079299));
#4130 = CARTESIAN_POINT('',(-4.591016612156,59.788263047205,
    42.240170106204));
#4131 = CARTESIAN_POINT('',(-4.262879594368,59.804943679386,
    42.241641179194));
#4132 = CARTESIAN_POINT('',(-3.934632577721,59.819667931727,
    42.242828302479));
#4133 = CARTESIAN_POINT('',(-3.60629550584,59.832658750253,
    42.243797525623));
#4134 = CARTESIAN_POINT('',(-2.868785021978,59.858243532059,
    42.245575088731));
#4135 = CARTESIAN_POINT('',(-2.459580208719,59.869957549123,
    42.246285941237));
#4136 = CARTESIAN_POINT('',(-2.050292287631,59.879470817482,
    42.246803801827));
#4137 = CARTESIAN_POINT('',(-1.640943544771,59.886945049797,
    42.247176787105));
#4138 = CARTESIAN_POINT('',(-1.23155205333,59.892486384468,
    42.247436530779));
#4139 = CARTESIAN_POINT('',(-0.822133298654,59.896163521545,
    42.247603516326));
#4140 = CARTESIAN_POINT('',(-0.41270074248,59.898008080591,
    42.247687177643));
#4141 = CARTESIAN_POINT('',(0.336999064882,59.898031501031,
    42.247688240244));
#4142 = CARTESIAN_POINT('',(0.677265029973,59.896776804182,
    42.247631288221));
#4143 = CARTESIAN_POINT('',(1.017523202901,59.89425732439,
    42.247517061597));
#4144 = CARTESIAN_POINT('',(1.357765643743,59.890456694474,
    42.247340681285));
#4145 = CARTESIAN_POINT('',(1.697983827034,59.885343526715,
    42.247092784478));
#4146 = CARTESIAN_POINT('',(2.038168211452,59.878868760021,
    42.246758743794));
#4147 = CARTESIAN_POINT('',(2.378307561933,59.870958463851,
    42.246316550465));
#4148 = CARTESIAN_POINT('',(3.061595145798,59.851958793316,
    42.245144810964));
#4149 = CARTESIAN_POINT('',(3.404737246186,59.84084045214,42.24441250716
    ));
#4150 = CARTESIAN_POINT('',(3.747804804591,59.82803573414,
    42.243503380915));
#4151 = CARTESIAN_POINT('',(4.090780831816,59.813379059984,
    42.242368311042));
#4152 = CARTESIAN_POINT('',(4.433643336882,59.796684412467,
    42.240952137191));
#4153 = CARTESIAN_POINT('',(4.776354262788,59.777603894688,
    42.239151788346));
#4154 = CARTESIAN_POINT('',(5.11886817592,59.755749653066,
    42.236852434477));
#4155 = CARTESIAN_POINT('',(5.548392057703,59.723567691528,
    42.232964081877));
#4156 = CARTESIAN_POINT('',(5.63566877854,59.716780825378,42.23212189419
    ));
#4157 = CARTESIAN_POINT('',(5.722916260292,59.709730827834,
    42.231222669048));
#4158 = CARTESIAN_POINT('',(5.810132048122,59.702398577179,
    42.230260733299));
#4159 = CARTESIAN_POINT('',(5.897313219523,59.69476143968,42.22922937147
    ));
#4160 = CARTESIAN_POINT('',(5.984456225527,59.686791399207,
    42.228120271245));
#4161 = CARTESIAN_POINT('',(6.07155673192,59.678453186858,
    42.226922968941));
#4162 = CARTESIAN_POINT('',(6.250697410946,59.660445480149,
    42.224250504352));
#4163 = CARTESIAN_POINT('',(6.342741849754,59.650725893265,
    42.222763131964));
#4164 = CARTESIAN_POINT('',(6.434738910192,59.64048745914,
    42.221145556504));
#4165 = CARTESIAN_POINT('',(6.526682561729,59.629667082683,
    42.219379094679));
#4166 = CARTESIAN_POINT('',(6.618562117348,59.618170233345,
    42.21743571184));
#4167 = CARTESIAN_POINT('',(6.710363034077,59.605878979054,
    42.215280408241));
#4168 = CARTESIAN_POINT('',(6.802064658809,59.592627681623,
    42.212864003635));
#4169 = CARTESIAN_POINT('',(6.893628571527,59.578081450024,
    42.210087042898));
#4170 = PCURVE('',#496,#4171);
#4171 = DEFINITIONAL_REPRESENTATION('',(#4172),#4364);
#4172 = B_SPLINE_CURVE_WITH_KNOTS('',8,(#4173,#4174,#4175,#4176,#4177,
    #4178,#4179,#4180,#4181,#4182,#4183,#4184,#4185,#4186,#4187,#4188,
    #4189,#4190,#4191,#4192,#4193,#4194,#4195,#4196,#4197,#4198,#4199,
    #4200,#4201,#4202,#4203,#4204,#4205,#4206,#4207,#4208,#4209,#4210,
    #4211,#4212,#4213,#4214,#4215,#4216,#4217,#4218,#4219,#4220,#4221,
    #4222,#4223,#4224,#4225,#4226,#4227,#4228,#4229,#4230,#4231,#4232,
    #4233,#4234,#4235,#4236,#4237,#4238,#4239,#4240,#4241,#4242,#4243,
    #4244,#4245,#4246,#4247,#4248,#4249,#4250,#4251,#4252,#4253,#4254,
    #4255,#4256,#4257,#4258,#4259,#4260,#4261,#4262,#4263,#4264,#4265,
    #4266,#4267,#4268,#4269,#4270,#4271,#4272,#4273,#4274,#4275,#4276,
    #4277,#4278,#4279,#4280,#4281,#4282,#4283,#4284,#4285,#4286,#4287,
    #4288,#4289,#4290,#4291,#4292,#4293,#4294,#4295,#4296,#4297,#4298,
    #4299,#4300,#4301,#4302,#4303,#4304,#4305,#4306,#4307,#4308,#4309,
    #4310,#4311,#4312,#4313,#4314,#4315,#4316,#4317,#4318,#4319,#4320,
    #4321,#4322,#4323,#4324,#4325,#4326,#4327,#4328,#4329,#4330,#4331,
    #4332,#4333,#4334,#4335,#4336,#4337,#4338,#4339,#4340,#4341,#4342,
    #4343,#4344,#4345,#4346,#4347,#4348,#4349,#4350,#4351,#4352,#4353,
    #4354,#4355,#4356,#4357,#4358,#4359,#4360,#4361,#4362,#4363),
  .UNSPECIFIED.,.T.,.F.,(9,7,7,7,7,7,7,7,7,7,7,7,7,7,7,7,7,7,7,7,7,7,7,7
    ,7,7,7,9),(0.,5.904427622373E-02,7.158976553281E-02,
    7.195981119318E-02,7.28072429636E-02,7.908862948217E-02,
    8.91048309159E-02,0.106137316242,0.123100878598,0.16003249041,
    0.196863236391,0.278044606987,0.348918532674,0.424162647833,
    0.445758304301,0.456594368435,0.467485993105,0.479596408086,
    0.481918263157,0.487296634185,0.513771506371,0.546782185877,
    0.639768804355,0.755596050452,0.851856104453,0.949001161933,
    0.973783852443,1.),.UNSPECIFIED.);
#4173 = CARTESIAN_POINT('',(32.072727220087,0.611729897447));
#4174 = CARTESIAN_POINT('',(31.967276578966,0.611866906111));
#4175 = CARTESIAN_POINT('',(31.862388192981,0.612025132259));
#4176 = CARTESIAN_POINT('',(31.757413184379,0.612176435685));
#4177 = CARTESIAN_POINT('',(31.652320676047,0.612364755291));
#4178 = CARTESIAN_POINT('',(31.547097752508,0.612602426617));
#4179 = CARTESIAN_POINT('',(31.441668769846,0.612858568766));
#4180 = CARTESIAN_POINT('',(31.336334014543,0.613139540721));
#4181 = CARTESIAN_POINT('',(31.210713862427,0.613772363854));
#4182 = CARTESIAN_POINT('',(31.198073771191,0.613850188516));
#4183 = CARTESIAN_POINT('',(31.179751366488,0.613945156031));
#4184 = CARTESIAN_POINT('',(31.167995138591,0.61406206672));
#4185 = CARTESIAN_POINT('',(31.143165239979,0.61418501064));
#4186 = CARTESIAN_POINT('',(31.125748451983,0.61441338179));
#4187 = CARTESIAN_POINT('',(31.10542982509,0.614642567564));
#4188 = CARTESIAN_POINT('',(31.103959887089,0.615041922827));
#4189 = CARTESIAN_POINT('',(31.103934982962,0.61505337515));
#4190 = CARTESIAN_POINT('',(31.10392731074,0.615064822169));
#4191 = CARTESIAN_POINT('',(31.103936779694,0.615076248956));
#4192 = CARTESIAN_POINT('',(31.103963187823,0.615087641274));
#4193 = CARTESIAN_POINT('',(31.104006221863,0.61509898558));
#4194 = CARTESIAN_POINT('',(31.104065457283,0.615110269018));
#4195 = CARTESIAN_POINT('',(31.104311887078,0.615147152089));
#4196 = CARTESIAN_POINT('',(31.104566302841,0.615172426474));
#4197 = CARTESIAN_POINT('',(31.104895948181,0.615197199004));
#4198 = CARTESIAN_POINT('',(31.105293388677,0.615221393948));
#4199 = CARTESIAN_POINT('',(31.105751412879,0.615244963417));
#4200 = CARTESIAN_POINT('',(31.106263032307,0.61526788737));
#4201 = CARTESIAN_POINT('',(31.106821481452,0.615290173609));
#4202 = CARTESIAN_POINT('',(31.111858208411,0.615472586576));
#4203 = CARTESIAN_POINT('',(31.118215470748,0.615603000288));
#4204 = CARTESIAN_POINT('',(31.125501281904,0.61571182819));
#4205 = CARTESIAN_POINT('',(31.133043739534,0.615806214691));
#4206 = CARTESIAN_POINT('',(31.140489761834,0.615891719337));
#4207 = CARTESIAN_POINT('',(31.147805087537,0.615972316812));
#4208 = CARTESIAN_POINT('',(31.155274275917,0.616050396935));
#4209 = CARTESIAN_POINT('',(31.176618445742,0.616248539463));
#4210 = CARTESIAN_POINT('',(31.212652983211,0.616539698642));
#4211 = CARTESIAN_POINT('',(31.26753291563,0.616913685316));
#4212 = CARTESIAN_POINT('',(31.33659917384,0.617305198413));
#4213 = CARTESIAN_POINT('',(31.414605023083,0.617670192676));
#4214 = CARTESIAN_POINT('',(31.495716063,0.617985878659));
#4215 = CARTESIAN_POINT('',(31.573510227635,0.61825072273));
#4216 = CARTESIAN_POINT('',(31.755705928203,0.618881893791));
#4217 = CARTESIAN_POINT('',(31.870823025742,0.619238287898));
#4218 = CARTESIAN_POINT('',(31.986173835952,0.61956929224));
#4219 = CARTESIAN_POINT('',(32.101701588,0.619879617562));
#4220 = CARTESIAN_POINT('',(32.217366182967,0.62017283337));
#4221 = CARTESIAN_POINT('',(32.333137481609,0.620452194793));
#4222 = CARTESIAN_POINT('',(32.44900907514,0.620718990505));
#4223 = CARTESIAN_POINT('',(32.680477519984,0.621229807484));
#4224 = CARTESIAN_POINT('',(32.795978170074,0.6214736656));
#4225 = CARTESIAN_POINT('',(32.911478299021,0.62170794258));
#4226 = CARTESIAN_POINT('',(33.026977952707,0.621933670735));
#4227 = CARTESIAN_POINT('',(33.142477687692,0.622151627053));
#4228 = CARTESIAN_POINT('',(33.257977839748,0.622362440265));
#4229 = CARTESIAN_POINT('',(33.373478182396,0.622566641188));
#4230 = CARTESIAN_POINT('',(33.740434210391,0.623195757884));
#4231 = CARTESIAN_POINT('',(33.992096056878,0.623597908479));
#4232 = CARTESIAN_POINT('',(34.243928037755,0.623975438199));
#4233 = CARTESIAN_POINT('',(34.495906511901,0.624330953816));
#4234 = CARTESIAN_POINT('',(34.748013407344,0.624666368074));
#4235 = CARTESIAN_POINT('',(35.000234395521,0.624983196437));
#4236 = CARTESIAN_POINT('',(35.252558734716,0.625282576958));
#4237 = CARTESIAN_POINT('',(35.756707891228,0.625847588233));
#4238 = CARTESIAN_POINT('',(36.00853085846,0.626113310608));
#4239 = CARTESIAN_POINT('',(36.260437567526,0.626363556826));
#4240 = CARTESIAN_POINT('',(36.512419955146,0.626599062627));
#4241 = CARTESIAN_POINT('',(36.7644710279,0.626820414406));
#4242 = CARTESIAN_POINT('',(37.01658465058,0.627028084927));
#4243 = CARTESIAN_POINT('',(37.268755334535,0.627222469034));
#4244 = CARTESIAN_POINT('',(38.076920710464,0.627803867455));
#4245 = CARTESIAN_POINT('',(38.633114749699,0.628140966098));
#4246 = CARTESIAN_POINT('',(39.189506923282,0.628418817945));
#4247 = CARTESIAN_POINT('',(39.746051765449,0.628639675618));
#4248 = CARTESIAN_POINT('',(40.302708561732,0.628804963756));
#4249 = CARTESIAN_POINT('',(40.859439285136,0.628915592584));
#4250 = CARTESIAN_POINT('',(41.41620747188,0.628972063001));
#4251 = CARTESIAN_POINT('',(42.459056497134,0.628976371309));
#4252 = CARTESIAN_POINT('',(42.94513553387,0.628937094475));
#4253 = CARTESIAN_POINT('',(43.431191462047,0.628856549096));
#4254 = CARTESIAN_POINT('',(43.917200052111,0.628734471982));
#4255 = CARTESIAN_POINT('',(44.403136298806,0.628570351876));
#4256 = CARTESIAN_POINT('',(44.888973883001,0.628363385302));
#4257 = CARTESIAN_POINT('',(45.374684326388,0.628112356728));
#4258 = CARTESIAN_POINT('',(46.375727165012,0.62750022122));
#4259 = CARTESIAN_POINT('',(46.891029953427,0.627133273379));
#4260 = CARTESIAN_POINT('',(47.406115118878,0.626712484615));
#4261 = CARTESIAN_POINT('',(47.920940474583,0.62623454468));
#4262 = CARTESIAN_POINT('',(48.435456572429,0.625695956712));
#4263 = CARTESIAN_POINT('',(48.949585004168,0.625089425192));
#4264 = CARTESIAN_POINT('',(49.463238083761,0.62440739802));
#4265 = CARTESIAN_POINT('',(50.123470201533,0.623403882499));
#4266 = CARTESIAN_POINT('',(50.27064963331,0.623172043858));
#4267 = CARTESIAN_POINT('',(50.417770048551,0.622931637281));
#4268 = CARTESIAN_POINT('',(50.56482597163,0.622682011576));
#4269 = CARTESIAN_POINT('',(50.711810595507,0.62242239608));
#4270 = CARTESIAN_POINT('',(50.858715346929,0.622151834001));
#4271 = CARTESIAN_POINT('',(51.00552891748,0.621869034635));
#4272 = CARTESIAN_POINT('',(51.225848931846,0.621423173733));
#4273 = CARTESIAN_POINT('',(51.299434814878,0.621270631144));
#4274 = CARTESIAN_POINT('',(51.372991821193,0.621114324183));
#4275 = CARTESIAN_POINT('',(51.446517613975,0.620953983725));
#4276 = CARTESIAN_POINT('',(51.520009107998,0.620789264037));
#4277 = CARTESIAN_POINT('',(51.593462469624,0.620619742778));
#4278 = CARTESIAN_POINT('',(51.666873116799,0.620444921004));
#4279 = CARTESIAN_POINT('',(51.813974478694,0.620082598812));
#4280 = CARTESIAN_POINT('',(51.88766010308,0.619894768386));
#4281 = CARTESIAN_POINT('',(51.96129244769,0.619700506602));
#4282 = CARTESIAN_POINT('',(52.034865449302,0.61949908752));
#4283 = CARTESIAN_POINT('',(52.10836712599,0.619289284545));
#4284 = CARTESIAN_POINT('',(52.181779577132,0.619069370424));
#4285 = CARTESIAN_POINT('',(52.255078983406,0.618837117247));
#4286 = CARTESIAN_POINT('',(52.409578573938,0.618314800052));
#4287 = CARTESIAN_POINT('',(52.474770455787,0.618121883126));
#4288 = CARTESIAN_POINT('',(52.540736837021,0.617890253669));
#4289 = CARTESIAN_POINT('',(52.615826893405,0.617553019333));
#4290 = CARTESIAN_POINT('',(52.699813391784,0.617097187425));
#4291 = CARTESIAN_POINT('',(52.783892690084,0.616563664902));
#4292 = CARTESIAN_POINT('',(52.850684737311,0.616047258378));
#4293 = CARTESIAN_POINT('',(52.878747850626,0.615629458762));
#4294 = CARTESIAN_POINT('',(52.882861902783,0.61556070116));
#4295 = CARTESIAN_POINT('',(52.886949878245,0.615483776183));
#4296 = CARTESIAN_POINT('',(52.891088845855,0.615393151401));
#4297 = CARTESIAN_POINT('',(52.894707340228,0.615287872489));
#4298 = CARTESIAN_POINT('',(52.896886413985,0.615170726649));
#4299 = CARTESIAN_POINT('',(52.896942648306,0.615046473639));
#4300 = CARTESIAN_POINT('',(52.890244906297,0.61463543877));
#4301 = CARTESIAN_POINT('',(52.876120480316,0.614448225876));
#4302 = CARTESIAN_POINT('',(52.863061257022,0.6142917474));
#4303 = CARTESIAN_POINT('',(52.848415854635,0.614169492844));
#4304 = CARTESIAN_POINT('',(52.835788169193,0.614079997763));
#4305 = CARTESIAN_POINT('',(52.826308496954,0.613999942099));
#4306 = CARTESIAN_POINT('',(52.811413758828,0.613906990302));
#4307 = CARTESIAN_POINT('',(52.724822321095,0.613400234322));
#4308 = CARTESIAN_POINT('',(52.6055353366,0.612906485313));
#4309 = CARTESIAN_POINT('',(52.466639434815,0.612623322565));
#4310 = CARTESIAN_POINT('',(52.328898680946,0.612303445833));
#4311 = CARTESIAN_POINT('',(52.201076402351,0.612119691032));
#4312 = CARTESIAN_POINT('',(52.083949405786,0.611931412753));
#4313 = CARTESIAN_POINT('',(51.967512706551,0.611773761204));
#4314 = CARTESIAN_POINT('',(51.664587007952,0.611409691298));
#4315 = CARTESIAN_POINT('',(51.496512152391,0.611238665496));
#4316 = CARTESIAN_POINT('',(51.328466511543,0.611088837529));
#4317 = CARTESIAN_POINT('',(51.160452485116,0.610955948572));
#4318 = CARTESIAN_POINT('',(50.992470936129,0.610836974695));
#4319 = CARTESIAN_POINT('',(50.824520129497,0.610729440211));
#4320 = CARTESIAN_POINT('',(50.656595939427,0.610631864257));
#4321 = CARTESIAN_POINT('',(50.015726976171,0.610292079436));
#4322 = CARTESIAN_POINT('',(49.542965142432,0.610109291668));
#4323 = CARTESIAN_POINT('',(49.070340435544,0.609965288433));
#4324 = CARTESIAN_POINT('',(48.597839512396,0.609852053296));
#4325 = CARTESIAN_POINT('',(48.125440955656,0.609760226018));
#4326 = CARTESIAN_POINT('',(47.653131008578,0.609686123441));
#4327 = CARTESIAN_POINT('',(47.180889111902,0.60962562262));
#4328 = CARTESIAN_POINT('',(46.12050607391,0.609514663625));
#4329 = CARTESIAN_POINT('',(45.532409463485,0.609470290809));
#4330 = CARTESIAN_POINT('',(44.944377263049,0.60943796493));
#4331 = CARTESIAN_POINT('',(44.356393407156,0.609414682453));
#4332 = CARTESIAN_POINT('',(43.76844486489,0.60939846874));
#4333 = CARTESIAN_POINT('',(43.180519678431,0.609388045173));
#4334 = CARTESIAN_POINT('',(42.592606185106,0.609382822869));
#4335 = CARTESIAN_POINT('',(41.516095539284,0.609382756539));
#4336 = CARTESIAN_POINT('',(41.027500169652,0.609386311597));
#4337 = CARTESIAN_POINT('',(40.538898267328,0.609393441848));
#4338 = CARTESIAN_POINT('',(40.050283144804,0.609404451855));
#4339 = CARTESIAN_POINT('',(39.56164814675,0.609419926063));
#4340 = CARTESIAN_POINT('',(39.072986088668,0.609440777541));
#4341 = CARTESIAN_POINT('',(38.584288419251,0.609468380121));
#4342 = CARTESIAN_POINT('',(37.602306336599,0.609541522412));
#4343 = CARTESIAN_POINT('',(37.109028219043,0.60958723426));
#4344 = CARTESIAN_POINT('',(36.615691973946,0.609643983713));
#4345 = CARTESIAN_POINT('',(36.122281409994,0.609714837014));
#4346 = CARTESIAN_POINT('',(35.628782926459,0.609803237379));
#4347 = CARTESIAN_POINT('',(35.135178005409,0.609915618705));
#4348 = CARTESIAN_POINT('',(34.641448624509,0.610059148909));
#4349 = CARTESIAN_POINT('',(34.021544053039,0.610301867548));
#4350 = CARTESIAN_POINT('',(33.895544128555,0.610354438565));
#4351 = CARTESIAN_POINT('',(33.76954416148,0.610410569972));
#4352 = CARTESIAN_POINT('',(33.643544126979,0.610470615899));
#4353 = CARTESIAN_POINT('',(33.517544079561,0.610534995539));
#4354 = CARTESIAN_POINT('',(33.391544082604,0.610604227762));
#4355 = CARTESIAN_POINT('',(33.265544137886,0.610678965734));
#4356 = CARTESIAN_POINT('',(33.006256117678,0.610845786245));
#4357 = CARTESIAN_POINT('',(32.872953626914,0.610938630964));
#4358 = CARTESIAN_POINT('',(32.739632523507,0.611039603214));
#4359 = CARTESIAN_POINT('',(32.606290586536,0.611149869246));
#4360 = CARTESIAN_POINT('',(32.472927354018,0.611271179036));
#4361 = CARTESIAN_POINT('',(32.339544112101,0.611405717338));
#4362 = CARTESIAN_POINT('',(32.206143375295,0.61155655408));
#4363 = CARTESIAN_POINT('',(32.072727220087,0.611729897447));
#4364 = ( GEOMETRIC_REPRESENTATION_CONTEXT(2) 
PARAMETRIC_REPRESENTATION_CONTEXT() REPRESENTATION_CONTEXT('2D SPACE',''
  ) );
#4365 = PCURVE('',#2989,#4366);
#4366 = DEFINITIONAL_REPRESENTATION('',(#4367),#4559);
#4367 = B_SPLINE_CURVE_WITH_KNOTS('',8,(#4368,#4369,#4370,#4371,#4372,
    #4373,#4374,#4375,#4376,#4377,#4378,#4379,#4380,#4381,#4382,#4383,
    #4384,#4385,#4386,#4387,#4388,#4389,#4390,#4391,#4392,#4393,#4394,
    #4395,#4396,#4397,#4398,#4399,#4400,#4401,#4402,#4403,#4404,#4405,
    #4406,#4407,#4408,#4409,#4410,#4411,#4412,#4413,#4414,#4415,#4416,
    #4417,#4418,#4419,#4420,#4421,#4422,#4423,#4424,#4425,#4426,#4427,
    #4428,#4429,#4430,#4431,#4432,#4433,#4434,#4435,#4436,#4437,#4438,
    #4439,#4440,#4441,#4442,#4443,#4444,#4445,#4446,#4447,#4448,#4449,
    #4450,#4451,#4452,#4453,#4454,#4455,#4456,#4457,#4458,#4459,#4460,
    #4461,#4462,#4463,#4464,#4465,#4466,#4467,#4468,#4469,#4470,#4471,
    #4472,#4473,#4474,#4475,#4476,#4477,#4478,#4479,#4480,#4481,#4482,
    #4483,#4484,#4485,#4486,#4487,#4488,#4489,#4490,#4491,#4492,#4493,
    #4494,#4495,#4496,#4497,#4498,#4499,#4500,#4501,#4502,#4503,#4504,
    #4505,#4506,#4507,#4508,#4509,#4510,#4511,#4512,#4513,#4514,#4515,
    #4516,#4517,#4518,#4519,#4520,#4521,#4522,#4523,#4524,#4525,#4526,
    #4527,#4528,#4529,#4530,#4531,#4532,#4533,#4534,#4535,#4536,#4537,
    #4538,#4539,#4540,#4541,#4542,#4543,#4544,#4545,#4546,#4547,#4548,
    #4549,#4550,#4551,#4552,#4553,#4554,#4555,#4556,#4557,#4558),
  .UNSPECIFIED.,.T.,.F.,(9,7,7,7,7,7,7,7,7,7,7,7,7,7,7,7,7,7,7,7,7,7,7,7
    ,7,7,7,9),(0.,5.904427622373E-02,7.158976553281E-02,
    7.195981119318E-02,7.28072429636E-02,7.908862948217E-02,
    8.91048309159E-02,0.106137316242,0.123100878598,0.16003249041,
    0.196863236391,0.278044606987,0.348918532674,0.424162647833,
    0.445758304301,0.456594368435,0.467485993105,0.479596408086,
    0.481918263157,0.487296634185,0.513771506371,0.546782185877,
    0.639768804355,0.755596050452,0.851856104453,0.949001161933,
    0.973783852443,1.),.UNSPECIFIED.);
#4368 = CARTESIAN_POINT('',(-1.759432418029,-52.89362857152));
#4369 = CARTESIAN_POINT('',(-1.764634556678,-52.96599966695));
#4370 = CARTESIAN_POINT('',(-1.770377710999,-53.0378489184));
#4371 = CARTESIAN_POINT('',(-1.775969689709,-53.1097794379));
#4372 = CARTESIAN_POINT('',(-1.782508407332,-53.18156971693));
#4373 = CARTESIAN_POINT('',(-1.790302404278,-53.2531586448));
#4374 = CARTESIAN_POINT('',(-1.798581848107,-53.32476483498));
#4375 = CARTESIAN_POINT('',(-1.807500015963,-53.39614025924));
#4376 = CARTESIAN_POINT('',(-1.825596513371,-53.47958034581));
#4377 = CARTESIAN_POINT('',(-1.82777169199,-53.48789717627));
#4378 = CARTESIAN_POINT('',(-1.830478562734,-53.50004946474));
#4379 = CARTESIAN_POINT('',(-1.833614646283,-53.50754297105));
#4380 = CARTESIAN_POINT('',(-1.837140304652,-53.52403602308));
#4381 = CARTESIAN_POINT('',(-1.843166107587,-53.53483259261));
#4382 = CARTESIAN_POINT('',(-1.849265433803,-53.54761695801));
#4383 = CARTESIAN_POINT('',(-1.859269886899,-53.54645713765));
#4384 = CARTESIAN_POINT('',(-1.859556467949,-53.54641196493));
#4385 = CARTESIAN_POINT('',(-1.85984259982,-53.54635492103));
#4386 = CARTESIAN_POINT('',(-1.860127911251,-53.54628615031));
#4387 = CARTESIAN_POINT('',(-1.860412050294,-53.54620587018));
#4388 = CARTESIAN_POINT('',(-1.860694684315,-53.54611437109));
#4389 = CARTESIAN_POINT('',(-1.860975499995,-53.54601201658));
#4390 = CARTESIAN_POINT('',(-1.861892454457,-53.54564098394));
#4391 = CARTESIAN_POINT('',(-1.862519232381,-53.54532766297));
#4392 = CARTESIAN_POINT('',(-1.863132090269,-53.54496513599));
#4393 = CARTESIAN_POINT('',(-1.863729272857,-53.54455895228));
#4394 = CARTESIAN_POINT('',(-1.864309716447,-53.54411435479));
#4395 = CARTESIAN_POINT('',(-1.86487304891,-53.54363628005));
#4396 = CARTESIAN_POINT('',(-1.865419589686,-53.54312935825));
#4397 = CARTESIAN_POINT('',(-1.869884482785,-53.53865870311));
#4398 = CARTESIAN_POINT('',(-1.873026070379,-53.53356041882));
#4399 = CARTESIAN_POINT('',(-1.875611407941,-53.52793937984));
#4400 = CARTESIAN_POINT('',(-1.877831341801,-53.5222204686));
#4401 = CARTESIAN_POINT('',(-1.879831269242,-53.51661713043));
#4402 = CARTESIAN_POINT('',(-1.881711138497,-53.51113137356));
#4403 = CARTESIAN_POINT('',(-1.883525448752,-53.50555376913));
#4404 = CARTESIAN_POINT('',(-1.888086212952,-53.48975192479));
#4405 = CARTESIAN_POINT('',(-1.894700043249,-53.46330868603));
#4406 = CARTESIAN_POINT('',(-1.903045497138,-53.42343150902));
#4407 = CARTESIAN_POINT('',(-1.911581864218,-53.37370035693));
#4408 = CARTESIAN_POINT('',(-1.919306967577,-53.31797738201));
#4409 = CARTESIAN_POINT('',(-1.925757163792,-53.26040692559));
#4410 = CARTESIAN_POINT('',(-1.931007342934,-53.2054155181));
#4411 = CARTESIAN_POINT('',(-1.943601325561,-53.07659215134));
#4412 = CARTESIAN_POINT('',(-1.950524828782,-52.99546124884));
#4413 = CARTESIAN_POINT('',(-1.956835625718,-52.91433610591));
#4414 = CARTESIAN_POINT('',(-1.962652455938,-52.83322735749));
#4415 = CARTESIAN_POINT('',(-1.968065233455,-52.75214093544));
#4416 = CARTESIAN_POINT('',(-1.973155841039,-52.67107794579));
#4417 = CARTESIAN_POINT('',(-1.977956616457,-52.59003428201));
#4418 = CARTESIAN_POINT('',(-1.987045059041,-52.42829648184));
#4419 = CARTESIAN_POINT('',(-1.991329967977,-52.34766915209));
#4420 = CARTESIAN_POINT('',(-1.995401047583,-52.26711125485));
#4421 = CARTESIAN_POINT('',(-1.99928407596,-52.18661596486));
#4422 = CARTESIAN_POINT('',(-2.002998449009,-52.10617763571));
#4423 = CARTESIAN_POINT('',(-2.006559865988,-52.02579167704));
#4424 = CARTESIAN_POINT('',(-2.009981590779,-51.94545449062));
#4425 = CARTESIAN_POINT('',(-2.020442868463,-51.69036073698));
#4426 = CARTESIAN_POINT('',(-2.027006110172,-51.51563199351));
#4427 = CARTESIAN_POINT('',(-2.03307304789,-51.34096992217));
#4428 = CARTESIAN_POINT('',(-2.038709437259,-51.16636974401));
#4429 = CARTESIAN_POINT('',(-2.043963583042,-50.9918273365));
#4430 = CARTESIAN_POINT('',(-2.048873788448,-50.81733864283));
#4431 = CARTESIAN_POINT('',(-2.05346885817,-50.64289959127));
#4432 = CARTESIAN_POINT('',(-2.062065560077,-50.29458820093));
#4433 = CARTESIAN_POINT('',(-2.066068835308,-50.12071651508));
#4434 = CARTESIAN_POINT('',(-2.069806251082,-49.94688716279));
#4435 = CARTESIAN_POINT('',(-2.073296486908,-49.77309698859));
#4436 = CARTESIAN_POINT('',(-2.076554459445,-49.59934311386));
#4437 = CARTESIAN_POINT('',(-2.079592218659,-49.42562284136));
#4438 = CARTESIAN_POINT('',(-2.082419843983,-49.25193355985));
#4439 = CARTESIAN_POINT('',(-2.0908355956,-48.69549379321));
#4440 = CARTESIAN_POINT('',(-2.095647394064,-48.31285374183));
#4441 = CARTESIAN_POINT('',(-2.099573810617,-47.93032495007));
#4442 = CARTESIAN_POINT('',(-2.102672722316,-47.54788351277));
#4443 = CARTESIAN_POINT('',(-2.104980894481,-47.1655073715));
#4444 = CARTESIAN_POINT('',(-2.106521843856,-46.78317504362));
#4445 = CARTESIAN_POINT('',(-2.107308478997,-46.40086487309));
#4446 = CARTESIAN_POINT('',(-2.107368488828,-45.68478591826));
#4447 = CARTESIAN_POINT('',(-2.106821387341,-45.35101790955));
#4448 = CARTESIAN_POINT('',(-2.105699630479,-45.01723626128));
#4449 = CARTESIAN_POINT('',(-2.103996428438,-44.68342668528));
#4450 = CARTESIAN_POINT('',(-2.101698571353,-44.34957493366));
#4451 = CARTESIAN_POINT('',(-2.098785320262,-44.01566643238));
#4452 = CARTESIAN_POINT('',(-2.095225402209,-43.68168573502));
#4453 = CARTESIAN_POINT('',(-2.086456552566,-42.99294662007));
#4454 = CARTESIAN_POINT('',(-2.081159219811,-42.6381832424));
#4455 = CARTESIAN_POINT('',(-2.075025916205,-42.28329950256));
#4456 = CARTESIAN_POINT('',(-2.067972223417,-41.92827073982));
#4457 = CARTESIAN_POINT('',(-2.059908752636,-41.57307510136));
#4458 = CARTESIAN_POINT('',(-2.050650499502,-41.21768623773));
#4459 = CARTESIAN_POINT('',(-2.040005634071,-40.86207962236));
#4460 = CARTESIAN_POINT('',(-2.023800634873,-40.40406101205));
#4461 = CARTESIAN_POINT('',(-2.020026445318,-40.30189928318));
#4462 = CARTESIAN_POINT('',(-2.016078806836,-40.1997144244));
#4463 = CARTESIAN_POINT('',(-2.011941310475,-40.09750520271));
#4464 = CARTESIAN_POINT('',(-2.007594539123,-39.99527053901));
#4465 = CARTESIAN_POINT('',(-2.003014393208,-39.89300940716));
#4466 = CARTESIAN_POINT('',(-1.998168380344,-39.79072062854));
#4467 = CARTESIAN_POINT('',(-1.990421479872,-39.63706237088));
#4468 = CARTESIAN_POINT('',(-1.987753801206,-39.58571495338));
#4469 = CARTESIAN_POINT('',(-1.985001989053,-39.53436008364));
#4470 = CARTESIAN_POINT('',(-1.982159272118,-39.48299760023));
#4471 = CARTESIAN_POINT('',(-1.979216951679,-39.4316274062));
#4472 = CARTESIAN_POINT('',(-1.976164401585,-39.38024946909));
#4473 = CARTESIAN_POINT('',(-1.972989068261,-39.32886382092));
#4474 = CARTESIAN_POINT('',(-1.966346888221,-39.22581378301));
#4475 = CARTESIAN_POINT('',(-1.962871812888,-39.17415095836));
#4476 = CARTESIAN_POINT('',(-1.95924560815,-39.12248056948));
#4477 = CARTESIAN_POINT('',(-1.955450021562,-39.07080232799));
#4478 = CARTESIAN_POINT('',(-1.951454184787,-39.01911717179));
#4479 = CARTESIAN_POINT('',(-1.947214613598,-38.96742726512));
#4480 = CARTESIAN_POINT('',(-1.942675207876,-38.91573599852));
#4481 = CARTESIAN_POINT('',(-1.932310087148,-38.80657600783));
#4482 = CARTESIAN_POINT('',(-1.928625634464,-38.76066812499));
#4483 = CARTESIAN_POINT('',(-1.924002513168,-38.71399340731));
#4484 = CARTESIAN_POINT('',(-1.916919620773,-38.66042986859));
#4485 = CARTESIAN_POINT('',(-1.907046132692,-38.60006446943));
#4486 = CARTESIAN_POINT('',(-1.895241502245,-38.5391931173));
#4487 = CARTESIAN_POINT('',(-1.883555460651,-38.49032066648));
#4488 = CARTESIAN_POINT('',(-1.873631447702,-38.46867926166));
#4489 = CARTESIAN_POINT('',(-1.871989055398,-38.46546548903));
#4490 = CARTESIAN_POINT('',(-1.870142147365,-38.46222501602));
#4491 = CARTESIAN_POINT('',(-1.867953960557,-38.45887448416));
#4492 = CARTESIAN_POINT('',(-1.865390161239,-38.45580292629));
#4493 = CARTESIAN_POINT('',(-1.862503458719,-38.45366001124));
#4494 = CARTESIAN_POINT('',(-1.859400168999,-38.45294425917));
#4495 = CARTESIAN_POINT('',(-1.849007846683,-38.45533160965));
#4496 = CARTESIAN_POINT('',(-1.844070992182,-38.46406859745));
#4497 = CARTESIAN_POINT('',(-1.839921770265,-38.47224222087));
#4498 = CARTESIAN_POINT('',(-1.836599054455,-38.48169948031));
#4499 = CARTESIAN_POINT('',(-1.834131975324,-38.48994084796));
#4500 = CARTESIAN_POINT('',(-1.831958457634,-38.49605979939));
#4501 = CARTESIAN_POINT('',(-1.829363996326,-38.50585183786));
#4502 = CARTESIAN_POINT('',(-1.815123593551,-38.56297255274));
#4503 = CARTESIAN_POINT('',(-1.800620495275,-38.64280192688));
#4504 = CARTESIAN_POINT('',(-1.791050320464,-38.73741944076));
#4505 = CARTESIAN_POINT('',(-1.780636248478,-38.83109731393));
#4506 = CARTESIAN_POINT('',(-1.773825952287,-38.91867210837));
#4507 = CARTESIAN_POINT('',(-1.767112899545,-38.9988338383));
#4508 = CARTESIAN_POINT('',(-1.761193850396,-39.07869866831));
#4509 = CARTESIAN_POINT('',(-1.747033363101,-39.28679346758));
#4510 = CARTESIAN_POINT('',(-1.74000264722,-39.40245967946));
#4511 = CARTESIAN_POINT('',(-1.733554510403,-39.51825405634));
#4512 = CARTESIAN_POINT('',(-1.727582797428,-39.6341481484));
#4513 = CARTESIAN_POINT('',(-1.722012145677,-39.75012205739));
#4514 = CARTESIAN_POINT('',(-1.71678082908,-39.86616113131));
#4515 = CARTESIAN_POINT('',(-1.711851928974,-39.9822582614));
#4516 = CARTESIAN_POINT('',(-1.694059473674,-40.42558975633));
#4517 = CARTESIAN_POINT('',(-1.683053226072,-40.75316366806));
#4518 = CARTESIAN_POINT('',(-1.673444365828,-41.08097987301));
#4519 = CARTESIAN_POINT('',(-1.665034899261,-41.40898338783));
#4520 = CARTESIAN_POINT('',(-1.657592796421,-41.73712040564));
#4521 = CARTESIAN_POINT('',(-1.651027715817,-42.06536742227));
#4522 = CARTESIAN_POINT('',(-1.645238035896,-42.39370449416));
#4523 = CARTESIAN_POINT('',(-1.633839610268,-43.13121497802));
#4524 = CARTESIAN_POINT('',(-1.628624001746,-43.54041979128));
#4525 = CARTESIAN_POINT('',(-1.624389719328,-43.94970771236));
#4526 = CARTESIAN_POINT('',(-1.621063733733,-44.35905645522));
#4527 = CARTESIAN_POINT('',(-1.618598224904,-44.76844794667));
#4528 = CARTESIAN_POINT('',(-1.616962252487,-45.17786670134));
#4529 = CARTESIAN_POINT('',(-1.616141606942,-45.58729925752));
#4530 = CARTESIAN_POINT('',(-1.616131187149,-46.33699906488));
#4531 = CARTESIAN_POINT('',(-1.616689405496,-46.67726502997));
#4532 = CARTESIAN_POINT('',(-1.617810321879,-47.0175232029));
#4533 = CARTESIAN_POINT('',(-1.619501308647,-47.35776564374));
#4534 = CARTESIAN_POINT('',(-1.621776488872,-47.69798382703));
#4535 = CARTESIAN_POINT('',(-1.624657954476,-48.03816821145));
#4536 = CARTESIAN_POINT('',(-1.628179073621,-48.37830756193));
#4537 = CARTESIAN_POINT('',(-1.636639414844,-49.06159514579));
#4538 = CARTESIAN_POINT('',(-1.641591567819,-49.40473724618));
#4539 = CARTESIAN_POINT('',(-1.647296725806,-49.74780480459));
#4540 = CARTESIAN_POINT('',(-1.653830083989,-50.09078083181));
#4541 = CARTESIAN_POINT('',(-1.66127597513,-50.43364333688));
#4542 = CARTESIAN_POINT('',(-1.669793234593,-50.77635426278));
#4543 = CARTESIAN_POINT('',(-1.679558687102,-51.11886817592));
#4544 = CARTESIAN_POINT('',(-1.693965804234,-51.5483920577));
#4545 = CARTESIAN_POINT('',(-1.697005307378,-51.63566877854));
#4546 = CARTESIAN_POINT('',(-1.700163995078,-51.72291626029));
#4547 = CARTESIAN_POINT('',(-1.703450654997,-51.81013204812));
#4548 = CARTESIAN_POINT('',(-1.706875696155,-51.89731321952));
#4549 = CARTESIAN_POINT('',(-1.710452014095,-51.98445622552));
#4550 = CARTESIAN_POINT('',(-1.714195856025,-52.07155673192));
#4551 = CARTESIAN_POINT('',(-1.722286937143,-52.25069741094));
#4552 = CARTESIAN_POINT('',(-1.726656994764,-52.34274184975));
#4553 = CARTESIAN_POINT('',(-1.731263764765,-52.43473891019));
#4554 = CARTESIAN_POINT('',(-1.736136339331,-52.52668256172));
#4555 = CARTESIAN_POINT('',(-1.741318360115,-52.61856211734));
#4556 = CARTESIAN_POINT('',(-1.746864291283,-52.71036303407));
#4557 = CARTESIAN_POINT('',(-1.752850672008,-52.8020646588));
#4558 = CARTESIAN_POINT('',(-1.759432418029,-52.89362857152));
#4559 = ( GEOMETRIC_REPRESENTATION_CONTEXT(2) 
PARAMETRIC_REPRESENTATION_CONTEXT() REPRESENTATION_CONTEXT('2D SPACE',''
  ) );
#4560 = ADVANCED_FACE('',(#4561),#443,.T.);
#4561 = FACE_BOUND('',#4562,.T.);
#4562 = EDGE_LOOP('',(#4563,#4583,#4584,#4585));
#4563 = ORIENTED_EDGE('',*,*,#4564,.F.);
#4564 = EDGE_CURVE('',#371,#1381,#4565,.T.);
#4565 = SURFACE_CURVE('',#4566,(#4569,#4576),.PCURVE_S1.);
#4566 = B_SPLINE_CURVE_WITH_KNOTS('',1,(#4567,#4568),.UNSPECIFIED.,.F.,
  .F.,(2,2),(0.,1.),.PIECEWISE_BEZIER_KNOTS.);
#4567 = CARTESIAN_POINT('',(42.,22.5,52.01));
#4568 = CARTESIAN_POINT('',(39.,-1.06581410364E-14,35.99));
#4569 = PCURVE('',#443,#4570);
#4570 = DEFINITIONAL_REPRESENTATION('',(#4571),#4575);
#4571 = LINE('',#4572,#4573);
#4572 = CARTESIAN_POINT('',(70.,0.));
#4573 = VECTOR('',#4574,1.);
#4574 = DIRECTION('',(0.,1.));
#4575 = ( GEOMETRIC_REPRESENTATION_CONTEXT(2) 
PARAMETRIC_REPRESENTATION_CONTEXT() REPRESENTATION_CONTEXT('2D SPACE',''
  ) );
#4576 = PCURVE('',#392,#4577);
#4577 = DEFINITIONAL_REPRESENTATION('',(#4578),#4582);
#4578 = LINE('',#4579,#4580);
#4579 = CARTESIAN_POINT('',(70.,0.));
#4580 = VECTOR('',#4581,1.);
#4581 = DIRECTION('',(0.,1.));
#4582 = ( GEOMETRIC_REPRESENTATION_CONTEXT(2) 
PARAMETRIC_REPRESENTATION_CONTEXT() REPRESENTATION_CONTEXT('2D SPACE',''
  ) );
#4583 = ORIENTED_EDGE('',*,*,#421,.F.);
#4584 = ORIENTED_EDGE('',*,*,#3949,.T.);
#4585 = ORIENTED_EDGE('',*,*,#1678,.T.);
#4586 = ADVANCED_FACE('',(#4587,#4593),#392,.T.);
#4587 = FACE_BOUND('',#4588,.T.);
#4588 = EDGE_LOOP('',(#4589,#4590,#4591,#4592));
#4589 = ORIENTED_EDGE('',*,*,#3390,.F.);
#4590 = ORIENTED_EDGE('',*,*,#370,.F.);
#4591 = ORIENTED_EDGE('',*,*,#4564,.T.);
#4592 = ORIENTED_EDGE('',*,*,#1380,.T.);
#4593 = FACE_BOUND('',#4594,.T.);
#4594 = EDGE_LOOP('',(#4595));
#4595 = ORIENTED_EDGE('',*,*,#4596,.T.);
#4596 = EDGE_CURVE('',#4597,#4597,#4599,.T.);
#4597 = VERTEX_POINT('',#4598);
#4598 = CARTESIAN_POINT('',(31.538310945041,-27.75,40.));
#4599 = SURFACE_CURVE('',#4600,(#4736,#4919),.PCURVE_S1.);
#4600 = B_SPLINE_CURVE_WITH_KNOTS('',8,(#4601,#4602,#4603,#4604,#4605,
    #4606,#4607,#4608,#4609,#4610,#4611,#4612,#4613,#4614,#4615,#4616,
    #4617,#4618,#4619,#4620,#4621,#4622,#4623,#4624,#4625,#4626,#4627,
    #4628,#4629,#4630,#4631,#4632,#4633,#4634,#4635,#4636,#4637,#4638,
    #4639,#4640,#4641,#4642,#4643,#4644,#4645,#4646,#4647,#4648,#4649,
    #4650,#4651,#4652,#4653,#4654,#4655,#4656,#4657,#4658,#4659,#4660,
    #4661,#4662,#4663,#4664,#4665,#4666,#4667,#4668,#4669,#4670,#4671,
    #4672,#4673,#4674,#4675,#4676,#4677,#4678,#4679,#4680,#4681,#4682,
    #4683,#4684,#4685,#4686,#4687,#4688,#4689,#4690,#4691,#4692,#4693,
    #4694,#4695,#4696,#4697,#4698,#4699,#4700,#4701,#4702,#4703,#4704,
    #4705,#4706,#4707,#4708,#4709,#4710,#4711,#4712,#4713,#4714,#4715,
    #4716,#4717,#4718,#4719,#4720,#4721,#4722,#4723,#4724,#4725,#4726,
    #4727,#4728,#4729,#4730,#4731,#4732,#4733,#4734,#4735),
  .UNSPECIFIED.,.T.,.F.,(9,7,7,7,7,7,7,7,7,7,7,7,7,7,7,7,7,7,7,9),(0.,
    5.970527473379E-02,0.1724215865,0.240083044619,0.33285823256,
    0.452546141194,0.622880443955,1.,1.164181765052,1.397867264819,
    1.595861552947,1.680267019599,1.761623874372,1.87083061858,
    2.045409723194,2.239987803902,2.375415292614,2.698797845114,
    2.88566525859,3.026257099485),.UNSPECIFIED.);
#4601 = CARTESIAN_POINT('',(31.538310945041,-27.75,40.));
#4602 = CARTESIAN_POINT('',(31.579498764101,-27.75,40.043013791204));
#4603 = CARTESIAN_POINT('',(31.620613276014,-27.75093981165,
    40.086533422043));
#4604 = CARTESIAN_POINT('',(31.661622228509,-27.75285800784,
    40.130534465063));
#4605 = CARTESIAN_POINT('',(31.702489676573,-27.75579319305,
    40.174987359803));
#4606 = CARTESIAN_POINT('',(31.743176097886,-27.75978312007,
    40.219857172289));
#4607 = CARTESIAN_POINT('',(31.783638508256,-27.76486380663,
    40.26510335453));
#4608 = CARTESIAN_POINT('',(31.823830577056,-27.7710686521,
    40.310679504011));
#4609 = CARTESIAN_POINT('',(31.938976551713,-27.79232026805,
    40.443099190564));
#4610 = CARTESIAN_POINT('',(32.013147969302,-27.81033284701,
    40.530697523464));
#4611 = CARTESIAN_POINT('',(32.085834023722,-27.83266463295,
    40.618922419831));
#4612 = CARTESIAN_POINT('',(32.156652395593,-27.85945973602,
    40.70732955699));
#4613 = CARTESIAN_POINT('',(32.22522243557,-27.89079656621,
    40.795439459441));
#4614 = CARTESIAN_POINT('',(32.291169127601,-27.92667244172,
    40.882742779913));
#4615 = CARTESIAN_POINT('',(32.354129997743,-27.96698327419,
    40.968707393655));
#4616 = CARTESIAN_POINT('',(32.449562707254,-28.03821987262,
    41.103258878157));
#4617 = CARTESIAN_POINT('',(32.484171610801,-28.06646355316,
    41.153064910349));
#4618 = CARTESIAN_POINT('',(32.517522770347,-28.09618466727,
    41.202094390011));
#4619 = CARTESIAN_POINT('',(32.549557417211,-28.12732976062,
    41.250245812915));
#4620 = CARTESIAN_POINT('',(32.580226138686,-28.15983739041,
    41.297426849415));
#4621 = CARTESIAN_POINT('',(32.60948809387,-28.19363888609,
    41.343554010721));
#4622 = CARTESIAN_POINT('',(32.637310229497,-28.22865911015,
    41.388552315179));
#4623 = CARTESIAN_POINT('',(32.699805349777,-28.31439603984,
    41.492415707169));
#4624 = CARTESIAN_POINT('',(32.733191802885,-28.36611892001,
    41.550234296019));
#4625 = CARTESIAN_POINT('',(32.763762018047,-28.41978239686,
    41.605643709352));
#4626 = CARTESIAN_POINT('',(32.791486205376,-28.47517692533,
    41.658521134717));
#4627 = CARTESIAN_POINT('',(32.816360792835,-28.53209223824,
    41.708780649098));
#4628 = CARTESIAN_POINT('',(32.838402448762,-28.59032173728,
    41.756367231406));
#4629 = CARTESIAN_POINT('',(32.857643956222,-28.64966591456,
    41.801252097288));
#4630 = CARTESIAN_POINT('',(32.895402844064,-28.78768681524,
    41.897841619202));
#4631 = CARTESIAN_POINT('',(32.912090587129,-28.86697689149,
    41.947746756862));
#4632 = CARTESIAN_POINT('',(32.924300757297,-28.94741690209,
    41.993146121362));
#4633 = CARTESIAN_POINT('',(32.932167993557,-29.02864687355,
    42.034095480569));
#4634 = CARTESIAN_POINT('',(32.935847079182,-29.11034017302,
    42.070691795138));
#4635 = CARTESIAN_POINT('',(32.935504812361,-29.19220741151,
    42.103061698228));
#4636 = CARTESIAN_POINT('',(32.931312653231,-29.27399906752,
    42.131351677882));
#4637 = CARTESIAN_POINT('',(32.912236360559,-29.47150491456,
    42.190399778525));
#4638 = CARTESIAN_POINT('',(32.893582473513,-29.58688770365,
    42.217124712205));
#4639 = CARTESIAN_POINT('',(32.867971924886,-29.70108354638,
    42.236367447961));
#4640 = CARTESIAN_POINT('',(32.835886160128,-29.81361232505,
    42.248612938368));
#4641 = CARTESIAN_POINT('',(32.797791655759,-29.92408760516,
    42.254347727136));
#4642 = CARTESIAN_POINT('',(32.754131561741,-30.03221495161,
    42.254047068913));
#4643 = CARTESIAN_POINT('',(32.705311961899,-30.13778641235,
    42.248159845503));
#4644 = CARTESIAN_POINT('',(32.53294786834,-30.4684576642,
    42.212585509509));
#4645 = CARTESIAN_POINT('',(32.390917469508,-30.68253998689,
    42.16274086436));
#4646 = CARTESIAN_POINT('',(32.229376253529,-30.88200516283,
    42.092120036344));
#4647 = CARTESIAN_POINT('',(32.051296237805,-31.06622056031,
    42.004129180525));
#4648 = CARTESIAN_POINT('',(31.859325035876,-31.23509155934,
    41.901710996022));
#4649 = CARTESIAN_POINT('',(31.655529732485,-31.38880311234,
    41.787101736893));
#4650 = CARTESIAN_POINT('',(31.441433364709,-31.52774156214,
    41.661973021215));
#4651 = CARTESIAN_POINT('',(31.120467128636,-31.70646305852,
    41.468625701802));
#4652 = CARTESIAN_POINT('',(31.021365660176,-31.75790685011,
    41.408199958461));
#4653 = CARTESIAN_POINT('',(30.920611676012,-31.80660408974,
    41.346091122437));
#4654 = CARTESIAN_POINT('',(30.81829471783,-31.85256789421,
    41.282385260157));
#4655 = CARTESIAN_POINT('',(30.714496625627,-31.89580584843,
    41.217155586744));
#4656 = CARTESIAN_POINT('',(30.609291178826,-31.93631891843,
    41.150462144459));
#4657 = CARTESIAN_POINT('',(30.502743737403,-31.97410036445,
    41.082351481139));
#4658 = CARTESIAN_POINT('',(30.241428707529,-32.05900015168,
    40.913941510431));
#4659 = CARTESIAN_POINT('',(30.085386506687,-32.10328567096,
    40.812250148216));
#4660 = CARTESIAN_POINT('',(29.926911834666,-32.14196119304,
    40.707853096842));
#4661 = CARTESIAN_POINT('',(29.766139865953,-32.174936338,
    40.600790392775));
#4662 = CARTESIAN_POINT('',(29.603212710626,-32.20205071701,
    40.49106255742));
#4663 = CARTESIAN_POINT('',(29.438280045925,-32.22307409887,
    40.378628355072));
#4664 = CARTESIAN_POINT('',(29.271489437688,-32.2376753983,
    40.263378273747));
#4665 = CARTESIAN_POINT('',(28.960160626201,-32.25179609217,
    40.044799755372));
#4666 = CARTESIAN_POINT('',(28.816381998718,-32.25326567857,
    39.942526425893));
#4667 = CARTESIAN_POINT('',(28.671458599719,-32.2494482542,
    39.837924087076));
#4668 = CARTESIAN_POINT('',(28.525427701534,-32.23989004444,
    39.730738432765));
#4669 = CARTESIAN_POINT('',(28.378523961601,-32.2240206708,
    39.620781516565));
#4670 = CARTESIAN_POINT('',(28.231196108478,-32.20101859492,
    39.507845403673));
#4671 = CARTESIAN_POINT('',(28.084103350248,-32.16992347941,
    39.391747602372));
#4672 = CARTESIAN_POINT('',(27.875894838654,-32.11147176699,
    39.220832633111));
#4673 = CARTESIAN_POINT('',(27.813936835257,-32.09222431676,
    39.169127560303));
#4674 = CARTESIAN_POINT('',(27.75231792452,-32.07106706732,
    39.116758752326));
#4675 = CARTESIAN_POINT('',(27.69116799989,-32.04785658412,
    39.063717532806));
#4676 = CARTESIAN_POINT('',(27.630680788172,-32.02244142262,
    39.010028778295));
#4677 = CARTESIAN_POINT('',(27.57111323738,-31.99466618135,
    38.955751150595));
#4678 = CARTESIAN_POINT('',(27.51278396413,-31.96437695863,
    38.900978166799));
#4679 = CARTESIAN_POINT('',(27.401405961621,-31.89966953148,
    38.792693559838));
#4680 = CARTESIAN_POINT('',(27.348200006371,-31.86541553549,
    38.739166582963));
#4681 = CARTESIAN_POINT('',(27.296902255825,-31.82859062726,
    38.685478687919));
#4682 = CARTESIAN_POINT('',(27.248026923107,-31.78917272939,
    38.631914930884));
#4683 = CARTESIAN_POINT('',(27.202129376699,-31.74721215755,
    38.578822235147));
#4684 = CARTESIAN_POINT('',(27.159763239015,-31.70286269396,
    38.526602964141));
#4685 = CARTESIAN_POINT('',(27.121418280329,-31.65642486149,
    38.475705745109));
#4686 = CARTESIAN_POINT('',(27.04182826447,-31.54393865489,
    38.360716213299));
#4687 = CARTESIAN_POINT('',(27.004102167387,-31.4766453467,
    38.298098040354));
#4688 = CARTESIAN_POINT('',(26.975063791811,-31.40771694798,
    38.239895005368));
#4689 = CARTESIAN_POINT('',(26.954476143041,-31.33817853244,
    38.186519562595));
#4690 = CARTESIAN_POINT('',(26.941616304286,-31.26884796507,
    38.137999323673));
#4691 = CARTESIAN_POINT('',(26.935582982523,-31.20033102934,
    38.094149870971));
#4692 = CARTESIAN_POINT('',(26.935458807862,-31.13302671027,
    38.054658218991));
#4693 = CARTESIAN_POINT('',(26.948373472921,-30.9617630243,
    37.962395115607));
#4694 = CARTESIAN_POINT('',(26.969343365749,-30.8598735346,
    37.915767782752));
#4695 = CARTESIAN_POINT('',(27.000135391109,-30.76120262798,
    37.877241861147));
#4696 = CARTESIAN_POINT('',(27.038744353137,-30.66567434583,
    37.845641577152));
#4697 = CARTESIAN_POINT('',(27.08355176033,-30.573101457,37.819942301735
    ));
#4698 = CARTESIAN_POINT('',(27.133470383016,-30.48322960129,
    37.799393104565));
#4699 = CARTESIAN_POINT('',(27.187758003088,-30.39567661411,
    37.783373406551));
#4700 = CARTESIAN_POINT('',(27.311064871415,-30.21437584429,
    37.758158882016));
#4701 = CARTESIAN_POINT('',(27.38082598449,-30.1214087437,
    37.750002865103));
#4702 = CARTESIAN_POINT('',(27.454566546843,-30.03067060662,
    37.746364393012));
#4703 = CARTESIAN_POINT('',(27.531743683336,-29.94192596947,
    37.746845661452));
#4704 = CARTESIAN_POINT('',(27.611946869136,-29.85499210583,
    37.751155575528));
#4705 = CARTESIAN_POINT('',(27.694861747049,-29.76971303833,
    37.75907492741));
#4706 = CARTESIAN_POINT('',(27.780265134533,-29.68595460538,
    37.770453713356));
#4707 = CARTESIAN_POINT('',(27.929073555202,-29.54626468196,
    37.795455650346));
#4708 = CARTESIAN_POINT('',(27.991260250125,-29.48962674023,
    37.807342680828));
#4709 = CARTESIAN_POINT('',(28.054505681168,-29.43364270993,
    37.82082205721));
#4710 = CARTESIAN_POINT('',(28.118759610325,-29.37828571905,
    37.835869528536));
#4711 = CARTESIAN_POINT('',(28.183980644399,-29.32353517155,
    37.852470085656));
#4712 = CARTESIAN_POINT('',(28.250135269915,-29.26937588105,
    37.870617049379));
#4713 = CARTESIAN_POINT('',(28.317196888029,-29.21579720452,
    37.890311158637));
#4714 = CARTESIAN_POINT('',(28.547395404388,-29.03622332658,
    37.962298206876));
#4715 = CARTESIAN_POINT('',(28.714607166773,-28.91299804227,
    38.021870932416));
#4716 = CARTESIAN_POINT('',(28.886589917373,-28.79294858529,
    38.090397171189));
#4717 = CARTESIAN_POINT('',(29.06325147064,-28.67614443935,
    38.168209416489));
#4718 = CARTESIAN_POINT('',(29.244563337613,-28.56286619367,
    38.255817472285));
#4719 = CARTESIAN_POINT('',(29.430546706551,-28.45359555676,
    38.353883949009));
#4720 = CARTESIAN_POINT('',(29.621310475929,-28.34906938831,
    38.463273121204));
#4721 = CARTESIAN_POINT('',(29.930352764881,-28.19345565817,
    38.655711238062));
#4722 = CARTESIAN_POINT('',(30.045164936937,-28.13847237868,
    38.730342196852));
#4723 = CARTESIAN_POINT('',(30.161682232458,-28.08570697542,
    38.809369165818));
#4724 = CARTESIAN_POINT('',(30.279940623264,-28.03545364931,
    38.893042925132));
#4725 = CARTESIAN_POINT('',(30.399938531343,-27.98808927785,
    38.981614420495));
#4726 = CARTESIAN_POINT('',(30.521639271714,-27.94408208701,
    39.075331082601));
#4727 = CARTESIAN_POINT('',(30.644976817945,-27.9040093434,
    39.174438957696));
#4728 = CARTESIAN_POINT('',(30.863825863427,-27.84193145398,
    39.358001785318));
#4729 = CARTESIAN_POINT('',(30.95861912744,-27.81792250214,
    39.439969655982));
#4730 = CARTESIAN_POINT('',(31.054209713376,-27.79685672647,
    39.525199448509));
#4731 = CARTESIAN_POINT('',(31.150497427017,-27.77909362282,
    39.613750215632));
#4732 = CARTESIAN_POINT('',(31.247316967435,-27.76504899338,
    39.705622531663));
#4733 = CARTESIAN_POINT('',(31.344437028248,-27.75518586498,
    39.80074478723));
#4734 = CARTESIAN_POINT('',(31.441558381623,-27.75,39.89895812266));
#4735 = CARTESIAN_POINT('',(31.538310945041,-27.75,40.));
#4736 = PCURVE('',#392,#4737);
#4737 = DEFINITIONAL_REPRESENTATION('',(#4738),#4918);
#4738 = B_SPLINE_CURVE_WITH_KNOTS('',3,(#4739,#4740,#4741,#4742,#4743,
    #4744,#4745,#4746,#4747,#4748,#4749,#4750,#4751,#4752,#4753,#4754,
    #4755,#4756,#4757,#4758,#4759,#4760,#4761,#4762,#4763,#4764,#4765,
    #4766,#4767,#4768,#4769,#4770,#4771,#4772,#4773,#4774,#4775,#4776,
    #4777,#4778,#4779,#4780,#4781,#4782,#4783,#4784,#4785,#4786,#4787,
    #4788,#4789,#4790,#4791,#4792,#4793,#4794,#4795,#4796,#4797,#4798,
    #4799,#4800,#4801,#4802,#4803,#4804,#4805,#4806,#4807,#4808,#4809,
    #4810,#4811,#4812,#4813,#4814,#4815,#4816,#4817,#4818,#4819,#4820,
    #4821,#4822,#4823,#4824,#4825,#4826,#4827,#4828,#4829,#4830,#4831,
    #4832,#4833,#4834,#4835,#4836,#4837,#4838,#4839,#4840,#4841,#4842,
    #4843,#4844,#4845,#4846,#4847,#4848,#4849,#4850,#4851,#4852,#4853,
    #4854,#4855,#4856,#4857,#4858,#4859,#4860,#4861,#4862,#4863,#4864,
    #4865,#4866,#4867,#4868,#4869,#4870,#4871,#4872,#4873,#4874,#4875,
    #4876,#4877,#4878,#4879,#4880,#4881,#4882,#4883,#4884,#4885,#4886,
    #4887,#4888,#4889,#4890,#4891,#4892,#4893,#4894,#4895,#4896,#4897,
    #4898,#4899,#4900,#4901,#4902,#4903,#4904,#4905,#4906,#4907,#4908,
    #4909,#4910,#4911,#4912,#4913,#4914,#4915,#4916,#4917),
  .UNSPECIFIED.,.T.,.F.,(4,1,1,1,1,1,1,1,1,1,1,1,1,1,1,1,1,1,1,1,1,1,1,1
    ,1,1,1,1,1,1,1,1,1,1,1,1,1,1,1,1,1,1,1,1,1,1,1,1,1,1,1,1,1,1,1,1,1,1
    ,1,1,1,1,1,1,1,1,1,1,1,1,1,1,1,1,1,1,1,1,1,1,1,1,1,1,1,1,1,1,1,1,1,1
    ,1,1,1,1,1,1,1,1,1,1,1,1,1,1,1,1,1,1,1,1,1,1,1,1,1,1,1,1,1,1,1,1,1,1
    ,1,1,1,1,1,1,1,1,1,1,1,1,1,1,1,1,1,1,1,1,1,1,1,1,1,1,1,1,1,1,1,1,1,1
    ,1,1,1,1,1,1,1,1,1,1,1,1,1,1,1,1,4),(0.,1.719464261071E-02,
    3.438928522142E-02,5.158392783213E-02,6.877857044283E-02,
    8.597321305354E-02,0.103167855664,0.120362498275,0.137557140886,
    0.154751783496,0.171946426107,0.189141068718,0.206335711329,
    0.223530353939,0.24072499655,0.257919639161,0.275114281771,
    0.292308924382,0.309503566993,0.326698209603,0.343892852214,
    0.361087494825,0.378282137436,0.395476780046,0.412671422657,
    0.429866065268,0.447060707878,0.464255350489,0.4814499931,
    0.498644635711,0.515839278321,0.533033920932,0.550228563543,
    0.567423206153,0.584617848764,0.601812491375,0.619007133986,
    0.636201776596,0.653396419207,0.670591061818,0.687785704428,
    0.704980347039,0.72217498965,0.73936963226,0.756564274871,
    0.773758917482,0.790953560093,0.808148202703,0.825342845314,
    0.842537487925,0.859732130535,0.876926773146,0.894121415757,
    0.911316058368,0.928510700978,0.945705343589,0.9628999862,
    0.98009462881,0.997289271421,1.014483914032,1.031678556643,
    1.048873199253,1.066067841864,1.083262484475,1.100457127085,
    1.117651769696,1.134846412307,1.152041054917,1.169235697528,
    1.186430340139,1.20362498275,1.22081962536,1.238014267971,
    1.255208910582,1.272403553192,1.289598195803,1.306792838414,
    1.323987481025,1.341182123635,1.358376766246,1.375571408857,
    1.392766051467,1.409960694078,1.427155336689,1.4443499793,
    1.46154462191,1.478739264521,1.495933907132,1.513128549742,
    1.530323192353,1.547517834964,1.564712477574,1.581907120185,
    1.599101762796,1.616296405407,1.633491048017,1.650685690628,
    1.667880333239,1.685074975849,1.70226961846,1.719464261071,
    1.736658903682,1.753853546292,1.771048188903,1.788242831514,
    1.805437474124,1.822632116735,1.839826759346,1.857021401957,
    1.874216044567,1.891410687178,1.908605329789,1.925799972399,
    1.94299461501,1.960189257621,1.977383900231,1.994578542842,
    2.011773185453,2.028967828064,2.046162470674,2.063357113285,
    2.080551755896,2.097746398506,2.114941041117,2.132135683728,
    2.149330326339,2.166524968949,2.18371961156,2.200914254171,
    2.218108896781,2.235303539392,2.252498182003,2.269692824614,
    2.286887467224,2.304082109835,2.321276752446,2.338471395056,
    2.355666037667,2.372860680278,2.390055322888,2.407249965499,
    2.42444460811,2.441639250721,2.458833893331,2.476028535942,
    2.493223178553,2.510417821163,2.527612463774,2.544807106385,
    2.562001748996,2.579196391606,2.596391034217,2.613585676828,
    2.630780319438,2.647974962049,2.66516960466,2.682364247271,
    2.699558889881,2.716753532492,2.733948175103,2.751142817713,
    2.768337460324,2.785532102935,2.802726745545,2.819921388156,
    2.837116030767,2.854310673378,2.871505315988,2.888699958599,
    2.90589460121,2.92308924382,2.940283886431,2.957478529042,
    2.974673171653,2.991867814263,3.009062456874,3.026257099485),
  .QUASI_UNIFORM_KNOTS.);
#4739 = CARTESIAN_POINT('',(17.806148635514,0.749687890137));
#4740 = CARTESIAN_POINT('',(17.815701660057,0.747626191366));
#4741 = CARTESIAN_POINT('',(17.832301510636,0.743452666914));
#4742 = CARTESIAN_POINT('',(17.849241238945,0.737060434996));
#4743 = CARTESIAN_POINT('',(17.857765262519,0.730553116537));
#4744 = CARTESIAN_POINT('',(17.857467642151,0.723953088975));
#4745 = CARTESIAN_POINT('',(17.847990390816,0.717284438627));
#4746 = CARTESIAN_POINT('',(17.829060048545,0.710580473655));
#4747 = CARTESIAN_POINT('',(17.800505001543,0.7038753171));
#4748 = CARTESIAN_POINT('',(17.762261747082,0.697205234909));
#4749 = CARTESIAN_POINT('',(17.714384002381,0.690607866938));
#4750 = CARTESIAN_POINT('',(17.657059784917,0.684122727025));
#4751 = CARTESIAN_POINT('',(17.590604651884,0.677788554189));
#4752 = CARTESIAN_POINT('',(17.515420253242,0.671639798105));
#4753 = CARTESIAN_POINT('',(17.432009850464,0.66570916012));
#4754 = CARTESIAN_POINT('',(17.340942480364,0.660024997546));
#4755 = CARTESIAN_POINT('',(17.242838903755,0.654611584665));
#4756 = CARTESIAN_POINT('',(17.138337025421,0.649488044367));
#4757 = CARTESIAN_POINT('',(17.028081577655,0.644669078204));
#4758 = CARTESIAN_POINT('',(16.912706465125,0.640165047282));
#4759 = CARTESIAN_POINT('',(16.792827425076,0.635982569192));
#4760 = CARTESIAN_POINT('',(16.669039981267,0.632125049473));
#4761 = CARTESIAN_POINT('',(16.54189107778,0.628592407261));
#4762 = CARTESIAN_POINT('',(16.411880109359,0.62538190754));
#4763 = CARTESIAN_POINT('',(16.279473879866,0.622489016815));
#4764 = CARTESIAN_POINT('',(16.145101424312,0.619907573462));
#4765 = CARTESIAN_POINT('',(16.009154340448,0.617630108759));
#4766 = CARTESIAN_POINT('',(15.871984033241,0.615648074518));
#4767 = CARTESIAN_POINT('',(15.733906339061,0.613952180065));
#4768 = CARTESIAN_POINT('',(15.59522402698,0.612532773075));
#4769 = CARTESIAN_POINT('',(15.45616884967,0.611379414593));
#4770 = CARTESIAN_POINT('',(15.316962041,0.610481760116));
#4771 = CARTESIAN_POINT('',(15.177801461019,0.609829429141));
#4772 = CARTESIAN_POINT('',(15.038865374475,0.609412110927));
#4773 = CARTESIAN_POINT('',(14.900311943182,0.609219609896));
#4774 = CARTESIAN_POINT('',(14.762278991687,0.609241913073));
#4775 = CARTESIAN_POINT('',(14.624886751348,0.609469247111));
#4776 = CARTESIAN_POINT('',(14.488228225797,0.60989217302));
#4777 = CARTESIAN_POINT('',(14.352405923062,0.610501559154));
#4778 = CARTESIAN_POINT('',(14.217570067492,0.611288100804));
#4779 = CARTESIAN_POINT('',(14.083737292078,0.612243438899));
#4780 = CARTESIAN_POINT('',(13.950953431353,0.613359545093));
#4781 = CARTESIAN_POINT('',(13.819253787836,0.614628821132));
#4782 = CARTESIAN_POINT('',(13.688673516105,0.616044032886));
#4783 = CARTESIAN_POINT('',(13.559244647132,0.617598296827));
#4784 = CARTESIAN_POINT('',(13.430996749725,0.619285059314));
#4785 = CARTESIAN_POINT('',(13.303956664654,0.621098083501));
#4786 = CARTESIAN_POINT('',(13.178148525858,0.623031438873));
#4787 = CARTESIAN_POINT('',(13.053593736146,0.625079493863));
#4788 = CARTESIAN_POINT('',(12.930310980539,0.627236910663));
#4789 = CARTESIAN_POINT('',(12.808316250246,0.629498641839));
#4790 = CARTESIAN_POINT('',(12.687622880543,0.631859928343));
#4791 = CARTESIAN_POINT('',(12.568241599725,0.634316298623));
#4792 = CARTESIAN_POINT('',(12.450180584813,0.636863568715));
#4793 = CARTESIAN_POINT('',(12.333445535768,0.639497842887));
#4794 = CARTESIAN_POINT('',(12.218039720798,0.642215516087));
#4795 = CARTESIAN_POINT('',(12.103964169246,0.645013273448));
#4796 = CARTESIAN_POINT('',(11.991217355212,0.647888105048));
#4797 = CARTESIAN_POINT('',(11.879796827249,0.6508372688));
#4798 = CARTESIAN_POINT('',(11.769693626643,0.653858453216));
#4799 = CARTESIAN_POINT('',(11.660913678441,0.656949202073));
#4800 = CARTESIAN_POINT('',(11.553502067154,0.660106090902));
#4801 = CARTESIAN_POINT('',(11.447456320007,0.663327228425));
#4802 = CARTESIAN_POINT('',(11.342787944194,0.666610541755));
#4803 = CARTESIAN_POINT('',(11.239506907766,0.669954212705));
#4804 = CARTESIAN_POINT('',(11.137625866816,0.673356563633));
#4805 = CARTESIAN_POINT('',(11.0371592081,0.676816087045));
#4806 = CARTESIAN_POINT('',(10.938123102339,0.680331451249));
#4807 = CARTESIAN_POINT('',(10.8405367182,0.68390145865));
#4808 = CARTESIAN_POINT('',(10.744417801818,0.687525218108));
#4809 = CARTESIAN_POINT('',(10.649803220595,0.691201375145));
#4810 = CARTESIAN_POINT('',(10.556715863993,0.69492937952));
#4811 = CARTESIAN_POINT('',(10.465182965634,0.69870883024));
#4812 = CARTESIAN_POINT('',(10.375237750573,0.702539425493));
#4813 = CARTESIAN_POINT('',(10.286919282871,0.706420985663));
#4814 = CARTESIAN_POINT('',(10.200272845082,0.710353458751));
#4815 = CARTESIAN_POINT('',(10.115350254296,0.714336933735));
#4816 = CARTESIAN_POINT('',(10.03221031829,0.718371655487));
#4817 = CARTESIAN_POINT('',(9.950919368926,0.722458046429));
#4818 = CARTESIAN_POINT('',(9.871552079462,0.726596725901));
#4819 = CARTESIAN_POINT('',(9.794191963771,0.730788563495));
#4820 = CARTESIAN_POINT('',(9.718933924099,0.735034635923));
#4821 = CARTESIAN_POINT('',(9.645880152283,0.739336578545));
#4822 = CARTESIAN_POINT('',(9.575161972046,0.743695503369));
#4823 = CARTESIAN_POINT('',(9.506972211964,0.748109648727));
#4824 = CARTESIAN_POINT('',(9.441418965474,0.752584087983));
#4825 = CARTESIAN_POINT('',(9.378674074143,0.75712203299));
#4826 = CARTESIAN_POINT('',(9.318941197565,0.761726858526));
#4827 = CARTESIAN_POINT('',(9.262467449662,0.76640164564));
#4828 = CARTESIAN_POINT('',(9.209544565165,0.771149409911));
#4829 = CARTESIAN_POINT('',(9.160514206322,0.775973196));
#4830 = CARTESIAN_POINT('',(9.115774525407,0.78087618738));
#4831 = CARTESIAN_POINT('',(9.075788306385,0.785862132271));
#4832 = CARTESIAN_POINT('',(9.04109960387,0.790934850371));
#4833 = CARTESIAN_POINT('',(9.012338205968,0.796101620649));
#4834 = CARTESIAN_POINT('',(8.990301482078,0.801361796248));
#4835 = CARTESIAN_POINT('',(8.975902767598,0.806716844359));
#4836 = CARTESIAN_POINT('',(8.970224599086,0.812164503278));
#4837 = CARTESIAN_POINT('',(8.974520309929,0.817695797135));
#4838 = CARTESIAN_POINT('',(8.990184836807,0.823295328648));
#4839 = CARTESIAN_POINT('',(9.018768032273,0.828943475039));
#4840 = CARTESIAN_POINT('',(9.061683424183,0.834585300621));
#4841 = CARTESIAN_POINT('',(9.119997686293,0.84015438925));
#4842 = CARTESIAN_POINT('',(9.194192137294,0.84557293398));
#4843 = CARTESIAN_POINT('',(9.283820438791,0.850751901463));
#4844 = CARTESIAN_POINT('',(9.387175138608,0.855598833443));
#4845 = CARTESIAN_POINT('',(9.502148035937,0.860063393456));
#4846 = CARTESIAN_POINT('',(9.626480215641,0.86412374534));
#4847 = CARTESIAN_POINT('',(9.757938827327,0.867778722755));
#4848 = CARTESIAN_POINT('',(9.894487393145,0.871041896966));
#4849 = CARTESIAN_POINT('',(10.034318502318,0.873935363424));
#4850 = CARTESIAN_POINT('',(10.176253471538,0.876492280131));
#4851 = CARTESIAN_POINT('',(10.319760261948,0.878749887175));
#4852 = CARTESIAN_POINT('',(10.464286521014,0.880737226454));
#4853 = CARTESIAN_POINT('',(10.609396252746,0.882479681757));
#4854 = CARTESIAN_POINT('',(10.754729575217,0.883999118979));
#4855 = CARTESIAN_POINT('',(10.900011559882,0.885314737006));
#4856 = CARTESIAN_POINT('',(11.045046276872,0.886443407476));
#4857 = CARTESIAN_POINT('',(11.189723509458,0.887399990541));
#4858 = CARTESIAN_POINT('',(11.333991008235,0.888197406363));
#4859 = CARTESIAN_POINT('',(11.477952974518,0.888847154202));
#4860 = CARTESIAN_POINT('',(11.621497593457,0.889357808535));
#4861 = CARTESIAN_POINT('',(11.764429612114,0.889736858337));
#4862 = CARTESIAN_POINT('',(11.906771986606,0.889991523722));
#4863 = CARTESIAN_POINT('',(12.048489740055,0.890127814686));
#4864 = CARTESIAN_POINT('',(12.189565014551,0.890150984704));
#4865 = CARTESIAN_POINT('',(12.32997781197,0.890065569467));
#4866 = CARTESIAN_POINT('',(12.469711823163,0.88987550131));
#4867 = CARTESIAN_POINT('',(12.608753350535,0.889584173849));
#4868 = CARTESIAN_POINT('',(12.747092022351,0.889194496112));
#4869 = CARTESIAN_POINT('',(12.884720637979,0.888708933212));
#4870 = CARTESIAN_POINT('',(13.021636245881,0.888129535518));
#4871 = CARTESIAN_POINT('',(13.15783688425,0.887457981735));
#4872 = CARTESIAN_POINT('',(13.293286834945,0.886695803174));
#4873 = CARTESIAN_POINT('',(13.4279786605,0.885844121531));
#4874 = CARTESIAN_POINT('',(13.561896764292,0.88490383487));
#4875 = CARTESIAN_POINT('',(13.695025687295,0.883875591199));
#4876 = CARTESIAN_POINT('',(13.827348290278,0.882759808305));
#4877 = CARTESIAN_POINT('',(13.958845313987,0.881556695325));
#4878 = CARTESIAN_POINT('',(14.089499588434,0.880266222938));
#4879 = CARTESIAN_POINT('',(14.219280314352,0.878888299059));
#4880 = CARTESIAN_POINT('',(14.348147257362,0.877422751367));
#4881 = CARTESIAN_POINT('',(14.476088485708,0.87586890113));
#4882 = CARTESIAN_POINT('',(14.603079405292,0.874225986313));
#4883 = CARTESIAN_POINT('',(14.729093274244,0.872493059854));
#4884 = CARTESIAN_POINT('',(14.854098414488,0.87066902248));
#4885 = CARTESIAN_POINT('',(14.978058973659,0.868752618232));
#4886 = CARTESIAN_POINT('',(15.100934716968,0.866742438498));
#4887 = CARTESIAN_POINT('',(15.222681055729,0.864636922025));
#4888 = CARTESIAN_POINT('',(15.343248984506,0.862434354036));
#4889 = CARTESIAN_POINT('',(15.462585010754,0.860132863338));
#4890 = CARTESIAN_POINT('',(15.580631048058,0.857730417546));
#4891 = CARTESIAN_POINT('',(15.697324283432,0.855224815922));
#4892 = CARTESIAN_POINT('',(15.812596984863,0.852613680539));
#4893 = CARTESIAN_POINT('',(15.926376353499,0.849894442323));
#4894 = CARTESIAN_POINT('',(16.038584016962,0.84706433395));
#4895 = CARTESIAN_POINT('',(16.149136654651,0.844120344099));
#4896 = CARTESIAN_POINT('',(16.257942177279,0.841059301986));
#4897 = CARTESIAN_POINT('',(16.364912264466,0.837877461038));
#4898 = CARTESIAN_POINT('',(16.469913357645,0.834571943926));
#4899 = CARTESIAN_POINT('',(16.572814381888,0.831139454037));
#4900 = CARTESIAN_POINT('',(16.673495034294,0.827575784877));
#4901 = CARTESIAN_POINT('',(16.771810163147,0.823876932636));
#4902 = CARTESIAN_POINT('',(16.867599468113,0.820038818293));
#4903 = CARTESIAN_POINT('',(16.960684871578,0.816057377627));
#4904 = CARTESIAN_POINT('',(17.050871094016,0.811928542521));
#4905 = CARTESIAN_POINT('',(17.137944960094,0.807648261964));
#4906 = CARTESIAN_POINT('',(17.221675806913,0.803212446093));
#4907 = CARTESIAN_POINT('',(17.301811996448,0.798617151893));
#4908 = CARTESIAN_POINT('',(17.378091170523,0.793857853304));
#4909 = CARTESIAN_POINT('',(17.450195831329,0.788932292933));
#4910 = CARTESIAN_POINT('',(17.517801992585,0.783837724239));
#4911 = CARTESIAN_POINT('',(17.580560403668,0.778571981138));
#4912 = CARTESIAN_POINT('',(17.638087858775,0.773134486016));
#4913 = CARTESIAN_POINT('',(17.68997485508,0.767526157538));
#4914 = CARTESIAN_POINT('',(17.735789113041,0.761749710626));
#4915 = CARTESIAN_POINT('',(17.775081824646,0.755809530067));
#4916 = CARTESIAN_POINT('',(17.796620200942,0.751745104368));
#4917 = CARTESIAN_POINT('',(17.806148635514,0.749687890137));
#4918 = ( GEOMETRIC_REPRESENTATION_CONTEXT(2) 
PARAMETRIC_REPRESENTATION_CONTEXT() REPRESENTATION_CONTEXT('2D SPACE',''
  ) );
#4919 = PCURVE('',#1096,#4920);
#4920 = DEFINITIONAL_REPRESENTATION('',(#4921),#5101);
#4921 = B_SPLINE_CURVE_WITH_KNOTS('',3,(#4922,#4923,#4924,#4925,#4926,
    #4927,#4928,#4929,#4930,#4931,#4932,#4933,#4934,#4935,#4936,#4937,
    #4938,#4939,#4940,#4941,#4942,#4943,#4944,#4945,#4946,#4947,#4948,
    #4949,#4950,#4951,#4952,#4953,#4954,#4955,#4956,#4957,#4958,#4959,
    #4960,#4961,#4962,#4963,#4964,#4965,#4966,#4967,#4968,#4969,#4970,
    #4971,#4972,#4973,#4974,#4975,#4976,#4977,#4978,#4979,#4980,#4981,
    #4982,#4983,#4984,#4985,#4986,#4987,#4988,#4989,#4990,#4991,#4992,
    #4993,#4994,#4995,#4996,#4997,#4998,#4999,#5000,#5001,#5002,#5003,
    #5004,#5005,#5006,#5007,#5008,#5009,#5010,#5011,#5012,#5013,#5014,
    #5015,#5016,#5017,#5018,#5019,#5020,#5021,#5022,#5023,#5024,#5025,
    #5026,#5027,#5028,#5029,#5030,#5031,#5032,#5033,#5034,#5035,#5036,
    #5037,#5038,#5039,#5040,#5041,#5042,#5043,#5044,#5045,#5046,#5047,
    #5048,#5049,#5050,#5051,#5052,#5053,#5054,#5055,#5056,#5057,#5058,
    #5059,#5060,#5061,#5062,#5063,#5064,#5065,#5066,#5067,#5068,#5069,
    #5070,#5071,#5072,#5073,#5074,#5075,#5076,#5077,#5078,#5079,#5080,
    #5081,#5082,#5083,#5084,#5085,#5086,#5087,#5088,#5089,#5090,#5091,
    #5092,#5093,#5094,#5095,#5096,#5097,#5098,#5099,#5100),
  .UNSPECIFIED.,.F.,.F.,(4,1,1,1,1,1,1,1,1,1,1,1,1,1,1,1,1,1,1,1,1,1,1,1
    ,1,1,1,1,1,1,1,1,1,1,1,1,1,1,1,1,1,1,1,1,1,1,1,1,1,1,1,1,1,1,1,1,1,1
    ,1,1,1,1,1,1,1,1,1,1,1,1,1,1,1,1,1,1,1,1,1,1,1,1,1,1,1,1,1,1,1,1,1,1
    ,1,1,1,1,1,1,1,1,1,1,1,1,1,1,1,1,1,1,1,1,1,1,1,1,1,1,1,1,1,1,1,1,1,1
    ,1,1,1,1,1,1,1,1,1,1,1,1,1,1,1,1,1,1,1,1,1,1,1,1,1,1,1,1,1,1,1,1,1,1
    ,1,1,1,1,1,1,1,1,1,1,1,1,1,1,1,1,4),(0.,1.719464261071E-02,
    3.438928522142E-02,5.158392783213E-02,6.877857044283E-02,
    8.597321305354E-02,0.103167855664,0.120362498275,0.137557140886,
    0.154751783496,0.171946426107,0.189141068718,0.206335711329,
    0.223530353939,0.24072499655,0.257919639161,0.275114281771,
    0.292308924382,0.309503566993,0.326698209603,0.343892852214,
    0.361087494825,0.378282137436,0.395476780046,0.412671422657,
    0.429866065268,0.447060707878,0.464255350489,0.4814499931,
    0.498644635711,0.515839278321,0.533033920932,0.550228563543,
    0.567423206153,0.584617848764,0.601812491375,0.619007133986,
    0.636201776596,0.653396419207,0.670591061818,0.687785704428,
    0.704980347039,0.72217498965,0.73936963226,0.756564274871,
    0.773758917482,0.790953560093,0.808148202703,0.825342845314,
    0.842537487925,0.859732130535,0.876926773146,0.894121415757,
    0.911316058368,0.928510700978,0.945705343589,0.9628999862,
    0.98009462881,0.997289271421,1.014483914032,1.031678556643,
    1.048873199253,1.066067841864,1.083262484475,1.100457127085,
    1.117651769696,1.134846412307,1.152041054917,1.169235697528,
    1.186430340139,1.20362498275,1.22081962536,1.238014267971,
    1.255208910582,1.272403553192,1.289598195803,1.306792838414,
    1.323987481025,1.341182123635,1.358376766246,1.375571408857,
    1.392766051467,1.409960694078,1.427155336689,1.4443499793,
    1.46154462191,1.478739264521,1.495933907132,1.513128549742,
    1.530323192353,1.547517834964,1.564712477574,1.581907120185,
    1.599101762796,1.616296405407,1.633491048017,1.650685690628,
    1.667880333239,1.685074975849,1.70226961846,1.719464261071,
    1.736658903682,1.753853546292,1.771048188903,1.788242831514,
    1.805437474124,1.822632116735,1.839826759346,1.857021401957,
    1.874216044567,1.891410687178,1.908605329789,1.925799972399,
    1.94299461501,1.960189257621,1.977383900231,1.994578542842,
    2.011773185453,2.028967828064,2.046162470674,2.063357113285,
    2.080551755896,2.097746398506,2.114941041117,2.132135683728,
    2.149330326339,2.166524968949,2.18371961156,2.200914254171,
    2.218108896781,2.235303539392,2.252498182003,2.269692824614,
    2.286887467224,2.304082109835,2.321276752446,2.338471395056,
    2.355666037667,2.372860680278,2.390055322888,2.407249965499,
    2.42444460811,2.441639250721,2.458833893331,2.476028535942,
    2.493223178553,2.510417821163,2.527612463774,2.544807106385,
    2.562001748996,2.579196391606,2.596391034217,2.613585676828,
    2.630780319438,2.647974962049,2.66516960466,2.682364247271,
    2.699558889881,2.716753532492,2.733948175103,2.751142817713,
    2.768337460324,2.785532102935,2.802726745545,2.819921388156,
    2.837116030767,2.854310673378,2.871505315988,2.888699958599,
    2.90589460121,2.92308924382,2.940283886431,2.957478529042,
    2.974673171653,2.991867814263,3.009062456874,3.026257099485),
  .QUASI_UNIFORM_KNOTS.);
#4922 = CARTESIAN_POINT('',(0.,-77.53831094504));
#4923 = CARTESIAN_POINT('',(-1.468032318955E-02,-77.56993891085));
#4924 = CARTESIAN_POINT('',(-4.439397049514E-02,-77.63309430102));
#4925 = CARTESIAN_POINT('',(-8.999730828034E-02,-77.727200996));
#4926 = CARTESIAN_POINT('',(-0.136613845458,-77.8203718456));
#4927 = CARTESIAN_POINT('',(-0.18420127478,-77.91224380705));
#4928 = CARTESIAN_POINT('',(-0.232715413709,-78.00244844156));
#4929 = CARTESIAN_POINT('',(-0.282055185488,-78.09051685853));
#4930 = CARTESIAN_POINT('',(-0.332119668014,-78.17599916286));
#4931 = CARTESIAN_POINT('',(-0.382795380121,-78.25844502098));
#4932 = CARTESIAN_POINT('',(-0.433957690202,-78.33741407898));
#4933 = CARTESIAN_POINT('',(-0.485461615916,-78.41247070814));
#4934 = CARTESIAN_POINT('',(-0.537156330761,-78.48321607878));
#4935 = CARTESIAN_POINT('',(-0.588909503402,-78.54932408715));
#4936 = CARTESIAN_POINT('',(-0.640583480393,-78.61050828486));
#4937 = CARTESIAN_POINT('',(-0.692053383961,-78.66654787406));
#4938 = CARTESIAN_POINT('',(-0.743203805727,-78.71727994977));
#4939 = CARTESIAN_POINT('',(-0.793938300757,-78.76260610285));
#4940 = CARTESIAN_POINT('',(-0.844174375366,-78.80248042781));
#4941 = CARTESIAN_POINT('',(-0.893844701403,-78.83690520817));
#4942 = CARTESIAN_POINT('',(-0.942894063908,-78.86592211682));
#4943 = CARTESIAN_POINT('',(-0.991276183945,-78.88960573233));
#4944 = CARTESIAN_POINT('',(-1.038961307671,-78.9080619204));
#4945 = CARTESIAN_POINT('',(-1.085931963721,-78.92141791843));
#4946 = CARTESIAN_POINT('',(-1.132175660645,-78.92981527129));
#4947 = CARTESIAN_POINT('',(-1.177685927531,-78.93340729261));
#4948 = CARTESIAN_POINT('',(-1.222461462268,-78.93235561513));
#4949 = CARTESIAN_POINT('',(-1.266506606558,-78.92682714787));
#4950 = CARTESIAN_POINT('',(-1.309829556487,-78.91699114289));
#4951 = CARTESIAN_POINT('',(-1.352435593789,-78.90301987611));
#4952 = CARTESIAN_POINT('',(-1.394345001655,-78.88508086778));
#4953 = CARTESIAN_POINT('',(-1.435574335366,-78.86333952924));
#4954 = CARTESIAN_POINT('',(-1.476141018302,-78.83795807455));
#4955 = CARTESIAN_POINT('',(-1.516062572982,-78.80909510019));
#4956 = CARTESIAN_POINT('',(-1.555357180653,-78.77690490573));
#4957 = CARTESIAN_POINT('',(-1.594044070801,-78.74153649372));
#4958 = CARTESIAN_POINT('',(-1.632143070501,-78.70313342298));
#4959 = CARTESIAN_POINT('',(-1.669677528222,-78.66182987991));
#4960 = CARTESIAN_POINT('',(-1.706664463964,-78.61776033575));
#4961 = CARTESIAN_POINT('',(-1.743104994223,-78.57107687036));
#4962 = CARTESIAN_POINT('',(-1.779033486365,-78.52188540231));
#4963 = CARTESIAN_POINT('',(-1.814473370889,-78.47029647974));
#4964 = CARTESIAN_POINT('',(-1.849448379155,-78.41641351663));
#4965 = CARTESIAN_POINT('',(-1.883979996407,-78.36033633786));
#4966 = CARTESIAN_POINT('',(-1.918088533386,-78.30216051906));
#4967 = CARTESIAN_POINT('',(-1.951793167016,-78.24197776558));
#4968 = CARTESIAN_POINT('',(-1.985112207783,-78.17987593961));
#4969 = CARTESIAN_POINT('',(-2.018063266837,-78.11593912074));
#4970 = CARTESIAN_POINT('',(-2.05066341871,-78.05024760802));
#4971 = CARTESIAN_POINT('',(-2.082929340688,-77.9828778977));
#4972 = CARTESIAN_POINT('',(-2.114877439297,-77.91390263584));
#4973 = CARTESIAN_POINT('',(-2.146523965411,-77.84339055257));
#4974 = CARTESIAN_POINT('',(-2.177885120712,-77.77140638192));
#4975 = CARTESIAN_POINT('',(-2.208977158376,-77.69801076761));
#4976 = CARTESIAN_POINT('',(-2.239816476357,-77.62326016568));
#4977 = CARTESIAN_POINT('',(-2.270419717811,-77.54720670941));
#4978 = CARTESIAN_POINT('',(-2.300803832685,-77.46989816524));
#4979 = CARTESIAN_POINT('',(-2.330986281018,-77.39137749518));
#4980 = CARTESIAN_POINT('',(-2.360984714746,-77.31168382211));
#4981 = CARTESIAN_POINT('',(-2.390818625978,-77.2308480784));
#4982 = CARTESIAN_POINT('',(-2.420503692409,-77.14890839328));
#4983 = CARTESIAN_POINT('',(-2.45004499148,-77.06593096088));
#4984 = CARTESIAN_POINT('',(-2.479460824441,-76.98194396026));
#4985 = CARTESIAN_POINT('',(-2.508766066516,-76.89698315425));
#4986 = CARTESIAN_POINT('',(-2.537976512821,-76.81108029487));
#4987 = CARTESIAN_POINT('',(-2.567107850277,-76.72426617115));
#4988 = CARTESIAN_POINT('',(-2.596176041744,-76.63656983025));
#4989 = CARTESIAN_POINT('',(-2.625197448697,-76.54801846274));
#4990 = CARTESIAN_POINT('',(-2.654188596642,-76.45863845809));
#4991 = CARTESIAN_POINT('',(-2.683167635858,-76.36845111508));
#4992 = CARTESIAN_POINT('',(-2.712148308474,-76.27749190815));
#4993 = CARTESIAN_POINT('',(-2.741150150992,-76.18577909424));
#4994 = CARTESIAN_POINT('',(-2.770193244624,-76.09333016805));
#4995 = CARTESIAN_POINT('',(-2.799297952109,-76.00016327863));
#4996 = CARTESIAN_POINT('',(-2.828485217984,-75.90629682685));
#4997 = CARTESIAN_POINT('',(-2.857776735872,-75.811749535));
#4998 = CARTESIAN_POINT('',(-2.887195177194,-75.71654036391));
#4999 = CARTESIAN_POINT('',(-2.916764433886,-75.6206884524));
#5000 = CARTESIAN_POINT('',(-2.946509916232,-75.52421297101));
#5001 = CARTESIAN_POINT('',(-2.976458846074,-75.42713311487));
#5002 = CARTESIAN_POINT('',(-3.006640810801,-75.32946741155));
#5003 = CARTESIAN_POINT('',(-3.037087652922,-75.23123538275));
#5004 = CARTESIAN_POINT('',(-3.067836215092,-75.13245019541));
#5005 = CARTESIAN_POINT('',(-3.098920876717,-75.03314468881));
#5006 = CARTESIAN_POINT('',(-3.130357235044,-74.93342391141));
#5007 = CARTESIAN_POINT('',(-3.162211532989,-74.83324712821));
#5008 = CARTESIAN_POINT('',(-3.194539150994,-74.73262840902));
#5009 = CARTESIAN_POINT('',(-3.227399709907,-74.63159147465));
#5010 = CARTESIAN_POINT('',(-3.260854532524,-74.53018205406));
#5011 = CARTESIAN_POINT('',(-3.294969109052,-74.42846493623));
#5012 = CARTESIAN_POINT('',(-3.32981477371,-74.32652476216));
#5013 = CARTESIAN_POINT('',(-3.365470693376,-74.22446709175));
#5014 = CARTESIAN_POINT('',(-3.402028583412,-74.12241451641));
#5015 = CARTESIAN_POINT('',(-3.439590985291,-74.02052221021));
#5016 = CARTESIAN_POINT('',(-3.47829962096,-73.91892064418));
#5017 = CARTESIAN_POINT('',(-3.51825321164,-73.81794766288));
#5018 = CARTESIAN_POINT('',(-3.559585131485,-73.71795475007));
#5019 = CARTESIAN_POINT('',(-3.602423635831,-73.61943125355));
#5020 = CARTESIAN_POINT('',(-3.646871124129,-73.52306017441));
#5021 = CARTESIAN_POINT('',(-3.693006502735,-73.42970382604));
#5022 = CARTESIAN_POINT('',(-3.740907298079,-73.34037096945));
#5023 = CARTESIAN_POINT('',(-3.790374656966,-73.25665727194));
#5024 = CARTESIAN_POINT('',(-3.84109900162,-73.18023724491));
#5025 = CARTESIAN_POINT('',(-3.892629372702,-73.1127617405));
#5026 = CARTESIAN_POINT('',(-3.94432610054,-73.05571078979));
#5027 = CARTESIAN_POINT('',(-3.995365869186,-73.0101110093));
#5028 = CARTESIAN_POINT('',(-4.045190137972,-72.97605479346));
#5029 = CARTESIAN_POINT('',(-4.093423064534,-72.95304306381));
#5030 = CARTESIAN_POINT('',(-4.139829933368,-72.94019954027));
#5031 = CARTESIAN_POINT('',(-4.18429383897,-72.93645029547));
#5032 = CARTESIAN_POINT('',(-4.22677377399,-72.94065344643));
#5033 = CARTESIAN_POINT('',(-4.267386059432,-72.95171801142));
#5034 = CARTESIAN_POINT('',(-4.306363319138,-72.96873869932));
#5035 = CARTESIAN_POINT('',(-4.343866252811,-72.99094959758));
#5036 = CARTESIAN_POINT('',(-4.380039545589,-73.01769824566));
#5037 = CARTESIAN_POINT('',(-4.415008432124,-73.0484273114));
#5038 = CARTESIAN_POINT('',(-4.44888775208,-73.08266295498));
#5039 = CARTESIAN_POINT('',(-4.481784899099,-73.12000623405));
#5040 = CARTESIAN_POINT('',(-4.513804743531,-73.16012978079));
#5041 = CARTESIAN_POINT('',(-4.545046535018,-73.20276518383));
#5042 = CARTESIAN_POINT('',(-4.575626905984,-73.24773180089));
#5043 = CARTESIAN_POINT('',(-4.605603151031,-73.29481674064));
#5044 = CARTESIAN_POINT('',(-4.635007269517,-73.34379538033));
#5045 = CARTESIAN_POINT('',(-4.663908717233,-73.39453421743));
#5046 = CARTESIAN_POINT('',(-4.692357715059,-73.44689922739));
#5047 = CARTESIAN_POINT('',(-4.72040223882,-73.50077713365));
#5048 = CARTESIAN_POINT('',(-4.74808491423,-73.55606707899));
#5049 = CARTESIAN_POINT('',(-4.77544501109,-73.61268078887));
#5050 = CARTESIAN_POINT('',(-4.802518841524,-73.67054091087));
#5051 = CARTESIAN_POINT('',(-4.829340428719,-73.7295802397));
#5052 = CARTESIAN_POINT('',(-4.855941924253,-73.78974084123));
#5053 = CARTESIAN_POINT('',(-4.882354208848,-73.85097384862));
#5054 = CARTESIAN_POINT('',(-4.90860663438,-73.91323736066));
#5055 = CARTESIAN_POINT('',(-4.934720596645,-73.97647971523));
#5056 = CARTESIAN_POINT('',(-4.960721764414,-74.04066707277));
#5057 = CARTESIAN_POINT('',(-4.986633284734,-74.10576653347));
#5058 = CARTESIAN_POINT('',(-5.01247756892,-74.17174966152));
#5059 = CARTESIAN_POINT('',(-5.038276129917,-74.23859141972));
#5060 = CARTESIAN_POINT('',(-5.064049664604,-74.30626962307));
#5061 = CARTESIAN_POINT('',(-5.089819046206,-74.37476690586));
#5062 = CARTESIAN_POINT('',(-5.115602362539,-74.44406211591));
#5063 = CARTESIAN_POINT('',(-5.14141577891,-74.51413226053));
#5064 = CARTESIAN_POINT('',(-5.167281268557,-74.58497287451));
#5065 = CARTESIAN_POINT('',(-5.193218635213,-74.65657627618));
#5066 = CARTESIAN_POINT('',(-5.219247715107,-74.72893703484));
#5067 = CARTESIAN_POINT('',(-5.245387946234,-74.80205042812));
#5068 = CARTESIAN_POINT('',(-5.271658639335,-74.87591279652));
#5069 = CARTESIAN_POINT('',(-5.298079058165,-74.95052141044));
#5070 = CARTESIAN_POINT('',(-5.324668549783,-75.02587449047));
#5071 = CARTESIAN_POINT('',(-5.351446662396,-75.10197121131));
#5072 = CARTESIAN_POINT('',(-5.378433270249,-75.178811737));
#5073 = CARTESIAN_POINT('',(-5.405648702887,-75.2563972751));
#5074 = CARTESIAN_POINT('',(-5.433113885072,-75.33473016083));
#5075 = CARTESIAN_POINT('',(-5.46085048227,-75.41381394912));
#5076 = CARTESIAN_POINT('',(-5.488881085293,-75.4936536004));
#5077 = CARTESIAN_POINT('',(-5.517229326373,-75.57425544854));
#5078 = CARTESIAN_POINT('',(-5.545920347289,-75.6556281205));
#5079 = CARTESIAN_POINT('',(-5.574980069688,-75.73778005034));
#5080 = CARTESIAN_POINT('',(-5.604439072429,-75.82072985645));
#5081 = CARTESIAN_POINT('',(-5.63431936367,-75.90446867851));
#5082 = CARTESIAN_POINT('',(-5.664647058472,-75.98899564623));
#5083 = CARTESIAN_POINT('',(-5.695456182835,-76.07432761596));
#5084 = CARTESIAN_POINT('',(-5.726778880865,-76.16047109385));
#5085 = CARTESIAN_POINT('',(-5.758648343077,-76.24742983448));
#5086 = CARTESIAN_POINT('',(-5.791098349985,-76.33520290973));
#5087 = CARTESIAN_POINT('',(-5.824163804332,-76.4237854653));
#5088 = CARTESIAN_POINT('',(-5.857880942297,-76.51316850034));
#5089 = CARTESIAN_POINT('',(-5.892288167781,-76.60334011091));
#5090 = CARTESIAN_POINT('',(-5.927425120963,-76.69428209881));
#5091 = CARTESIAN_POINT('',(-5.963338667505,-76.78598389931));
#5092 = CARTESIAN_POINT('',(-6.000062122951,-76.87838856009));
#5093 = CARTESIAN_POINT('',(-6.037637024737,-76.97144806381));
#5094 = CARTESIAN_POINT('',(-6.07610575555,-77.06510246868));
#5095 = CARTESIAN_POINT('',(-6.115505206699,-77.15926377502));
#5096 = CARTESIAN_POINT('',(-6.155868551511,-77.25382028123));
#5097 = CARTESIAN_POINT('',(-6.197224609494,-77.34863432209));
#5098 = CARTESIAN_POINT('',(-6.239598465196,-77.4435455763));
#5099 = CARTESIAN_POINT('',(-6.268538865828,-77.50675406083));
#5100 = CARTESIAN_POINT('',(-6.28318530718,-77.53831094504));
#5101 = ( GEOMETRIC_REPRESENTATION_CONTEXT(2) 
PARAMETRIC_REPRESENTATION_CONTEXT() REPRESENTATION_CONTEXT('2D SPACE',''
  ) );
#5102 = ADVANCED_FACE('',(#5103,#5206),#659,.F.);
#5103 = FACE_BOUND('',#5104,.F.);
#5104 = EDGE_LOOP('',(#5105,#5128,#5156,#5184,#5205));
#5105 = ORIENTED_EDGE('',*,*,#5106,.F.);
#5106 = EDGE_CURVE('',#5107,#636,#5109,.T.);
#5107 = VERTEX_POINT('',#5108);
#5108 = CARTESIAN_POINT('',(40.,-37.,47.));
#5109 = SURFACE_CURVE('',#5110,(#5114,#5121),.PCURVE_S1.);
#5110 = LINE('',#5111,#5112);
#5111 = CARTESIAN_POINT('',(40.,-37.,47.));
#5112 = VECTOR('',#5113,1.);
#5113 = DIRECTION('',(0.,1.,0.));
#5114 = PCURVE('',#659,#5115);
#5115 = DEFINITIONAL_REPRESENTATION('',(#5116),#5120);
#5116 = LINE('',#5117,#5118);
#5117 = CARTESIAN_POINT('',(14.,0.));
#5118 = VECTOR('',#5119,1.);
#5119 = DIRECTION('',(0.,-1.));
#5120 = ( GEOMETRIC_REPRESENTATION_CONTEXT(2) 
PARAMETRIC_REPRESENTATION_CONTEXT() REPRESENTATION_CONTEXT('2D SPACE',''
  ) );
#5121 = PCURVE('',#727,#5122);
#5122 = DEFINITIONAL_REPRESENTATION('',(#5123),#5127);
#5123 = LINE('',#5124,#5125);
#5124 = CARTESIAN_POINT('',(0.,0.));
#5125 = VECTOR('',#5126,1.);
#5126 = DIRECTION('',(0.,1.));
#5127 = ( GEOMETRIC_REPRESENTATION_CONTEXT(2) 
PARAMETRIC_REPRESENTATION_CONTEXT() REPRESENTATION_CONTEXT('2D SPACE',''
  ) );
#5128 = ORIENTED_EDGE('',*,*,#5129,.F.);
#5129 = EDGE_CURVE('',#5130,#5107,#5132,.T.);
#5130 = VERTEX_POINT('',#5131);
#5131 = CARTESIAN_POINT('',(40.,-37.,33.));
#5132 = SURFACE_CURVE('',#5133,(#5137,#5144),.PCURVE_S1.);
#5133 = LINE('',#5134,#5135);
#5134 = CARTESIAN_POINT('',(40.,-37.,33.));
#5135 = VECTOR('',#5136,1.);
#5136 = DIRECTION('',(0.,0.,1.));
#5137 = PCURVE('',#659,#5138);
#5138 = DEFINITIONAL_REPRESENTATION('',(#5139),#5143);
#5139 = LINE('',#5140,#5141);
#5140 = CARTESIAN_POINT('',(0.,0.));
#5141 = VECTOR('',#5142,1.);
#5142 = DIRECTION('',(1.,0.));
#5143 = ( GEOMETRIC_REPRESENTATION_CONTEXT(2) 
PARAMETRIC_REPRESENTATION_CONTEXT() REPRESENTATION_CONTEXT('2D SPACE',''
  ) );
#5144 = PCURVE('',#5145,#5150);
#5145 = PLANE('',#5146);
#5146 = AXIS2_PLACEMENT_3D('',#5147,#5148,#5149);
#5147 = CARTESIAN_POINT('',(40.,-37.,33.));
#5148 = DIRECTION('',(0.,1.,0.));
#5149 = DIRECTION('',(0.,0.,1.));
#5150 = DEFINITIONAL_REPRESENTATION('',(#5151),#5155);
#5151 = LINE('',#5152,#5153);
#5152 = CARTESIAN_POINT('',(0.,0.));
#5153 = VECTOR('',#5154,1.);
#5154 = DIRECTION('',(1.,0.));
#5155 = ( GEOMETRIC_REPRESENTATION_CONTEXT(2) 
PARAMETRIC_REPRESENTATION_CONTEXT() REPRESENTATION_CONTEXT('2D SPACE',''
  ) );
#5156 = ORIENTED_EDGE('',*,*,#5157,.T.);
#5157 = EDGE_CURVE('',#5130,#5158,#5160,.T.);
#5158 = VERTEX_POINT('',#5159);
#5159 = CARTESIAN_POINT('',(40.,-23.,33.));
#5160 = SURFACE_CURVE('',#5161,(#5165,#5172),.PCURVE_S1.);
#5161 = LINE('',#5162,#5163);
#5162 = CARTESIAN_POINT('',(40.,-37.,33.));
#5163 = VECTOR('',#5164,1.);
#5164 = DIRECTION('',(0.,1.,0.));
#5165 = PCURVE('',#659,#5166);
#5166 = DEFINITIONAL_REPRESENTATION('',(#5167),#5171);
#5167 = LINE('',#5168,#5169);
#5168 = CARTESIAN_POINT('',(0.,0.));
#5169 = VECTOR('',#5170,1.);
#5170 = DIRECTION('',(0.,-1.));
#5171 = ( GEOMETRIC_REPRESENTATION_CONTEXT(2) 
PARAMETRIC_REPRESENTATION_CONTEXT() REPRESENTATION_CONTEXT('2D SPACE',''
  ) );
#5172 = PCURVE('',#5173,#5178);
#5173 = PLANE('',#5174);
#5174 = AXIS2_PLACEMENT_3D('',#5175,#5176,#5177);
#5175 = CARTESIAN_POINT('',(40.,-37.,33.));
#5176 = DIRECTION('',(0.,0.,1.));
#5177 = DIRECTION('',(1.,0.,0.));
#5178 = DEFINITIONAL_REPRESENTATION('',(#5179),#5183);
#5179 = LINE('',#5180,#5181);
#5180 = CARTESIAN_POINT('',(0.,0.));
#5181 = VECTOR('',#5182,1.);
#5182 = DIRECTION('',(0.,1.));
#5183 = ( GEOMETRIC_REPRESENTATION_CONTEXT(2) 
PARAMETRIC_REPRESENTATION_CONTEXT() REPRESENTATION_CONTEXT('2D SPACE',''
  ) );
#5184 = ORIENTED_EDGE('',*,*,#5185,.T.);
#5185 = EDGE_CURVE('',#5158,#634,#5186,.T.);
#5186 = SURFACE_CURVE('',#5187,(#5191,#5198),.PCURVE_S1.);
#5187 = LINE('',#5188,#5189);
#5188 = CARTESIAN_POINT('',(40.,-23.,33.));
#5189 = VECTOR('',#5190,1.);
#5190 = DIRECTION('',(0.,0.,1.));
#5191 = PCURVE('',#659,#5192);
#5192 = DEFINITIONAL_REPRESENTATION('',(#5193),#5197);
#5193 = LINE('',#5194,#5195);
#5194 = CARTESIAN_POINT('',(0.,-14.));
#5195 = VECTOR('',#5196,1.);
#5196 = DIRECTION('',(1.,0.));
#5197 = ( GEOMETRIC_REPRESENTATION_CONTEXT(2) 
PARAMETRIC_REPRESENTATION_CONTEXT() REPRESENTATION_CONTEXT('2D SPACE',''
  ) );
#5198 = PCURVE('',#695,#5199);
#5199 = DEFINITIONAL_REPRESENTATION('',(#5200),#5204);
#5200 = LINE('',#5201,#5202);
#5201 = CARTESIAN_POINT('',(0.,0.));
#5202 = VECTOR('',#5203,1.);
#5203 = DIRECTION('',(1.,0.));
#5204 = ( GEOMETRIC_REPRESENTATION_CONTEXT(2) 
PARAMETRIC_REPRESENTATION_CONTEXT() REPRESENTATION_CONTEXT('2D SPACE',''
  ) );
#5205 = ORIENTED_EDGE('',*,*,#633,.T.);
#5206 = FACE_BOUND('',#5207,.F.);
#5207 = EDGE_LOOP('',(#5208));
#5208 = ORIENTED_EDGE('',*,*,#5209,.T.);
#5209 = EDGE_CURVE('',#5210,#5210,#5212,.T.);
#5210 = VERTEX_POINT('',#5211);
#5211 = CARTESIAN_POINT('',(40.,-27.75,40.));
#5212 = SURFACE_CURVE('',#5213,(#5218,#5229),.PCURVE_S1.);
#5213 = CIRCLE('',#5214,2.25);
#5214 = AXIS2_PLACEMENT_3D('',#5215,#5216,#5217);
#5215 = CARTESIAN_POINT('',(40.,-30.,40.));
#5216 = DIRECTION('',(-1.,0.,0.));
#5217 = DIRECTION('',(0.,1.,0.));
#5218 = PCURVE('',#659,#5219);
#5219 = DEFINITIONAL_REPRESENTATION('',(#5220),#5228);
#5220 = ( BOUNDED_CURVE() B_SPLINE_CURVE(2,(#5221,#5222,#5223,#5224,
#5225,#5226,#5227),.UNSPECIFIED.,.T.,.F.) B_SPLINE_CURVE_WITH_KNOTS((1,2
    ,2,2,2,1),(-2.094395102393,0.,2.094395102393,4.188790204786,
6.28318530718,8.377580409573),.UNSPECIFIED.) CURVE() 
GEOMETRIC_REPRESENTATION_ITEM() RATIONAL_B_SPLINE_CURVE((1.,0.5,1.,0.5,
1.,0.5,1.)) REPRESENTATION_ITEM('') );
#5221 = CARTESIAN_POINT('',(7.,-9.25));
#5222 = CARTESIAN_POINT('',(3.10288568297,-9.25));
#5223 = CARTESIAN_POINT('',(5.051442841485,-5.875));
#5224 = CARTESIAN_POINT('',(7.,-2.5));
#5225 = CARTESIAN_POINT('',(8.948557158515,-5.875));
#5226 = CARTESIAN_POINT('',(10.89711431703,-9.25));
#5227 = CARTESIAN_POINT('',(7.,-9.25));
#5228 = ( GEOMETRIC_REPRESENTATION_CONTEXT(2) 
PARAMETRIC_REPRESENTATION_CONTEXT() REPRESENTATION_CONTEXT('2D SPACE',''
  ) );
#5229 = PCURVE('',#5230,#5235);
#5230 = CYLINDRICAL_SURFACE('',#5231,2.25);
#5231 = AXIS2_PLACEMENT_3D('',#5232,#5233,#5234);
#5232 = CARTESIAN_POINT('',(-46.,-30.,40.));
#5233 = DIRECTION('',(-1.,-0.,-0.));
#5234 = DIRECTION('',(0.,1.,0.));
#5235 = DEFINITIONAL_REPRESENTATION('',(#5236),#5240);
#5236 = LINE('',#5237,#5238);
#5237 = CARTESIAN_POINT('',(-6.28318530718,-86.));
#5238 = VECTOR('',#5239,1.);
#5239 = DIRECTION('',(1.,-0.));
#5240 = ( GEOMETRIC_REPRESENTATION_CONTEXT(2) 
PARAMETRIC_REPRESENTATION_CONTEXT() REPRESENTATION_CONTEXT('2D SPACE',''
  ) );
#5241 = ADVANCED_FACE('',(#5242),#695,.T.);
#5242 = FACE_BOUND('',#5243,.T.);
#5243 = EDGE_LOOP('',(#5244,#5274,#5295,#5296,#5297));
#5244 = ORIENTED_EDGE('',*,*,#5245,.F.);
#5245 = EDGE_CURVE('',#5246,#5248,#5250,.T.);
#5246 = VERTEX_POINT('',#5247);
#5247 = CARTESIAN_POINT('',(45.,-23.,33.));
#5248 = VERTEX_POINT('',#5249);
#5249 = CARTESIAN_POINT('',(45.,-23.,47.));
#5250 = SURFACE_CURVE('',#5251,(#5255,#5262),.PCURVE_S1.);
#5251 = LINE('',#5252,#5253);
#5252 = CARTESIAN_POINT('',(45.,-23.,33.));
#5253 = VECTOR('',#5254,1.);
#5254 = DIRECTION('',(0.,0.,1.));
#5255 = PCURVE('',#695,#5256);
#5256 = DEFINITIONAL_REPRESENTATION('',(#5257),#5261);
#5257 = LINE('',#5258,#5259);
#5258 = CARTESIAN_POINT('',(0.,5.));
#5259 = VECTOR('',#5260,1.);
#5260 = DIRECTION('',(1.,0.));
#5261 = ( GEOMETRIC_REPRESENTATION_CONTEXT(2) 
PARAMETRIC_REPRESENTATION_CONTEXT() REPRESENTATION_CONTEXT('2D SPACE',''
  ) );
#5262 = PCURVE('',#5263,#5268);
#5263 = PLANE('',#5264);
#5264 = AXIS2_PLACEMENT_3D('',#5265,#5266,#5267);
#5265 = CARTESIAN_POINT('',(45.,-37.,33.));
#5266 = DIRECTION('',(1.,0.,0.));
#5267 = DIRECTION('',(0.,0.,1.));
#5268 = DEFINITIONAL_REPRESENTATION('',(#5269),#5273);
#5269 = LINE('',#5270,#5271);
#5270 = CARTESIAN_POINT('',(0.,-14.));
#5271 = VECTOR('',#5272,1.);
#5272 = DIRECTION('',(1.,0.));
#5273 = ( GEOMETRIC_REPRESENTATION_CONTEXT(2) 
PARAMETRIC_REPRESENTATION_CONTEXT() REPRESENTATION_CONTEXT('2D SPACE',''
  ) );
#5274 = ORIENTED_EDGE('',*,*,#5275,.F.);
#5275 = EDGE_CURVE('',#5158,#5246,#5276,.T.);
#5276 = SURFACE_CURVE('',#5277,(#5281,#5288),.PCURVE_S1.);
#5277 = LINE('',#5278,#5279);
#5278 = CARTESIAN_POINT('',(40.,-23.,33.));
#5279 = VECTOR('',#5280,1.);
#5280 = DIRECTION('',(1.,0.,0.));
#5281 = PCURVE('',#695,#5282);
#5282 = DEFINITIONAL_REPRESENTATION('',(#5283),#5287);
#5283 = LINE('',#5284,#5285);
#5284 = CARTESIAN_POINT('',(0.,0.));
#5285 = VECTOR('',#5286,1.);
#5286 = DIRECTION('',(0.,1.));
#5287 = ( GEOMETRIC_REPRESENTATION_CONTEXT(2) 
PARAMETRIC_REPRESENTATION_CONTEXT() REPRESENTATION_CONTEXT('2D SPACE',''
  ) );
#5288 = PCURVE('',#5173,#5289);
#5289 = DEFINITIONAL_REPRESENTATION('',(#5290),#5294);
#5290 = LINE('',#5291,#5292);
#5291 = CARTESIAN_POINT('',(0.,14.));
#5292 = VECTOR('',#5293,1.);
#5293 = DIRECTION('',(1.,0.));
#5294 = ( GEOMETRIC_REPRESENTATION_CONTEXT(2) 
PARAMETRIC_REPRESENTATION_CONTEXT() REPRESENTATION_CONTEXT('2D SPACE',''
  ) );
#5295 = ORIENTED_EDGE('',*,*,#5185,.T.);
#5296 = ORIENTED_EDGE('',*,*,#675,.F.);
#5297 = ORIENTED_EDGE('',*,*,#5298,.T.);
#5298 = EDGE_CURVE('',#676,#5248,#5299,.T.);
#5299 = SURFACE_CURVE('',#5300,(#5304,#5311),.PCURVE_S1.);
#5300 = LINE('',#5301,#5302);
#5301 = CARTESIAN_POINT('',(40.,-23.,47.));
#5302 = VECTOR('',#5303,1.);
#5303 = DIRECTION('',(1.,0.,0.));
#5304 = PCURVE('',#695,#5305);
#5305 = DEFINITIONAL_REPRESENTATION('',(#5306),#5310);
#5306 = LINE('',#5307,#5308);
#5307 = CARTESIAN_POINT('',(14.,0.));
#5308 = VECTOR('',#5309,1.);
#5309 = DIRECTION('',(0.,1.));
#5310 = ( GEOMETRIC_REPRESENTATION_CONTEXT(2) 
PARAMETRIC_REPRESENTATION_CONTEXT() REPRESENTATION_CONTEXT('2D SPACE',''
  ) );
#5311 = PCURVE('',#727,#5312);
#5312 = DEFINITIONAL_REPRESENTATION('',(#5313),#5317);
#5313 = LINE('',#5314,#5315);
#5314 = CARTESIAN_POINT('',(0.,14.));
#5315 = VECTOR('',#5316,1.);
#5316 = DIRECTION('',(1.,0.));
#5317 = ( GEOMETRIC_REPRESENTATION_CONTEXT(2) 
PARAMETRIC_REPRESENTATION_CONTEXT() REPRESENTATION_CONTEXT('2D SPACE',''
  ) );
#5318 = ADVANCED_FACE('',(#5319),#727,.T.);
#5319 = FACE_BOUND('',#5320,.T.);
#5320 = EDGE_LOOP('',(#5321,#5322,#5345,#5366,#5367));
#5321 = ORIENTED_EDGE('',*,*,#5106,.F.);
#5322 = ORIENTED_EDGE('',*,*,#5323,.T.);
#5323 = EDGE_CURVE('',#5107,#5324,#5326,.T.);
#5324 = VERTEX_POINT('',#5325);
#5325 = CARTESIAN_POINT('',(45.,-37.,47.));
#5326 = SURFACE_CURVE('',#5327,(#5331,#5338),.PCURVE_S1.);
#5327 = LINE('',#5328,#5329);
#5328 = CARTESIAN_POINT('',(40.,-37.,47.));
#5329 = VECTOR('',#5330,1.);
#5330 = DIRECTION('',(1.,0.,0.));
#5331 = PCURVE('',#727,#5332);
#5332 = DEFINITIONAL_REPRESENTATION('',(#5333),#5337);
#5333 = LINE('',#5334,#5335);
#5334 = CARTESIAN_POINT('',(0.,0.));
#5335 = VECTOR('',#5336,1.);
#5336 = DIRECTION('',(1.,0.));
#5337 = ( GEOMETRIC_REPRESENTATION_CONTEXT(2) 
PARAMETRIC_REPRESENTATION_CONTEXT() REPRESENTATION_CONTEXT('2D SPACE',''
  ) );
#5338 = PCURVE('',#5145,#5339);
#5339 = DEFINITIONAL_REPRESENTATION('',(#5340),#5344);
#5340 = LINE('',#5341,#5342);
#5341 = CARTESIAN_POINT('',(14.,0.));
#5342 = VECTOR('',#5343,1.);
#5343 = DIRECTION('',(0.,1.));
#5344 = ( GEOMETRIC_REPRESENTATION_CONTEXT(2) 
PARAMETRIC_REPRESENTATION_CONTEXT() REPRESENTATION_CONTEXT('2D SPACE',''
  ) );
#5345 = ORIENTED_EDGE('',*,*,#5346,.T.);
#5346 = EDGE_CURVE('',#5324,#5248,#5347,.T.);
#5347 = SURFACE_CURVE('',#5348,(#5352,#5359),.PCURVE_S1.);
#5348 = LINE('',#5349,#5350);
#5349 = CARTESIAN_POINT('',(45.,-37.,47.));
#5350 = VECTOR('',#5351,1.);
#5351 = DIRECTION('',(0.,1.,0.));
#5352 = PCURVE('',#727,#5353);
#5353 = DEFINITIONAL_REPRESENTATION('',(#5354),#5358);
#5354 = LINE('',#5355,#5356);
#5355 = CARTESIAN_POINT('',(5.,0.));
#5356 = VECTOR('',#5357,1.);
#5357 = DIRECTION('',(0.,1.));
#5358 = ( GEOMETRIC_REPRESENTATION_CONTEXT(2) 
PARAMETRIC_REPRESENTATION_CONTEXT() REPRESENTATION_CONTEXT('2D SPACE',''
  ) );
#5359 = PCURVE('',#5263,#5360);
#5360 = DEFINITIONAL_REPRESENTATION('',(#5361),#5365);
#5361 = LINE('',#5362,#5363);
#5362 = CARTESIAN_POINT('',(14.,0.));
#5363 = VECTOR('',#5364,1.);
#5364 = DIRECTION('',(0.,-1.));
#5365 = ( GEOMETRIC_REPRESENTATION_CONTEXT(2) 
PARAMETRIC_REPRESENTATION_CONTEXT() REPRESENTATION_CONTEXT('2D SPACE',''
  ) );
#5366 = ORIENTED_EDGE('',*,*,#5298,.F.);
#5367 = ORIENTED_EDGE('',*,*,#709,.T.);
#5368 = ADVANCED_FACE('',(#5369),#1096,.F.);
#5369 = FACE_BOUND('',#5370,.T.);
#5370 = EDGE_LOOP('',(#5371,#5372,#5393,#5394));
#5371 = ORIENTED_EDGE('',*,*,#4596,.F.);
#5372 = ORIENTED_EDGE('',*,*,#5373,.T.);
#5373 = EDGE_CURVE('',#4597,#744,#5374,.T.);
#5374 = SEAM_CURVE('',#5375,(#5379,#5386),.PCURVE_S1.);
#5375 = LINE('',#5376,#5377);
#5376 = CARTESIAN_POINT('',(-46.,-27.75,40.));
#5377 = VECTOR('',#5378,1.);
#5378 = DIRECTION('',(1.,0.,0.));
#5379 = PCURVE('',#1096,#5380);
#5380 = DEFINITIONAL_REPRESENTATION('',(#5381),#5385);
#5381 = LINE('',#5382,#5383);
#5382 = CARTESIAN_POINT('',(-0.,0.));
#5383 = VECTOR('',#5384,1.);
#5384 = DIRECTION('',(-0.,-1.));
#5385 = ( GEOMETRIC_REPRESENTATION_CONTEXT(2) 
PARAMETRIC_REPRESENTATION_CONTEXT() REPRESENTATION_CONTEXT('2D SPACE',''
  ) );
#5386 = PCURVE('',#1096,#5387);
#5387 = DEFINITIONAL_REPRESENTATION('',(#5388),#5392);
#5388 = LINE('',#5389,#5390);
#5389 = CARTESIAN_POINT('',(-6.28318530718,0.));
#5390 = VECTOR('',#5391,1.);
#5391 = DIRECTION('',(-0.,-1.));
#5392 = ( GEOMETRIC_REPRESENTATION_CONTEXT(2) 
PARAMETRIC_REPRESENTATION_CONTEXT() REPRESENTATION_CONTEXT('2D SPACE',''
  ) );
#5393 = ORIENTED_EDGE('',*,*,#743,.F.);
#5394 = ORIENTED_EDGE('',*,*,#5373,.F.);
#5395 = ADVANCED_FACE('',(#5396,#5499),#1796,.T.);
#5396 = FACE_BOUND('',#5397,.T.);
#5397 = EDGE_LOOP('',(#5398,#5421,#5449,#5477,#5498));
#5398 = ORIENTED_EDGE('',*,*,#5399,.F.);
#5399 = EDGE_CURVE('',#5400,#1773,#5402,.T.);
#5400 = VERTEX_POINT('',#5401);
#5401 = CARTESIAN_POINT('',(-40.,53.,33.));
#5402 = SURFACE_CURVE('',#5403,(#5407,#5414),.PCURVE_S1.);
#5403 = LINE('',#5404,#5405);
#5404 = CARTESIAN_POINT('',(-40.,53.,33.));
#5405 = VECTOR('',#5406,1.);
#5406 = DIRECTION('',(0.,0.,1.));
#5407 = PCURVE('',#1796,#5408);
#5408 = DEFINITIONAL_REPRESENTATION('',(#5409),#5413);
#5409 = LINE('',#5410,#5411);
#5410 = CARTESIAN_POINT('',(0.,0.));
#5411 = VECTOR('',#5412,1.);
#5412 = DIRECTION('',(1.,0.));
#5413 = ( GEOMETRIC_REPRESENTATION_CONTEXT(2) 
PARAMETRIC_REPRESENTATION_CONTEXT() REPRESENTATION_CONTEXT('2D SPACE',''
  ) );
#5414 = PCURVE('',#1831,#5415);
#5415 = DEFINITIONAL_REPRESENTATION('',(#5416),#5420);
#5416 = LINE('',#5417,#5418);
#5417 = CARTESIAN_POINT('',(0.,5.));
#5418 = VECTOR('',#5419,1.);
#5419 = DIRECTION('',(1.,0.));
#5420 = ( GEOMETRIC_REPRESENTATION_CONTEXT(2) 
PARAMETRIC_REPRESENTATION_CONTEXT() REPRESENTATION_CONTEXT('2D SPACE',''
  ) );
#5421 = ORIENTED_EDGE('',*,*,#5422,.T.);
#5422 = EDGE_CURVE('',#5400,#5423,#5425,.T.);
#5423 = VERTEX_POINT('',#5424);
#5424 = CARTESIAN_POINT('',(-40.,67.,33.));
#5425 = SURFACE_CURVE('',#5426,(#5430,#5437),.PCURVE_S1.);
#5426 = LINE('',#5427,#5428);
#5427 = CARTESIAN_POINT('',(-40.,53.,33.));
#5428 = VECTOR('',#5429,1.);
#5429 = DIRECTION('',(0.,1.,0.));
#5430 = PCURVE('',#1796,#5431);
#5431 = DEFINITIONAL_REPRESENTATION('',(#5432),#5436);
#5432 = LINE('',#5433,#5434);
#5433 = CARTESIAN_POINT('',(0.,0.));
#5434 = VECTOR('',#5435,1.);
#5435 = DIRECTION('',(0.,-1.));
#5436 = ( GEOMETRIC_REPRESENTATION_CONTEXT(2) 
PARAMETRIC_REPRESENTATION_CONTEXT() REPRESENTATION_CONTEXT('2D SPACE',''
  ) );
#5437 = PCURVE('',#5438,#5443);
#5438 = PLANE('',#5439);
#5439 = AXIS2_PLACEMENT_3D('',#5440,#5441,#5442);
#5440 = CARTESIAN_POINT('',(-45.,53.,33.));
#5441 = DIRECTION('',(0.,0.,1.));
#5442 = DIRECTION('',(1.,0.,0.));
#5443 = DEFINITIONAL_REPRESENTATION('',(#5444),#5448);
#5444 = LINE('',#5445,#5446);
#5445 = CARTESIAN_POINT('',(5.,0.));
#5446 = VECTOR('',#5447,1.);
#5447 = DIRECTION('',(0.,1.));
#5448 = ( GEOMETRIC_REPRESENTATION_CONTEXT(2) 
PARAMETRIC_REPRESENTATION_CONTEXT() REPRESENTATION_CONTEXT('2D SPACE',''
  ) );
#5449 = ORIENTED_EDGE('',*,*,#5450,.T.);
#5450 = EDGE_CURVE('',#5423,#5451,#5453,.T.);
#5451 = VERTEX_POINT('',#5452);
#5452 = CARTESIAN_POINT('',(-40.,67.,47.));
#5453 = SURFACE_CURVE('',#5454,(#5458,#5465),.PCURVE_S1.);
#5454 = LINE('',#5455,#5456);
#5455 = CARTESIAN_POINT('',(-40.,67.,33.));
#5456 = VECTOR('',#5457,1.);
#5457 = DIRECTION('',(0.,0.,1.));
#5458 = PCURVE('',#1796,#5459);
#5459 = DEFINITIONAL_REPRESENTATION('',(#5460),#5464);
#5460 = LINE('',#5461,#5462);
#5461 = CARTESIAN_POINT('',(0.,-14.));
#5462 = VECTOR('',#5463,1.);
#5463 = DIRECTION('',(1.,0.));
#5464 = ( GEOMETRIC_REPRESENTATION_CONTEXT(2) 
PARAMETRIC_REPRESENTATION_CONTEXT() REPRESENTATION_CONTEXT('2D SPACE',''
  ) );
#5465 = PCURVE('',#5466,#5471);
#5466 = PLANE('',#5467);
#5467 = AXIS2_PLACEMENT_3D('',#5468,#5469,#5470);
#5468 = CARTESIAN_POINT('',(-45.,67.,33.));
#5469 = DIRECTION('',(0.,1.,0.));
#5470 = DIRECTION('',(0.,0.,1.));
#5471 = DEFINITIONAL_REPRESENTATION('',(#5472),#5476);
#5472 = LINE('',#5473,#5474);
#5473 = CARTESIAN_POINT('',(0.,5.));
#5474 = VECTOR('',#5475,1.);
#5475 = DIRECTION('',(1.,0.));
#5476 = ( GEOMETRIC_REPRESENTATION_CONTEXT(2) 
PARAMETRIC_REPRESENTATION_CONTEXT() REPRESENTATION_CONTEXT('2D SPACE',''
  ) );
#5477 = ORIENTED_EDGE('',*,*,#5478,.F.);
#5478 = EDGE_CURVE('',#1775,#5451,#5479,.T.);
#5479 = SURFACE_CURVE('',#5480,(#5484,#5491),.PCURVE_S1.);
#5480 = LINE('',#5481,#5482);
#5481 = CARTESIAN_POINT('',(-40.,53.,47.));
#5482 = VECTOR('',#5483,1.);
#5483 = DIRECTION('',(0.,1.,0.));
#5484 = PCURVE('',#1796,#5485);
#5485 = DEFINITIONAL_REPRESENTATION('',(#5486),#5490);
#5486 = LINE('',#5487,#5488);
#5487 = CARTESIAN_POINT('',(14.,0.));
#5488 = VECTOR('',#5489,1.);
#5489 = DIRECTION('',(0.,-1.));
#5490 = ( GEOMETRIC_REPRESENTATION_CONTEXT(2) 
PARAMETRIC_REPRESENTATION_CONTEXT() REPRESENTATION_CONTEXT('2D SPACE',''
  ) );
#5491 = PCURVE('',#1863,#5492);
#5492 = DEFINITIONAL_REPRESENTATION('',(#5493),#5497);
#5493 = LINE('',#5494,#5495);
#5494 = CARTESIAN_POINT('',(5.,0.));
#5495 = VECTOR('',#5496,1.);
#5496 = DIRECTION('',(0.,1.));
#5497 = ( GEOMETRIC_REPRESENTATION_CONTEXT(2) 
PARAMETRIC_REPRESENTATION_CONTEXT() REPRESENTATION_CONTEXT('2D SPACE',''
  ) );
#5498 = ORIENTED_EDGE('',*,*,#1772,.F.);
#5499 = FACE_BOUND('',#5500,.T.);
#5500 = EDGE_LOOP('',(#5501));
#5501 = ORIENTED_EDGE('',*,*,#5502,.T.);
#5502 = EDGE_CURVE('',#5503,#5503,#5505,.T.);
#5503 = VERTEX_POINT('',#5504);
#5504 = CARTESIAN_POINT('',(-40.,62.25,40.));
#5505 = SURFACE_CURVE('',#5506,(#5511,#5522),.PCURVE_S1.);
#5506 = CIRCLE('',#5507,2.25);
#5507 = AXIS2_PLACEMENT_3D('',#5508,#5509,#5510);
#5508 = CARTESIAN_POINT('',(-40.,60.,40.));
#5509 = DIRECTION('',(-1.,0.,0.));
#5510 = DIRECTION('',(0.,1.,0.));
#5511 = PCURVE('',#1796,#5512);
#5512 = DEFINITIONAL_REPRESENTATION('',(#5513),#5521);
#5513 = ( BOUNDED_CURVE() B_SPLINE_CURVE(2,(#5514,#5515,#5516,#5517,
#5518,#5519,#5520),.UNSPECIFIED.,.T.,.F.) B_SPLINE_CURVE_WITH_KNOTS((1,2
    ,2,2,2,1),(-2.094395102393,0.,2.094395102393,4.188790204786,
6.28318530718,8.377580409573),.UNSPECIFIED.) CURVE() 
GEOMETRIC_REPRESENTATION_ITEM() RATIONAL_B_SPLINE_CURVE((1.,0.5,1.,0.5,
1.,0.5,1.)) REPRESENTATION_ITEM('') );
#5514 = CARTESIAN_POINT('',(7.,-9.25));
#5515 = CARTESIAN_POINT('',(3.10288568297,-9.25));
#5516 = CARTESIAN_POINT('',(5.051442841485,-5.875));
#5517 = CARTESIAN_POINT('',(7.,-2.5));
#5518 = CARTESIAN_POINT('',(8.948557158515,-5.875));
#5519 = CARTESIAN_POINT('',(10.89711431703,-9.25));
#5520 = CARTESIAN_POINT('',(7.,-9.25));
#5521 = ( GEOMETRIC_REPRESENTATION_CONTEXT(2) 
PARAMETRIC_REPRESENTATION_CONTEXT() REPRESENTATION_CONTEXT('2D SPACE',''
  ) );
#5522 = PCURVE('',#5523,#5528);
#5523 = CYLINDRICAL_SURFACE('',#5524,2.25);
#5524 = AXIS2_PLACEMENT_3D('',#5525,#5526,#5527);
#5525 = CARTESIAN_POINT('',(-46.,60.,40.));
#5526 = DIRECTION('',(-1.,-0.,-0.));
#5527 = DIRECTION('',(0.,1.,0.));
#5528 = DEFINITIONAL_REPRESENTATION('',(#5529),#5533);
#5529 = LINE('',#5530,#5531);
#5530 = CARTESIAN_POINT('',(-6.28318530718,-6.));
#5531 = VECTOR('',#5532,1.);
#5532 = DIRECTION('',(1.,-0.));
#5533 = ( GEOMETRIC_REPRESENTATION_CONTEXT(2) 
PARAMETRIC_REPRESENTATION_CONTEXT() REPRESENTATION_CONTEXT('2D SPACE',''
  ) );
#5534 = ADVANCED_FACE('',(#5535),#1831,.F.);
#5535 = FACE_BOUND('',#5536,.F.);
#5536 = EDGE_LOOP('',(#5537,#5538,#5561,#5589,#5610));
#5537 = ORIENTED_EDGE('',*,*,#5399,.F.);
#5538 = ORIENTED_EDGE('',*,*,#5539,.F.);
#5539 = EDGE_CURVE('',#5540,#5400,#5542,.T.);
#5540 = VERTEX_POINT('',#5541);
#5541 = CARTESIAN_POINT('',(-45.,53.,33.));
#5542 = SURFACE_CURVE('',#5543,(#5547,#5554),.PCURVE_S1.);
#5543 = LINE('',#5544,#5545);
#5544 = CARTESIAN_POINT('',(-45.,53.,33.));
#5545 = VECTOR('',#5546,1.);
#5546 = DIRECTION('',(1.,0.,0.));
#5547 = PCURVE('',#1831,#5548);
#5548 = DEFINITIONAL_REPRESENTATION('',(#5549),#5553);
#5549 = LINE('',#5550,#5551);
#5550 = CARTESIAN_POINT('',(0.,0.));
#5551 = VECTOR('',#5552,1.);
#5552 = DIRECTION('',(0.,1.));
#5553 = ( GEOMETRIC_REPRESENTATION_CONTEXT(2) 
PARAMETRIC_REPRESENTATION_CONTEXT() REPRESENTATION_CONTEXT('2D SPACE',''
  ) );
#5554 = PCURVE('',#5438,#5555);
#5555 = DEFINITIONAL_REPRESENTATION('',(#5556),#5560);
#5556 = LINE('',#5557,#5558);
#5557 = CARTESIAN_POINT('',(0.,0.));
#5558 = VECTOR('',#5559,1.);
#5559 = DIRECTION('',(1.,0.));
#5560 = ( GEOMETRIC_REPRESENTATION_CONTEXT(2) 
PARAMETRIC_REPRESENTATION_CONTEXT() REPRESENTATION_CONTEXT('2D SPACE',''
  ) );
#5561 = ORIENTED_EDGE('',*,*,#5562,.T.);
#5562 = EDGE_CURVE('',#5540,#5563,#5565,.T.);
#5563 = VERTEX_POINT('',#5564);
#5564 = CARTESIAN_POINT('',(-45.,53.,47.));
#5565 = SURFACE_CURVE('',#5566,(#5570,#5577),.PCURVE_S1.);
#5566 = LINE('',#5567,#5568);
#5567 = CARTESIAN_POINT('',(-45.,53.,33.));
#5568 = VECTOR('',#5569,1.);
#5569 = DIRECTION('',(0.,0.,1.));
#5570 = PCURVE('',#1831,#5571);
#5571 = DEFINITIONAL_REPRESENTATION('',(#5572),#5576);
#5572 = LINE('',#5573,#5574);
#5573 = CARTESIAN_POINT('',(0.,0.));
#5574 = VECTOR('',#5575,1.);
#5575 = DIRECTION('',(1.,0.));
#5576 = ( GEOMETRIC_REPRESENTATION_CONTEXT(2) 
PARAMETRIC_REPRESENTATION_CONTEXT() REPRESENTATION_CONTEXT('2D SPACE',''
  ) );
#5577 = PCURVE('',#5578,#5583);
#5578 = PLANE('',#5579);
#5579 = AXIS2_PLACEMENT_3D('',#5580,#5581,#5582);
#5580 = CARTESIAN_POINT('',(-45.,53.,33.));
#5581 = DIRECTION('',(1.,0.,0.));
#5582 = DIRECTION('',(0.,0.,1.));
#5583 = DEFINITIONAL_REPRESENTATION('',(#5584),#5588);
#5584 = LINE('',#5585,#5586);
#5585 = CARTESIAN_POINT('',(0.,0.));
#5586 = VECTOR('',#5587,1.);
#5587 = DIRECTION('',(1.,0.));
#5588 = ( GEOMETRIC_REPRESENTATION_CONTEXT(2) 
PARAMETRIC_REPRESENTATION_CONTEXT() REPRESENTATION_CONTEXT('2D SPACE',''
  ) );
#5589 = ORIENTED_EDGE('',*,*,#5590,.T.);
#5590 = EDGE_CURVE('',#5563,#1812,#5591,.T.);
#5591 = SURFACE_CURVE('',#5592,(#5596,#5603),.PCURVE_S1.);
#5592 = LINE('',#5593,#5594);
#5593 = CARTESIAN_POINT('',(-45.,53.,47.));
#5594 = VECTOR('',#5595,1.);
#5595 = DIRECTION('',(1.,0.,0.));
#5596 = PCURVE('',#1831,#5597);
#5597 = DEFINITIONAL_REPRESENTATION('',(#5598),#5602);
#5598 = LINE('',#5599,#5600);
#5599 = CARTESIAN_POINT('',(14.,0.));
#5600 = VECTOR('',#5601,1.);
#5601 = DIRECTION('',(0.,1.));
#5602 = ( GEOMETRIC_REPRESENTATION_CONTEXT(2) 
PARAMETRIC_REPRESENTATION_CONTEXT() REPRESENTATION_CONTEXT('2D SPACE',''
  ) );
#5603 = PCURVE('',#1863,#5604);
#5604 = DEFINITIONAL_REPRESENTATION('',(#5605),#5609);
#5605 = LINE('',#5606,#5607);
#5606 = CARTESIAN_POINT('',(0.,0.));
#5607 = VECTOR('',#5608,1.);
#5608 = DIRECTION('',(1.,0.));
#5609 = ( GEOMETRIC_REPRESENTATION_CONTEXT(2) 
PARAMETRIC_REPRESENTATION_CONTEXT() REPRESENTATION_CONTEXT('2D SPACE',''
  ) );
#5610 = ORIENTED_EDGE('',*,*,#1811,.T.);
#5611 = ADVANCED_FACE('',(#5612),#1863,.T.);
#5612 = FACE_BOUND('',#5613,.T.);
#5613 = EDGE_LOOP('',(#5614,#5637,#5658,#5659,#5660));
#5614 = ORIENTED_EDGE('',*,*,#5615,.F.);
#5615 = EDGE_CURVE('',#5616,#5451,#5618,.T.);
#5616 = VERTEX_POINT('',#5617);
#5617 = CARTESIAN_POINT('',(-45.,67.,47.));
#5618 = SURFACE_CURVE('',#5619,(#5623,#5630),.PCURVE_S1.);
#5619 = LINE('',#5620,#5621);
#5620 = CARTESIAN_POINT('',(-45.,67.,47.));
#5621 = VECTOR('',#5622,1.);
#5622 = DIRECTION('',(1.,0.,0.));
#5623 = PCURVE('',#1863,#5624);
#5624 = DEFINITIONAL_REPRESENTATION('',(#5625),#5629);
#5625 = LINE('',#5626,#5627);
#5626 = CARTESIAN_POINT('',(0.,14.));
#5627 = VECTOR('',#5628,1.);
#5628 = DIRECTION('',(1.,0.));
#5629 = ( GEOMETRIC_REPRESENTATION_CONTEXT(2) 
PARAMETRIC_REPRESENTATION_CONTEXT() REPRESENTATION_CONTEXT('2D SPACE',''
  ) );
#5630 = PCURVE('',#5466,#5631);
#5631 = DEFINITIONAL_REPRESENTATION('',(#5632),#5636);
#5632 = LINE('',#5633,#5634);
#5633 = CARTESIAN_POINT('',(14.,0.));
#5634 = VECTOR('',#5635,1.);
#5635 = DIRECTION('',(0.,1.));
#5636 = ( GEOMETRIC_REPRESENTATION_CONTEXT(2) 
PARAMETRIC_REPRESENTATION_CONTEXT() REPRESENTATION_CONTEXT('2D SPACE',''
  ) );
#5637 = ORIENTED_EDGE('',*,*,#5638,.F.);
#5638 = EDGE_CURVE('',#5563,#5616,#5639,.T.);
#5639 = SURFACE_CURVE('',#5640,(#5644,#5651),.PCURVE_S1.);
#5640 = LINE('',#5641,#5642);
#5641 = CARTESIAN_POINT('',(-45.,53.,47.));
#5642 = VECTOR('',#5643,1.);
#5643 = DIRECTION('',(0.,1.,0.));
#5644 = PCURVE('',#1863,#5645);
#5645 = DEFINITIONAL_REPRESENTATION('',(#5646),#5650);
#5646 = LINE('',#5647,#5648);
#5647 = CARTESIAN_POINT('',(0.,0.));
#5648 = VECTOR('',#5649,1.);
#5649 = DIRECTION('',(0.,1.));
#5650 = ( GEOMETRIC_REPRESENTATION_CONTEXT(2) 
PARAMETRIC_REPRESENTATION_CONTEXT() REPRESENTATION_CONTEXT('2D SPACE',''
  ) );
#5651 = PCURVE('',#5578,#5652);
#5652 = DEFINITIONAL_REPRESENTATION('',(#5653),#5657);
#5653 = LINE('',#5654,#5655);
#5654 = CARTESIAN_POINT('',(14.,0.));
#5655 = VECTOR('',#5656,1.);
#5656 = DIRECTION('',(0.,-1.));
#5657 = ( GEOMETRIC_REPRESENTATION_CONTEXT(2) 
PARAMETRIC_REPRESENTATION_CONTEXT() REPRESENTATION_CONTEXT('2D SPACE',''
  ) );
#5658 = ORIENTED_EDGE('',*,*,#5590,.T.);
#5659 = ORIENTED_EDGE('',*,*,#1845,.T.);
#5660 = ORIENTED_EDGE('',*,*,#5478,.T.);
#5661 = ADVANCED_FACE('',(#5662,#5765),#1905,.T.);
#5662 = FACE_BOUND('',#5663,.T.);
#5663 = EDGE_LOOP('',(#5664,#5687,#5715,#5743,#5764));
#5664 = ORIENTED_EDGE('',*,*,#5665,.F.);
#5665 = EDGE_CURVE('',#5666,#1880,#5668,.T.);
#5666 = VERTEX_POINT('',#5667);
#5667 = CARTESIAN_POINT('',(-40.,-37.,47.));
#5668 = SURFACE_CURVE('',#5669,(#5673,#5680),.PCURVE_S1.);
#5669 = LINE('',#5670,#5671);
#5670 = CARTESIAN_POINT('',(-40.,-37.,47.));
#5671 = VECTOR('',#5672,1.);
#5672 = DIRECTION('',(0.,1.,0.));
#5673 = PCURVE('',#1905,#5674);
#5674 = DEFINITIONAL_REPRESENTATION('',(#5675),#5679);
#5675 = LINE('',#5676,#5677);
#5676 = CARTESIAN_POINT('',(14.,0.));
#5677 = VECTOR('',#5678,1.);
#5678 = DIRECTION('',(0.,-1.));
#5679 = ( GEOMETRIC_REPRESENTATION_CONTEXT(2) 
PARAMETRIC_REPRESENTATION_CONTEXT() REPRESENTATION_CONTEXT('2D SPACE',''
  ) );
#5680 = PCURVE('',#1941,#5681);
#5681 = DEFINITIONAL_REPRESENTATION('',(#5682),#5686);
#5682 = LINE('',#5683,#5684);
#5683 = CARTESIAN_POINT('',(5.,0.));
#5684 = VECTOR('',#5685,1.);
#5685 = DIRECTION('',(0.,1.));
#5686 = ( GEOMETRIC_REPRESENTATION_CONTEXT(2) 
PARAMETRIC_REPRESENTATION_CONTEXT() REPRESENTATION_CONTEXT('2D SPACE',''
  ) );
#5687 = ORIENTED_EDGE('',*,*,#5688,.F.);
#5688 = EDGE_CURVE('',#5689,#5666,#5691,.T.);
#5689 = VERTEX_POINT('',#5690);
#5690 = CARTESIAN_POINT('',(-40.,-37.,33.));
#5691 = SURFACE_CURVE('',#5692,(#5696,#5703),.PCURVE_S1.);
#5692 = LINE('',#5693,#5694);
#5693 = CARTESIAN_POINT('',(-40.,-37.,33.));
#5694 = VECTOR('',#5695,1.);
#5695 = DIRECTION('',(0.,0.,1.));
#5696 = PCURVE('',#1905,#5697);
#5697 = DEFINITIONAL_REPRESENTATION('',(#5698),#5702);
#5698 = LINE('',#5699,#5700);
#5699 = CARTESIAN_POINT('',(0.,0.));
#5700 = VECTOR('',#5701,1.);
#5701 = DIRECTION('',(1.,0.));
#5702 = ( GEOMETRIC_REPRESENTATION_CONTEXT(2) 
PARAMETRIC_REPRESENTATION_CONTEXT() REPRESENTATION_CONTEXT('2D SPACE',''
  ) );
#5703 = PCURVE('',#5704,#5709);
#5704 = PLANE('',#5705);
#5705 = AXIS2_PLACEMENT_3D('',#5706,#5707,#5708);
#5706 = CARTESIAN_POINT('',(-45.,-37.,33.));
#5707 = DIRECTION('',(0.,1.,0.));
#5708 = DIRECTION('',(0.,0.,1.));
#5709 = DEFINITIONAL_REPRESENTATION('',(#5710),#5714);
#5710 = LINE('',#5711,#5712);
#5711 = CARTESIAN_POINT('',(0.,5.));
#5712 = VECTOR('',#5713,1.);
#5713 = DIRECTION('',(1.,0.));
#5714 = ( GEOMETRIC_REPRESENTATION_CONTEXT(2) 
PARAMETRIC_REPRESENTATION_CONTEXT() REPRESENTATION_CONTEXT('2D SPACE',''
  ) );
#5715 = ORIENTED_EDGE('',*,*,#5716,.T.);
#5716 = EDGE_CURVE('',#5689,#5717,#5719,.T.);
#5717 = VERTEX_POINT('',#5718);
#5718 = CARTESIAN_POINT('',(-40.,-23.,33.));
#5719 = SURFACE_CURVE('',#5720,(#5724,#5731),.PCURVE_S1.);
#5720 = LINE('',#5721,#5722);
#5721 = CARTESIAN_POINT('',(-40.,-37.,33.));
#5722 = VECTOR('',#5723,1.);
#5723 = DIRECTION('',(0.,1.,0.));
#5724 = PCURVE('',#1905,#5725);
#5725 = DEFINITIONAL_REPRESENTATION('',(#5726),#5730);
#5726 = LINE('',#5727,#5728);
#5727 = CARTESIAN_POINT('',(0.,0.));
#5728 = VECTOR('',#5729,1.);
#5729 = DIRECTION('',(0.,-1.));
#5730 = ( GEOMETRIC_REPRESENTATION_CONTEXT(2) 
PARAMETRIC_REPRESENTATION_CONTEXT() REPRESENTATION_CONTEXT('2D SPACE',''
  ) );
#5731 = PCURVE('',#5732,#5737);
#5732 = PLANE('',#5733);
#5733 = AXIS2_PLACEMENT_3D('',#5734,#5735,#5736);
#5734 = CARTESIAN_POINT('',(-45.,-37.,33.));
#5735 = DIRECTION('',(0.,0.,1.));
#5736 = DIRECTION('',(1.,0.,0.));
#5737 = DEFINITIONAL_REPRESENTATION('',(#5738),#5742);
#5738 = LINE('',#5739,#5740);
#5739 = CARTESIAN_POINT('',(5.,0.));
#5740 = VECTOR('',#5741,1.);
#5741 = DIRECTION('',(0.,1.));
#5742 = ( GEOMETRIC_REPRESENTATION_CONTEXT(2) 
PARAMETRIC_REPRESENTATION_CONTEXT() REPRESENTATION_CONTEXT('2D SPACE',''
  ) );
#5743 = ORIENTED_EDGE('',*,*,#5744,.T.);
#5744 = EDGE_CURVE('',#5717,#1882,#5745,.T.);
#5745 = SURFACE_CURVE('',#5746,(#5750,#5757),.PCURVE_S1.);
#5746 = LINE('',#5747,#5748);
#5747 = CARTESIAN_POINT('',(-40.,-23.,33.));
#5748 = VECTOR('',#5749,1.);
#5749 = DIRECTION('',(0.,0.,1.));
#5750 = PCURVE('',#1905,#5751);
#5751 = DEFINITIONAL_REPRESENTATION('',(#5752),#5756);
#5752 = LINE('',#5753,#5754);
#5753 = CARTESIAN_POINT('',(0.,-14.));
#5754 = VECTOR('',#5755,1.);
#5755 = DIRECTION('',(1.,0.));
#5756 = ( GEOMETRIC_REPRESENTATION_CONTEXT(2) 
PARAMETRIC_REPRESENTATION_CONTEXT() REPRESENTATION_CONTEXT('2D SPACE',''
  ) );
#5757 = PCURVE('',#1973,#5758);
#5758 = DEFINITIONAL_REPRESENTATION('',(#5759),#5763);
#5759 = LINE('',#5760,#5761);
#5760 = CARTESIAN_POINT('',(0.,5.));
#5761 = VECTOR('',#5762,1.);
#5762 = DIRECTION('',(1.,0.));
#5763 = ( GEOMETRIC_REPRESENTATION_CONTEXT(2) 
PARAMETRIC_REPRESENTATION_CONTEXT() REPRESENTATION_CONTEXT('2D SPACE',''
  ) );
#5764 = ORIENTED_EDGE('',*,*,#1879,.F.);
#5765 = FACE_BOUND('',#5766,.T.);
#5766 = EDGE_LOOP('',(#5767));
#5767 = ORIENTED_EDGE('',*,*,#5768,.T.);
#5768 = EDGE_CURVE('',#5769,#5769,#5771,.T.);
#5769 = VERTEX_POINT('',#5770);
#5770 = CARTESIAN_POINT('',(-40.,-27.75,40.));
#5771 = SURFACE_CURVE('',#5772,(#5777,#5788),.PCURVE_S1.);
#5772 = CIRCLE('',#5773,2.25);
#5773 = AXIS2_PLACEMENT_3D('',#5774,#5775,#5776);
#5774 = CARTESIAN_POINT('',(-40.,-30.,40.));
#5775 = DIRECTION('',(-1.,0.,0.));
#5776 = DIRECTION('',(0.,1.,0.));
#5777 = PCURVE('',#1905,#5778);
#5778 = DEFINITIONAL_REPRESENTATION('',(#5779),#5787);
#5779 = ( BOUNDED_CURVE() B_SPLINE_CURVE(2,(#5780,#5781,#5782,#5783,
#5784,#5785,#5786),.UNSPECIFIED.,.T.,.F.) B_SPLINE_CURVE_WITH_KNOTS((1,2
    ,2,2,2,1),(-2.094395102393,0.,2.094395102393,4.188790204786,
6.28318530718,8.377580409573),.UNSPECIFIED.) CURVE() 
GEOMETRIC_REPRESENTATION_ITEM() RATIONAL_B_SPLINE_CURVE((1.,0.5,1.,0.5,
1.,0.5,1.)) REPRESENTATION_ITEM('') );
#5780 = CARTESIAN_POINT('',(7.,-9.25));
#5781 = CARTESIAN_POINT('',(3.10288568297,-9.25));
#5782 = CARTESIAN_POINT('',(5.051442841485,-5.875));
#5783 = CARTESIAN_POINT('',(7.,-2.5));
#5784 = CARTESIAN_POINT('',(8.948557158515,-5.875));
#5785 = CARTESIAN_POINT('',(10.89711431703,-9.25));
#5786 = CARTESIAN_POINT('',(7.,-9.25));
#5787 = ( GEOMETRIC_REPRESENTATION_CONTEXT(2) 
PARAMETRIC_REPRESENTATION_CONTEXT() REPRESENTATION_CONTEXT('2D SPACE',''
  ) );
#5788 = PCURVE('',#5789,#5794);
#5789 = CYLINDRICAL_SURFACE('',#5790,2.25);
#5790 = AXIS2_PLACEMENT_3D('',#5791,#5792,#5793);
#5791 = CARTESIAN_POINT('',(-46.,-30.,40.));
#5792 = DIRECTION('',(-1.,-0.,-0.));
#5793 = DIRECTION('',(0.,1.,0.));
#5794 = DEFINITIONAL_REPRESENTATION('',(#5795),#5799);
#5795 = LINE('',#5796,#5797);
#5796 = CARTESIAN_POINT('',(-6.28318530718,-6.));
#5797 = VECTOR('',#5798,1.);
#5798 = DIRECTION('',(1.,-0.));
#5799 = ( GEOMETRIC_REPRESENTATION_CONTEXT(2) 
PARAMETRIC_REPRESENTATION_CONTEXT() REPRESENTATION_CONTEXT('2D SPACE',''
  ) );
#5800 = ADVANCED_FACE('',(#5801),#1941,.T.);
#5801 = FACE_BOUND('',#5802,.T.);
#5802 = EDGE_LOOP('',(#5803,#5826,#5854,#5875,#5876));
#5803 = ORIENTED_EDGE('',*,*,#5804,.F.);
#5804 = EDGE_CURVE('',#5805,#1922,#5807,.T.);
#5805 = VERTEX_POINT('',#5806);
#5806 = CARTESIAN_POINT('',(-45.,-23.,47.));
#5807 = SURFACE_CURVE('',#5808,(#5812,#5819),.PCURVE_S1.);
#5808 = LINE('',#5809,#5810);
#5809 = CARTESIAN_POINT('',(-45.,-23.,47.));
#5810 = VECTOR('',#5811,1.);
#5811 = DIRECTION('',(1.,0.,0.));
#5812 = PCURVE('',#1941,#5813);
#5813 = DEFINITIONAL_REPRESENTATION('',(#5814),#5818);
#5814 = LINE('',#5815,#5816);
#5815 = CARTESIAN_POINT('',(0.,14.));
#5816 = VECTOR('',#5817,1.);
#5817 = DIRECTION('',(1.,0.));
#5818 = ( GEOMETRIC_REPRESENTATION_CONTEXT(2) 
PARAMETRIC_REPRESENTATION_CONTEXT() REPRESENTATION_CONTEXT('2D SPACE',''
  ) );
#5819 = PCURVE('',#1973,#5820);
#5820 = DEFINITIONAL_REPRESENTATION('',(#5821),#5825);
#5821 = LINE('',#5822,#5823);
#5822 = CARTESIAN_POINT('',(14.,0.));
#5823 = VECTOR('',#5824,1.);
#5824 = DIRECTION('',(0.,1.));
#5825 = ( GEOMETRIC_REPRESENTATION_CONTEXT(2) 
PARAMETRIC_REPRESENTATION_CONTEXT() REPRESENTATION_CONTEXT('2D SPACE',''
  ) );
#5826 = ORIENTED_EDGE('',*,*,#5827,.F.);
#5827 = EDGE_CURVE('',#5828,#5805,#5830,.T.);
#5828 = VERTEX_POINT('',#5829);
#5829 = CARTESIAN_POINT('',(-45.,-37.,47.));
#5830 = SURFACE_CURVE('',#5831,(#5835,#5842),.PCURVE_S1.);
#5831 = LINE('',#5832,#5833);
#5832 = CARTESIAN_POINT('',(-45.,-37.,47.));
#5833 = VECTOR('',#5834,1.);
#5834 = DIRECTION('',(0.,1.,0.));
#5835 = PCURVE('',#1941,#5836);
#5836 = DEFINITIONAL_REPRESENTATION('',(#5837),#5841);
#5837 = LINE('',#5838,#5839);
#5838 = CARTESIAN_POINT('',(0.,0.));
#5839 = VECTOR('',#5840,1.);
#5840 = DIRECTION('',(0.,1.));
#5841 = ( GEOMETRIC_REPRESENTATION_CONTEXT(2) 
PARAMETRIC_REPRESENTATION_CONTEXT() REPRESENTATION_CONTEXT('2D SPACE',''
  ) );
#5842 = PCURVE('',#5843,#5848);
#5843 = PLANE('',#5844);
#5844 = AXIS2_PLACEMENT_3D('',#5845,#5846,#5847);
#5845 = CARTESIAN_POINT('',(-45.,-37.,33.));
#5846 = DIRECTION('',(1.,0.,0.));
#5847 = DIRECTION('',(0.,0.,1.));
#5848 = DEFINITIONAL_REPRESENTATION('',(#5849),#5853);
#5849 = LINE('',#5850,#5851);
#5850 = CARTESIAN_POINT('',(14.,0.));
#5851 = VECTOR('',#5852,1.);
#5852 = DIRECTION('',(0.,-1.));
#5853 = ( GEOMETRIC_REPRESENTATION_CONTEXT(2) 
PARAMETRIC_REPRESENTATION_CONTEXT() REPRESENTATION_CONTEXT('2D SPACE',''
  ) );
#5854 = ORIENTED_EDGE('',*,*,#5855,.T.);
#5855 = EDGE_CURVE('',#5828,#5666,#5856,.T.);
#5856 = SURFACE_CURVE('',#5857,(#5861,#5868),.PCURVE_S1.);
#5857 = LINE('',#5858,#5859);
#5858 = CARTESIAN_POINT('',(-45.,-37.,47.));
#5859 = VECTOR('',#5860,1.);
#5860 = DIRECTION('',(1.,0.,0.));
#5861 = PCURVE('',#1941,#5862);
#5862 = DEFINITIONAL_REPRESENTATION('',(#5863),#5867);
#5863 = LINE('',#5864,#5865);
#5864 = CARTESIAN_POINT('',(0.,0.));
#5865 = VECTOR('',#5866,1.);
#5866 = DIRECTION('',(1.,0.));
#5867 = ( GEOMETRIC_REPRESENTATION_CONTEXT(2) 
PARAMETRIC_REPRESENTATION_CONTEXT() REPRESENTATION_CONTEXT('2D SPACE',''
  ) );
#5868 = PCURVE('',#5704,#5869);
#5869 = DEFINITIONAL_REPRESENTATION('',(#5870),#5874);
#5870 = LINE('',#5871,#5872);
#5871 = CARTESIAN_POINT('',(14.,0.));
#5872 = VECTOR('',#5873,1.);
#5873 = DIRECTION('',(0.,1.));
#5874 = ( GEOMETRIC_REPRESENTATION_CONTEXT(2) 
PARAMETRIC_REPRESENTATION_CONTEXT() REPRESENTATION_CONTEXT('2D SPACE',''
  ) );
#5875 = ORIENTED_EDGE('',*,*,#5665,.T.);
#5876 = ORIENTED_EDGE('',*,*,#1921,.T.);
#5877 = ADVANCED_FACE('',(#5878),#1973,.T.);
#5878 = FACE_BOUND('',#5879,.T.);
#5879 = EDGE_LOOP('',(#5880,#5881,#5904,#5925,#5926));
#5880 = ORIENTED_EDGE('',*,*,#5744,.F.);
#5881 = ORIENTED_EDGE('',*,*,#5882,.F.);
#5882 = EDGE_CURVE('',#5883,#5717,#5885,.T.);
#5883 = VERTEX_POINT('',#5884);
#5884 = CARTESIAN_POINT('',(-45.,-23.,33.));
#5885 = SURFACE_CURVE('',#5886,(#5890,#5897),.PCURVE_S1.);
#5886 = LINE('',#5887,#5888);
#5887 = CARTESIAN_POINT('',(-45.,-23.,33.));
#5888 = VECTOR('',#5889,1.);
#5889 = DIRECTION('',(1.,0.,0.));
#5890 = PCURVE('',#1973,#5891);
#5891 = DEFINITIONAL_REPRESENTATION('',(#5892),#5896);
#5892 = LINE('',#5893,#5894);
#5893 = CARTESIAN_POINT('',(0.,0.));
#5894 = VECTOR('',#5895,1.);
#5895 = DIRECTION('',(0.,1.));
#5896 = ( GEOMETRIC_REPRESENTATION_CONTEXT(2) 
PARAMETRIC_REPRESENTATION_CONTEXT() REPRESENTATION_CONTEXT('2D SPACE',''
  ) );
#5897 = PCURVE('',#5732,#5898);
#5898 = DEFINITIONAL_REPRESENTATION('',(#5899),#5903);
#5899 = LINE('',#5900,#5901);
#5900 = CARTESIAN_POINT('',(0.,14.));
#5901 = VECTOR('',#5902,1.);
#5902 = DIRECTION('',(1.,0.));
#5903 = ( GEOMETRIC_REPRESENTATION_CONTEXT(2) 
PARAMETRIC_REPRESENTATION_CONTEXT() REPRESENTATION_CONTEXT('2D SPACE',''
  ) );
#5904 = ORIENTED_EDGE('',*,*,#5905,.T.);
#5905 = EDGE_CURVE('',#5883,#5805,#5906,.T.);
#5906 = SURFACE_CURVE('',#5907,(#5911,#5918),.PCURVE_S1.);
#5907 = LINE('',#5908,#5909);
#5908 = CARTESIAN_POINT('',(-45.,-23.,33.));
#5909 = VECTOR('',#5910,1.);
#5910 = DIRECTION('',(0.,0.,1.));
#5911 = PCURVE('',#1973,#5912);
#5912 = DEFINITIONAL_REPRESENTATION('',(#5913),#5917);
#5913 = LINE('',#5914,#5915);
#5914 = CARTESIAN_POINT('',(0.,0.));
#5915 = VECTOR('',#5916,1.);
#5916 = DIRECTION('',(1.,0.));
#5917 = ( GEOMETRIC_REPRESENTATION_CONTEXT(2) 
PARAMETRIC_REPRESENTATION_CONTEXT() REPRESENTATION_CONTEXT('2D SPACE',''
  ) );
#5918 = PCURVE('',#5843,#5919);
#5919 = DEFINITIONAL_REPRESENTATION('',(#5920),#5924);
#5920 = LINE('',#5921,#5922);
#5921 = CARTESIAN_POINT('',(0.,-14.));
#5922 = VECTOR('',#5923,1.);
#5923 = DIRECTION('',(1.,0.));
#5924 = ( GEOMETRIC_REPRESENTATION_CONTEXT(2) 
PARAMETRIC_REPRESENTATION_CONTEXT() REPRESENTATION_CONTEXT('2D SPACE',''
  ) );
#5925 = ORIENTED_EDGE('',*,*,#5804,.T.);
#5926 = ORIENTED_EDGE('',*,*,#1955,.T.);
#5927 = ADVANCED_FACE('',(#5928),#2277,.F.);
#5928 = FACE_BOUND('',#5929,.T.);
#5929 = EDGE_LOOP('',(#5930,#5931,#5952,#5953));
#5930 = ORIENTED_EDGE('',*,*,#1989,.F.);
#5931 = ORIENTED_EDGE('',*,*,#5932,.T.);
#5932 = EDGE_CURVE('',#1990,#3440,#5933,.T.);
#5933 = SEAM_CURVE('',#5934,(#5938,#5945),.PCURVE_S1.);
#5934 = LINE('',#5935,#5936);
#5935 = CARTESIAN_POINT('',(-46.,-27.75,40.));
#5936 = VECTOR('',#5937,1.);
#5937 = DIRECTION('',(1.,0.,0.));
#5938 = PCURVE('',#2277,#5939);
#5939 = DEFINITIONAL_REPRESENTATION('',(#5940),#5944);
#5940 = LINE('',#5941,#5942);
#5941 = CARTESIAN_POINT('',(-0.,0.));
#5942 = VECTOR('',#5943,1.);
#5943 = DIRECTION('',(-0.,-1.));
#5944 = ( GEOMETRIC_REPRESENTATION_CONTEXT(2) 
PARAMETRIC_REPRESENTATION_CONTEXT() REPRESENTATION_CONTEXT('2D SPACE',''
  ) );
#5945 = PCURVE('',#2277,#5946);
#5946 = DEFINITIONAL_REPRESENTATION('',(#5947),#5951);
#5947 = LINE('',#5948,#5949);
#5948 = CARTESIAN_POINT('',(-6.28318530718,0.));
#5949 = VECTOR('',#5950,1.);
#5950 = DIRECTION('',(-0.,-1.));
#5951 = ( GEOMETRIC_REPRESENTATION_CONTEXT(2) 
PARAMETRIC_REPRESENTATION_CONTEXT() REPRESENTATION_CONTEXT('2D SPACE',''
  ) );
#5952 = ORIENTED_EDGE('',*,*,#3439,.F.);
#5953 = ORIENTED_EDGE('',*,*,#5932,.F.);
#5954 = ADVANCED_FACE('',(#5955,#5958),#2989,.F.);
#5955 = FACE_BOUND('',#5956,.T.);
#5956 = EDGE_LOOP('',(#5957));
#5957 = ORIENTED_EDGE('',*,*,#2471,.T.);
#5958 = FACE_BOUND('',#5959,.T.);
#5959 = EDGE_LOOP('',(#5960));
#5960 = ORIENTED_EDGE('',*,*,#3974,.F.);
#5961 = ADVANCED_FACE('',(#5962,#6065),#3285,.F.);
#5962 = FACE_BOUND('',#5963,.F.);
#5963 = EDGE_LOOP('',(#5964,#5987,#6015,#6043,#6064));
#5964 = ORIENTED_EDGE('',*,*,#5965,.F.);
#5965 = EDGE_CURVE('',#5966,#3264,#5968,.T.);
#5966 = VERTEX_POINT('',#5967);
#5967 = CARTESIAN_POINT('',(40.,53.,33.));
#5968 = SURFACE_CURVE('',#5969,(#5973,#5980),.PCURVE_S1.);
#5969 = LINE('',#5970,#5971);
#5970 = CARTESIAN_POINT('',(40.,53.,33.));
#5971 = VECTOR('',#5972,1.);
#5972 = DIRECTION('',(0.,0.,1.));
#5973 = PCURVE('',#3285,#5974);
#5974 = DEFINITIONAL_REPRESENTATION('',(#5975),#5979);
#5975 = LINE('',#5976,#5977);
#5976 = CARTESIAN_POINT('',(0.,0.));
#5977 = VECTOR('',#5978,1.);
#5978 = DIRECTION('',(1.,0.));
#5979 = ( GEOMETRIC_REPRESENTATION_CONTEXT(2) 
PARAMETRIC_REPRESENTATION_CONTEXT() REPRESENTATION_CONTEXT('2D SPACE',''
  ) );
#5980 = PCURVE('',#3352,#5981);
#5981 = DEFINITIONAL_REPRESENTATION('',(#5982),#5986);
#5982 = LINE('',#5983,#5984);
#5983 = CARTESIAN_POINT('',(0.,0.));
#5984 = VECTOR('',#5985,1.);
#5985 = DIRECTION('',(1.,0.));
#5986 = ( GEOMETRIC_REPRESENTATION_CONTEXT(2) 
PARAMETRIC_REPRESENTATION_CONTEXT() REPRESENTATION_CONTEXT('2D SPACE',''
  ) );
#5987 = ORIENTED_EDGE('',*,*,#5988,.T.);
#5988 = EDGE_CURVE('',#5966,#5989,#5991,.T.);
#5989 = VERTEX_POINT('',#5990);
#5990 = CARTESIAN_POINT('',(40.,67.,33.));
#5991 = SURFACE_CURVE('',#5992,(#5996,#6003),.PCURVE_S1.);
#5992 = LINE('',#5993,#5994);
#5993 = CARTESIAN_POINT('',(40.,53.,33.));
#5994 = VECTOR('',#5995,1.);
#5995 = DIRECTION('',(0.,1.,0.));
#5996 = PCURVE('',#3285,#5997);
#5997 = DEFINITIONAL_REPRESENTATION('',(#5998),#6002);
#5998 = LINE('',#5999,#6000);
#5999 = CARTESIAN_POINT('',(0.,0.));
#6000 = VECTOR('',#6001,1.);
#6001 = DIRECTION('',(0.,-1.));
#6002 = ( GEOMETRIC_REPRESENTATION_CONTEXT(2) 
PARAMETRIC_REPRESENTATION_CONTEXT() REPRESENTATION_CONTEXT('2D SPACE',''
  ) );
#6003 = PCURVE('',#6004,#6009);
#6004 = PLANE('',#6005);
#6005 = AXIS2_PLACEMENT_3D('',#6006,#6007,#6008);
#6006 = CARTESIAN_POINT('',(40.,53.,33.));
#6007 = DIRECTION('',(0.,0.,1.));
#6008 = DIRECTION('',(1.,0.,0.));
#6009 = DEFINITIONAL_REPRESENTATION('',(#6010),#6014);
#6010 = LINE('',#6011,#6012);
#6011 = CARTESIAN_POINT('',(0.,0.));
#6012 = VECTOR('',#6013,1.);
#6013 = DIRECTION('',(0.,1.));
#6014 = ( GEOMETRIC_REPRESENTATION_CONTEXT(2) 
PARAMETRIC_REPRESENTATION_CONTEXT() REPRESENTATION_CONTEXT('2D SPACE',''
  ) );
#6015 = ORIENTED_EDGE('',*,*,#6016,.T.);
#6016 = EDGE_CURVE('',#5989,#6017,#6019,.T.);
#6017 = VERTEX_POINT('',#6018);
#6018 = CARTESIAN_POINT('',(40.,67.,47.));
#6019 = SURFACE_CURVE('',#6020,(#6024,#6031),.PCURVE_S1.);
#6020 = LINE('',#6021,#6022);
#6021 = CARTESIAN_POINT('',(40.,67.,33.));
#6022 = VECTOR('',#6023,1.);
#6023 = DIRECTION('',(0.,0.,1.));
#6024 = PCURVE('',#3285,#6025);
#6025 = DEFINITIONAL_REPRESENTATION('',(#6026),#6030);
#6026 = LINE('',#6027,#6028);
#6027 = CARTESIAN_POINT('',(0.,-14.));
#6028 = VECTOR('',#6029,1.);
#6029 = DIRECTION('',(1.,0.));
#6030 = ( GEOMETRIC_REPRESENTATION_CONTEXT(2) 
PARAMETRIC_REPRESENTATION_CONTEXT() REPRESENTATION_CONTEXT('2D SPACE',''
  ) );
#6031 = PCURVE('',#6032,#6037);
#6032 = PLANE('',#6033);
#6033 = AXIS2_PLACEMENT_3D('',#6034,#6035,#6036);
#6034 = CARTESIAN_POINT('',(40.,67.,33.));
#6035 = DIRECTION('',(0.,1.,0.));
#6036 = DIRECTION('',(0.,0.,1.));
#6037 = DEFINITIONAL_REPRESENTATION('',(#6038),#6042);
#6038 = LINE('',#6039,#6040);
#6039 = CARTESIAN_POINT('',(0.,0.));
#6040 = VECTOR('',#6041,1.);
#6041 = DIRECTION('',(1.,0.));
#6042 = ( GEOMETRIC_REPRESENTATION_CONTEXT(2) 
PARAMETRIC_REPRESENTATION_CONTEXT() REPRESENTATION_CONTEXT('2D SPACE',''
  ) );
#6043 = ORIENTED_EDGE('',*,*,#6044,.F.);
#6044 = EDGE_CURVE('',#3262,#6017,#6045,.T.);
#6045 = SURFACE_CURVE('',#6046,(#6050,#6057),.PCURVE_S1.);
#6046 = LINE('',#6047,#6048);
#6047 = CARTESIAN_POINT('',(40.,53.,47.));
#6048 = VECTOR('',#6049,1.);
#6049 = DIRECTION('',(0.,1.,0.));
#6050 = PCURVE('',#3285,#6051);
#6051 = DEFINITIONAL_REPRESENTATION('',(#6052),#6056);
#6052 = LINE('',#6053,#6054);
#6053 = CARTESIAN_POINT('',(14.,0.));
#6054 = VECTOR('',#6055,1.);
#6055 = DIRECTION('',(0.,-1.));
#6056 = ( GEOMETRIC_REPRESENTATION_CONTEXT(2) 
PARAMETRIC_REPRESENTATION_CONTEXT() REPRESENTATION_CONTEXT('2D SPACE',''
  ) );
#6057 = PCURVE('',#3320,#6058);
#6058 = DEFINITIONAL_REPRESENTATION('',(#6059),#6063);
#6059 = LINE('',#6060,#6061);
#6060 = CARTESIAN_POINT('',(0.,0.));
#6061 = VECTOR('',#6062,1.);
#6062 = DIRECTION('',(0.,1.));
#6063 = ( GEOMETRIC_REPRESENTATION_CONTEXT(2) 
PARAMETRIC_REPRESENTATION_CONTEXT() REPRESENTATION_CONTEXT('2D SPACE',''
  ) );
#6064 = ORIENTED_EDGE('',*,*,#3261,.T.);
#6065 = FACE_BOUND('',#6066,.F.);
#6066 = EDGE_LOOP('',(#6067));
#6067 = ORIENTED_EDGE('',*,*,#6068,.T.);
#6068 = EDGE_CURVE('',#6069,#6069,#6071,.T.);
#6069 = VERTEX_POINT('',#6070);
#6070 = CARTESIAN_POINT('',(40.,62.25,40.));
#6071 = SURFACE_CURVE('',#6072,(#6077,#6088),.PCURVE_S1.);
#6072 = CIRCLE('',#6073,2.25);
#6073 = AXIS2_PLACEMENT_3D('',#6074,#6075,#6076);
#6074 = CARTESIAN_POINT('',(40.,60.,40.));
#6075 = DIRECTION('',(-1.,0.,0.));
#6076 = DIRECTION('',(0.,1.,0.));
#6077 = PCURVE('',#3285,#6078);
#6078 = DEFINITIONAL_REPRESENTATION('',(#6079),#6087);
#6079 = ( BOUNDED_CURVE() B_SPLINE_CURVE(2,(#6080,#6081,#6082,#6083,
#6084,#6085,#6086),.UNSPECIFIED.,.T.,.F.) B_SPLINE_CURVE_WITH_KNOTS((1,2
    ,2,2,2,1),(-2.094395102393,0.,2.094395102393,4.188790204786,
6.28318530718,8.377580409573),.UNSPECIFIED.) CURVE() 
GEOMETRIC_REPRESENTATION_ITEM() RATIONAL_B_SPLINE_CURVE((1.,0.5,1.,0.5,
1.,0.5,1.)) REPRESENTATION_ITEM('') );
#6080 = CARTESIAN_POINT('',(7.,-9.25));
#6081 = CARTESIAN_POINT('',(3.10288568297,-9.25));
#6082 = CARTESIAN_POINT('',(5.051442841485,-5.875));
#6083 = CARTESIAN_POINT('',(7.,-2.5));
#6084 = CARTESIAN_POINT('',(8.948557158515,-5.875));
#6085 = CARTESIAN_POINT('',(10.89711431703,-9.25));
#6086 = CARTESIAN_POINT('',(7.,-9.25));
#6087 = ( GEOMETRIC_REPRESENTATION_CONTEXT(2) 
PARAMETRIC_REPRESENTATION_CONTEXT() REPRESENTATION_CONTEXT('2D SPACE',''
  ) );
#6088 = PCURVE('',#6089,#6094);
#6089 = CYLINDRICAL_SURFACE('',#6090,2.25);
#6090 = AXIS2_PLACEMENT_3D('',#6091,#6092,#6093);
#6091 = CARTESIAN_POINT('',(-46.,60.,40.));
#6092 = DIRECTION('',(-1.,-0.,-0.));
#6093 = DIRECTION('',(0.,1.,0.));
#6094 = DEFINITIONAL_REPRESENTATION('',(#6095),#6099);
#6095 = LINE('',#6096,#6097);
#6096 = CARTESIAN_POINT('',(-6.28318530718,-86.));
#6097 = VECTOR('',#6098,1.);
#6098 = DIRECTION('',(1.,-0.));
#6099 = ( GEOMETRIC_REPRESENTATION_CONTEXT(2) 
PARAMETRIC_REPRESENTATION_CONTEXT() REPRESENTATION_CONTEXT('2D SPACE',''
  ) );
#6100 = ADVANCED_FACE('',(#6101),#3352,.F.);
#6101 = FACE_BOUND('',#6102,.F.);
#6102 = EDGE_LOOP('',(#6103,#6133,#6154,#6155,#6156));
#6103 = ORIENTED_EDGE('',*,*,#6104,.F.);
#6104 = EDGE_CURVE('',#6105,#6107,#6109,.T.);
#6105 = VERTEX_POINT('',#6106);
#6106 = CARTESIAN_POINT('',(45.,53.,33.));
#6107 = VERTEX_POINT('',#6108);
#6108 = CARTESIAN_POINT('',(45.,53.,47.));
#6109 = SURFACE_CURVE('',#6110,(#6114,#6121),.PCURVE_S1.);
#6110 = LINE('',#6111,#6112);
#6111 = CARTESIAN_POINT('',(45.,53.,33.));
#6112 = VECTOR('',#6113,1.);
#6113 = DIRECTION('',(0.,0.,1.));
#6114 = PCURVE('',#3352,#6115);
#6115 = DEFINITIONAL_REPRESENTATION('',(#6116),#6120);
#6116 = LINE('',#6117,#6118);
#6117 = CARTESIAN_POINT('',(0.,5.));
#6118 = VECTOR('',#6119,1.);
#6119 = DIRECTION('',(1.,0.));
#6120 = ( GEOMETRIC_REPRESENTATION_CONTEXT(2) 
PARAMETRIC_REPRESENTATION_CONTEXT() REPRESENTATION_CONTEXT('2D SPACE',''
  ) );
#6121 = PCURVE('',#6122,#6127);
#6122 = PLANE('',#6123);
#6123 = AXIS2_PLACEMENT_3D('',#6124,#6125,#6126);
#6124 = CARTESIAN_POINT('',(45.,53.,33.));
#6125 = DIRECTION('',(1.,0.,0.));
#6126 = DIRECTION('',(0.,0.,1.));
#6127 = DEFINITIONAL_REPRESENTATION('',(#6128),#6132);
#6128 = LINE('',#6129,#6130);
#6129 = CARTESIAN_POINT('',(0.,0.));
#6130 = VECTOR('',#6131,1.);
#6131 = DIRECTION('',(1.,0.));
#6132 = ( GEOMETRIC_REPRESENTATION_CONTEXT(2) 
PARAMETRIC_REPRESENTATION_CONTEXT() REPRESENTATION_CONTEXT('2D SPACE',''
  ) );
#6133 = ORIENTED_EDGE('',*,*,#6134,.F.);
#6134 = EDGE_CURVE('',#5966,#6105,#6135,.T.);
#6135 = SURFACE_CURVE('',#6136,(#6140,#6147),.PCURVE_S1.);
#6136 = LINE('',#6137,#6138);
#6137 = CARTESIAN_POINT('',(40.,53.,33.));
#6138 = VECTOR('',#6139,1.);
#6139 = DIRECTION('',(1.,0.,0.));
#6140 = PCURVE('',#3352,#6141);
#6141 = DEFINITIONAL_REPRESENTATION('',(#6142),#6146);
#6142 = LINE('',#6143,#6144);
#6143 = CARTESIAN_POINT('',(0.,0.));
#6144 = VECTOR('',#6145,1.);
#6145 = DIRECTION('',(0.,1.));
#6146 = ( GEOMETRIC_REPRESENTATION_CONTEXT(2) 
PARAMETRIC_REPRESENTATION_CONTEXT() REPRESENTATION_CONTEXT('2D SPACE',''
  ) );
#6147 = PCURVE('',#6004,#6148);
#6148 = DEFINITIONAL_REPRESENTATION('',(#6149),#6153);
#6149 = LINE('',#6150,#6151);
#6150 = CARTESIAN_POINT('',(0.,0.));
#6151 = VECTOR('',#6152,1.);
#6152 = DIRECTION('',(1.,0.));
#6153 = ( GEOMETRIC_REPRESENTATION_CONTEXT(2) 
PARAMETRIC_REPRESENTATION_CONTEXT() REPRESENTATION_CONTEXT('2D SPACE',''
  ) );
#6154 = ORIENTED_EDGE('',*,*,#5965,.T.);
#6155 = ORIENTED_EDGE('',*,*,#3334,.F.);
#6156 = ORIENTED_EDGE('',*,*,#6157,.T.);
#6157 = EDGE_CURVE('',#3301,#6107,#6158,.T.);
#6158 = SURFACE_CURVE('',#6159,(#6163,#6170),.PCURVE_S1.);
#6159 = LINE('',#6160,#6161);
#6160 = CARTESIAN_POINT('',(40.,53.,47.));
#6161 = VECTOR('',#6162,1.);
#6162 = DIRECTION('',(1.,0.,0.));
#6163 = PCURVE('',#3352,#6164);
#6164 = DEFINITIONAL_REPRESENTATION('',(#6165),#6169);
#6165 = LINE('',#6166,#6167);
#6166 = CARTESIAN_POINT('',(14.,0.));
#6167 = VECTOR('',#6168,1.);
#6168 = DIRECTION('',(0.,1.));
#6169 = ( GEOMETRIC_REPRESENTATION_CONTEXT(2) 
PARAMETRIC_REPRESENTATION_CONTEXT() REPRESENTATION_CONTEXT('2D SPACE',''
  ) );
#6170 = PCURVE('',#3320,#6171);
#6171 = DEFINITIONAL_REPRESENTATION('',(#6172),#6176);
#6172 = LINE('',#6173,#6174);
#6173 = CARTESIAN_POINT('',(0.,0.));
#6174 = VECTOR('',#6175,1.);
#6175 = DIRECTION('',(1.,0.));
#6176 = ( GEOMETRIC_REPRESENTATION_CONTEXT(2) 
PARAMETRIC_REPRESENTATION_CONTEXT() REPRESENTATION_CONTEXT('2D SPACE',''
  ) );
#6177 = ADVANCED_FACE('',(#6178),#3320,.T.);
#6178 = FACE_BOUND('',#6179,.T.);
#6179 = EDGE_LOOP('',(#6180,#6181,#6182,#6183,#6206));
#6180 = ORIENTED_EDGE('',*,*,#6044,.F.);
#6181 = ORIENTED_EDGE('',*,*,#3300,.T.);
#6182 = ORIENTED_EDGE('',*,*,#6157,.T.);
#6183 = ORIENTED_EDGE('',*,*,#6184,.T.);
#6184 = EDGE_CURVE('',#6107,#6185,#6187,.T.);
#6185 = VERTEX_POINT('',#6186);
#6186 = CARTESIAN_POINT('',(45.,67.,47.));
#6187 = SURFACE_CURVE('',#6188,(#6192,#6199),.PCURVE_S1.);
#6188 = LINE('',#6189,#6190);
#6189 = CARTESIAN_POINT('',(45.,53.,47.));
#6190 = VECTOR('',#6191,1.);
#6191 = DIRECTION('',(0.,1.,0.));
#6192 = PCURVE('',#3320,#6193);
#6193 = DEFINITIONAL_REPRESENTATION('',(#6194),#6198);
#6194 = LINE('',#6195,#6196);
#6195 = CARTESIAN_POINT('',(5.,0.));
#6196 = VECTOR('',#6197,1.);
#6197 = DIRECTION('',(0.,1.));
#6198 = ( GEOMETRIC_REPRESENTATION_CONTEXT(2) 
PARAMETRIC_REPRESENTATION_CONTEXT() REPRESENTATION_CONTEXT('2D SPACE',''
  ) );
#6199 = PCURVE('',#6122,#6200);
#6200 = DEFINITIONAL_REPRESENTATION('',(#6201),#6205);
#6201 = LINE('',#6202,#6203);
#6202 = CARTESIAN_POINT('',(14.,0.));
#6203 = VECTOR('',#6204,1.);
#6204 = DIRECTION('',(0.,-1.));
#6205 = ( GEOMETRIC_REPRESENTATION_CONTEXT(2) 
PARAMETRIC_REPRESENTATION_CONTEXT() REPRESENTATION_CONTEXT('2D SPACE',''
  ) );
#6206 = ORIENTED_EDGE('',*,*,#6207,.F.);
#6207 = EDGE_CURVE('',#6017,#6185,#6208,.T.);
#6208 = SURFACE_CURVE('',#6209,(#6213,#6220),.PCURVE_S1.);
#6209 = LINE('',#6210,#6211);
#6210 = CARTESIAN_POINT('',(40.,67.,47.));
#6211 = VECTOR('',#6212,1.);
#6212 = DIRECTION('',(1.,0.,0.));
#6213 = PCURVE('',#3320,#6214);
#6214 = DEFINITIONAL_REPRESENTATION('',(#6215),#6219);
#6215 = LINE('',#6216,#6217);
#6216 = CARTESIAN_POINT('',(0.,14.));
#6217 = VECTOR('',#6218,1.);
#6218 = DIRECTION('',(1.,0.));
#6219 = ( GEOMETRIC_REPRESENTATION_CONTEXT(2) 
PARAMETRIC_REPRESENTATION_CONTEXT() REPRESENTATION_CONTEXT('2D SPACE',''
  ) );
#6220 = PCURVE('',#6032,#6221);
#6221 = DEFINITIONAL_REPRESENTATION('',(#6222),#6226);
#6222 = LINE('',#6223,#6224);
#6223 = CARTESIAN_POINT('',(14.,0.));
#6224 = VECTOR('',#6225,1.);
#6225 = DIRECTION('',(0.,1.));
#6226 = ( GEOMETRIC_REPRESENTATION_CONTEXT(2) 
PARAMETRIC_REPRESENTATION_CONTEXT() REPRESENTATION_CONTEXT('2D SPACE',''
  ) );
#6227 = ADVANCED_FACE('',(#6228),#5145,.F.);
#6228 = FACE_BOUND('',#6229,.F.);
#6229 = EDGE_LOOP('',(#6230,#6253,#6254,#6255));
#6230 = ORIENTED_EDGE('',*,*,#6231,.F.);
#6231 = EDGE_CURVE('',#5130,#6232,#6234,.T.);
#6232 = VERTEX_POINT('',#6233);
#6233 = CARTESIAN_POINT('',(45.,-37.,33.));
#6234 = SURFACE_CURVE('',#6235,(#6239,#6246),.PCURVE_S1.);
#6235 = LINE('',#6236,#6237);
#6236 = CARTESIAN_POINT('',(40.,-37.,33.));
#6237 = VECTOR('',#6238,1.);
#6238 = DIRECTION('',(1.,0.,0.));
#6239 = PCURVE('',#5145,#6240);
#6240 = DEFINITIONAL_REPRESENTATION('',(#6241),#6245);
#6241 = LINE('',#6242,#6243);
#6242 = CARTESIAN_POINT('',(0.,0.));
#6243 = VECTOR('',#6244,1.);
#6244 = DIRECTION('',(0.,1.));
#6245 = ( GEOMETRIC_REPRESENTATION_CONTEXT(2) 
PARAMETRIC_REPRESENTATION_CONTEXT() REPRESENTATION_CONTEXT('2D SPACE',''
  ) );
#6246 = PCURVE('',#5173,#6247);
#6247 = DEFINITIONAL_REPRESENTATION('',(#6248),#6252);
#6248 = LINE('',#6249,#6250);
#6249 = CARTESIAN_POINT('',(0.,0.));
#6250 = VECTOR('',#6251,1.);
#6251 = DIRECTION('',(1.,0.));
#6252 = ( GEOMETRIC_REPRESENTATION_CONTEXT(2) 
PARAMETRIC_REPRESENTATION_CONTEXT() REPRESENTATION_CONTEXT('2D SPACE',''
  ) );
#6253 = ORIENTED_EDGE('',*,*,#5129,.T.);
#6254 = ORIENTED_EDGE('',*,*,#5323,.T.);
#6255 = ORIENTED_EDGE('',*,*,#6256,.F.);
#6256 = EDGE_CURVE('',#6232,#5324,#6257,.T.);
#6257 = SURFACE_CURVE('',#6258,(#6262,#6269),.PCURVE_S1.);
#6258 = LINE('',#6259,#6260);
#6259 = CARTESIAN_POINT('',(45.,-37.,33.));
#6260 = VECTOR('',#6261,1.);
#6261 = DIRECTION('',(0.,0.,1.));
#6262 = PCURVE('',#5145,#6263);
#6263 = DEFINITIONAL_REPRESENTATION('',(#6264),#6268);
#6264 = LINE('',#6265,#6266);
#6265 = CARTESIAN_POINT('',(0.,5.));
#6266 = VECTOR('',#6267,1.);
#6267 = DIRECTION('',(1.,0.));
#6268 = ( GEOMETRIC_REPRESENTATION_CONTEXT(2) 
PARAMETRIC_REPRESENTATION_CONTEXT() REPRESENTATION_CONTEXT('2D SPACE',''
  ) );
#6269 = PCURVE('',#5263,#6270);
#6270 = DEFINITIONAL_REPRESENTATION('',(#6271),#6275);
#6271 = LINE('',#6272,#6273);
#6272 = CARTESIAN_POINT('',(0.,0.));
#6273 = VECTOR('',#6274,1.);
#6274 = DIRECTION('',(1.,0.));
#6275 = ( GEOMETRIC_REPRESENTATION_CONTEXT(2) 
PARAMETRIC_REPRESENTATION_CONTEXT() REPRESENTATION_CONTEXT('2D SPACE',''
  ) );
#6276 = ADVANCED_FACE('',(#6277),#5173,.F.);
#6277 = FACE_BOUND('',#6278,.F.);
#6278 = EDGE_LOOP('',(#6279,#6280,#6281,#6302));
#6279 = ORIENTED_EDGE('',*,*,#5157,.F.);
#6280 = ORIENTED_EDGE('',*,*,#6231,.T.);
#6281 = ORIENTED_EDGE('',*,*,#6282,.T.);
#6282 = EDGE_CURVE('',#6232,#5246,#6283,.T.);
#6283 = SURFACE_CURVE('',#6284,(#6288,#6295),.PCURVE_S1.);
#6284 = LINE('',#6285,#6286);
#6285 = CARTESIAN_POINT('',(45.,-37.,33.));
#6286 = VECTOR('',#6287,1.);
#6287 = DIRECTION('',(0.,1.,0.));
#6288 = PCURVE('',#5173,#6289);
#6289 = DEFINITIONAL_REPRESENTATION('',(#6290),#6294);
#6290 = LINE('',#6291,#6292);
#6291 = CARTESIAN_POINT('',(5.,0.));
#6292 = VECTOR('',#6293,1.);
#6293 = DIRECTION('',(0.,1.));
#6294 = ( GEOMETRIC_REPRESENTATION_CONTEXT(2) 
PARAMETRIC_REPRESENTATION_CONTEXT() REPRESENTATION_CONTEXT('2D SPACE',''
  ) );
#6295 = PCURVE('',#5263,#6296);
#6296 = DEFINITIONAL_REPRESENTATION('',(#6297),#6301);
#6297 = LINE('',#6298,#6299);
#6298 = CARTESIAN_POINT('',(0.,0.));
#6299 = VECTOR('',#6300,1.);
#6300 = DIRECTION('',(0.,-1.));
#6301 = ( GEOMETRIC_REPRESENTATION_CONTEXT(2) 
PARAMETRIC_REPRESENTATION_CONTEXT() REPRESENTATION_CONTEXT('2D SPACE',''
  ) );
#6302 = ORIENTED_EDGE('',*,*,#5275,.F.);
#6303 = ADVANCED_FACE('',(#6304),#5230,.F.);
#6304 = FACE_BOUND('',#6305,.T.);
#6305 = EDGE_LOOP('',(#6306,#6307,#6330,#6356));
#6306 = ORIENTED_EDGE('',*,*,#5209,.T.);
#6307 = ORIENTED_EDGE('',*,*,#6308,.T.);
#6308 = EDGE_CURVE('',#5210,#6309,#6311,.T.);
#6309 = VERTEX_POINT('',#6310);
#6310 = CARTESIAN_POINT('',(45.,-27.75,40.));
#6311 = SEAM_CURVE('',#6312,(#6316,#6323),.PCURVE_S1.);
#6312 = LINE('',#6313,#6314);
#6313 = CARTESIAN_POINT('',(-46.,-27.75,40.));
#6314 = VECTOR('',#6315,1.);
#6315 = DIRECTION('',(1.,0.,0.));
#6316 = PCURVE('',#5230,#6317);
#6317 = DEFINITIONAL_REPRESENTATION('',(#6318),#6322);
#6318 = LINE('',#6319,#6320);
#6319 = CARTESIAN_POINT('',(-6.28318530718,0.));
#6320 = VECTOR('',#6321,1.);
#6321 = DIRECTION('',(-0.,-1.));
#6322 = ( GEOMETRIC_REPRESENTATION_CONTEXT(2) 
PARAMETRIC_REPRESENTATION_CONTEXT() REPRESENTATION_CONTEXT('2D SPACE',''
  ) );
#6323 = PCURVE('',#5230,#6324);
#6324 = DEFINITIONAL_REPRESENTATION('',(#6325),#6329);
#6325 = LINE('',#6326,#6327);
#6326 = CARTESIAN_POINT('',(-0.,0.));
#6327 = VECTOR('',#6328,1.);
#6328 = DIRECTION('',(-0.,-1.));
#6329 = ( GEOMETRIC_REPRESENTATION_CONTEXT(2) 
PARAMETRIC_REPRESENTATION_CONTEXT() REPRESENTATION_CONTEXT('2D SPACE',''
  ) );
#6330 = ORIENTED_EDGE('',*,*,#6331,.F.);
#6331 = EDGE_CURVE('',#6309,#6309,#6332,.T.);
#6332 = SURFACE_CURVE('',#6333,(#6338,#6345),.PCURVE_S1.);
#6333 = CIRCLE('',#6334,2.25);
#6334 = AXIS2_PLACEMENT_3D('',#6335,#6336,#6337);
#6335 = CARTESIAN_POINT('',(45.,-30.,40.));
#6336 = DIRECTION('',(-1.,0.,0.));
#6337 = DIRECTION('',(0.,1.,0.));
#6338 = PCURVE('',#5230,#6339);
#6339 = DEFINITIONAL_REPRESENTATION('',(#6340),#6344);
#6340 = LINE('',#6341,#6342);
#6341 = CARTESIAN_POINT('',(-6.28318530718,-91.));
#6342 = VECTOR('',#6343,1.);
#6343 = DIRECTION('',(1.,-0.));
#6344 = ( GEOMETRIC_REPRESENTATION_CONTEXT(2) 
PARAMETRIC_REPRESENTATION_CONTEXT() REPRESENTATION_CONTEXT('2D SPACE',''
  ) );
#6345 = PCURVE('',#5263,#6346);
#6346 = DEFINITIONAL_REPRESENTATION('',(#6347),#6355);
#6347 = ( BOUNDED_CURVE() B_SPLINE_CURVE(2,(#6348,#6349,#6350,#6351,
#6352,#6353,#6354),.UNSPECIFIED.,.T.,.F.) B_SPLINE_CURVE_WITH_KNOTS((1,2
    ,2,2,2,1),(-2.094395102393,0.,2.094395102393,4.188790204786,
6.28318530718,8.377580409573),.UNSPECIFIED.) CURVE() 
GEOMETRIC_REPRESENTATION_ITEM() RATIONAL_B_SPLINE_CURVE((1.,0.5,1.,0.5,
1.,0.5,1.)) REPRESENTATION_ITEM('') );
#6348 = CARTESIAN_POINT('',(7.,-9.25));
#6349 = CARTESIAN_POINT('',(3.10288568297,-9.25));
#6350 = CARTESIAN_POINT('',(5.051442841485,-5.875));
#6351 = CARTESIAN_POINT('',(7.,-2.5));
#6352 = CARTESIAN_POINT('',(8.948557158515,-5.875));
#6353 = CARTESIAN_POINT('',(10.89711431703,-9.25));
#6354 = CARTESIAN_POINT('',(7.,-9.25));
#6355 = ( GEOMETRIC_REPRESENTATION_CONTEXT(2) 
PARAMETRIC_REPRESENTATION_CONTEXT() REPRESENTATION_CONTEXT('2D SPACE',''
  ) );
#6356 = ORIENTED_EDGE('',*,*,#6308,.F.);
#6357 = ADVANCED_FACE('',(#6358,#6364),#5263,.T.);
#6358 = FACE_BOUND('',#6359,.T.);
#6359 = EDGE_LOOP('',(#6360,#6361,#6362,#6363));
#6360 = ORIENTED_EDGE('',*,*,#6256,.F.);
#6361 = ORIENTED_EDGE('',*,*,#6282,.T.);
#6362 = ORIENTED_EDGE('',*,*,#5245,.T.);
#6363 = ORIENTED_EDGE('',*,*,#5346,.F.);
#6364 = FACE_BOUND('',#6365,.T.);
#6365 = EDGE_LOOP('',(#6366));
#6366 = ORIENTED_EDGE('',*,*,#6331,.T.);
#6367 = ADVANCED_FACE('',(#6368),#5438,.F.);
#6368 = FACE_BOUND('',#6369,.F.);
#6369 = EDGE_LOOP('',(#6370,#6393,#6394,#6395));
#6370 = ORIENTED_EDGE('',*,*,#6371,.F.);
#6371 = EDGE_CURVE('',#5540,#6372,#6374,.T.);
#6372 = VERTEX_POINT('',#6373);
#6373 = CARTESIAN_POINT('',(-45.,67.,33.));
#6374 = SURFACE_CURVE('',#6375,(#6379,#6386),.PCURVE_S1.);
#6375 = LINE('',#6376,#6377);
#6376 = CARTESIAN_POINT('',(-45.,53.,33.));
#6377 = VECTOR('',#6378,1.);
#6378 = DIRECTION('',(0.,1.,0.));
#6379 = PCURVE('',#5438,#6380);
#6380 = DEFINITIONAL_REPRESENTATION('',(#6381),#6385);
#6381 = LINE('',#6382,#6383);
#6382 = CARTESIAN_POINT('',(0.,0.));
#6383 = VECTOR('',#6384,1.);
#6384 = DIRECTION('',(0.,1.));
#6385 = ( GEOMETRIC_REPRESENTATION_CONTEXT(2) 
PARAMETRIC_REPRESENTATION_CONTEXT() REPRESENTATION_CONTEXT('2D SPACE',''
  ) );
#6386 = PCURVE('',#5578,#6387);
#6387 = DEFINITIONAL_REPRESENTATION('',(#6388),#6392);
#6388 = LINE('',#6389,#6390);
#6389 = CARTESIAN_POINT('',(0.,0.));
#6390 = VECTOR('',#6391,1.);
#6391 = DIRECTION('',(0.,-1.));
#6392 = ( GEOMETRIC_REPRESENTATION_CONTEXT(2) 
PARAMETRIC_REPRESENTATION_CONTEXT() REPRESENTATION_CONTEXT('2D SPACE',''
  ) );
#6393 = ORIENTED_EDGE('',*,*,#5539,.T.);
#6394 = ORIENTED_EDGE('',*,*,#5422,.T.);
#6395 = ORIENTED_EDGE('',*,*,#6396,.F.);
#6396 = EDGE_CURVE('',#6372,#5423,#6397,.T.);
#6397 = SURFACE_CURVE('',#6398,(#6402,#6409),.PCURVE_S1.);
#6398 = LINE('',#6399,#6400);
#6399 = CARTESIAN_POINT('',(-45.,67.,33.));
#6400 = VECTOR('',#6401,1.);
#6401 = DIRECTION('',(1.,0.,0.));
#6402 = PCURVE('',#5438,#6403);
#6403 = DEFINITIONAL_REPRESENTATION('',(#6404),#6408);
#6404 = LINE('',#6405,#6406);
#6405 = CARTESIAN_POINT('',(0.,14.));
#6406 = VECTOR('',#6407,1.);
#6407 = DIRECTION('',(1.,0.));
#6408 = ( GEOMETRIC_REPRESENTATION_CONTEXT(2) 
PARAMETRIC_REPRESENTATION_CONTEXT() REPRESENTATION_CONTEXT('2D SPACE',''
  ) );
#6409 = PCURVE('',#5466,#6410);
#6410 = DEFINITIONAL_REPRESENTATION('',(#6411),#6415);
#6411 = LINE('',#6412,#6413);
#6412 = CARTESIAN_POINT('',(0.,0.));
#6413 = VECTOR('',#6414,1.);
#6414 = DIRECTION('',(0.,1.));
#6415 = ( GEOMETRIC_REPRESENTATION_CONTEXT(2) 
PARAMETRIC_REPRESENTATION_CONTEXT() REPRESENTATION_CONTEXT('2D SPACE',''
  ) );
#6416 = ADVANCED_FACE('',(#6417),#5466,.T.);
#6417 = FACE_BOUND('',#6418,.T.);
#6418 = EDGE_LOOP('',(#6419,#6420,#6441,#6442));
#6419 = ORIENTED_EDGE('',*,*,#6396,.F.);
#6420 = ORIENTED_EDGE('',*,*,#6421,.T.);
#6421 = EDGE_CURVE('',#6372,#5616,#6422,.T.);
#6422 = SURFACE_CURVE('',#6423,(#6427,#6434),.PCURVE_S1.);
#6423 = LINE('',#6424,#6425);
#6424 = CARTESIAN_POINT('',(-45.,67.,33.));
#6425 = VECTOR('',#6426,1.);
#6426 = DIRECTION('',(0.,0.,1.));
#6427 = PCURVE('',#5466,#6428);
#6428 = DEFINITIONAL_REPRESENTATION('',(#6429),#6433);
#6429 = LINE('',#6430,#6431);
#6430 = CARTESIAN_POINT('',(0.,0.));
#6431 = VECTOR('',#6432,1.);
#6432 = DIRECTION('',(1.,0.));
#6433 = ( GEOMETRIC_REPRESENTATION_CONTEXT(2) 
PARAMETRIC_REPRESENTATION_CONTEXT() REPRESENTATION_CONTEXT('2D SPACE',''
  ) );
#6434 = PCURVE('',#5578,#6435);
#6435 = DEFINITIONAL_REPRESENTATION('',(#6436),#6440);
#6436 = LINE('',#6437,#6438);
#6437 = CARTESIAN_POINT('',(0.,-14.));
#6438 = VECTOR('',#6439,1.);
#6439 = DIRECTION('',(1.,0.));
#6440 = ( GEOMETRIC_REPRESENTATION_CONTEXT(2) 
PARAMETRIC_REPRESENTATION_CONTEXT() REPRESENTATION_CONTEXT('2D SPACE',''
  ) );
#6441 = ORIENTED_EDGE('',*,*,#5615,.T.);
#6442 = ORIENTED_EDGE('',*,*,#5450,.F.);
#6443 = ADVANCED_FACE('',(#6444),#5523,.F.);
#6444 = FACE_BOUND('',#6445,.T.);
#6445 = EDGE_LOOP('',(#6446,#6474,#6495,#6496));
#6446 = ORIENTED_EDGE('',*,*,#6447,.T.);
#6447 = EDGE_CURVE('',#6448,#6448,#6450,.T.);
#6448 = VERTEX_POINT('',#6449);
#6449 = CARTESIAN_POINT('',(-45.,62.25,40.));
#6450 = SURFACE_CURVE('',#6451,(#6456,#6463),.PCURVE_S1.);
#6451 = CIRCLE('',#6452,2.25);
#6452 = AXIS2_PLACEMENT_3D('',#6453,#6454,#6455);
#6453 = CARTESIAN_POINT('',(-45.,60.,40.));
#6454 = DIRECTION('',(-1.,0.,0.));
#6455 = DIRECTION('',(0.,1.,0.));
#6456 = PCURVE('',#5523,#6457);
#6457 = DEFINITIONAL_REPRESENTATION('',(#6458),#6462);
#6458 = LINE('',#6459,#6460);
#6459 = CARTESIAN_POINT('',(-6.28318530718,-1.));
#6460 = VECTOR('',#6461,1.);
#6461 = DIRECTION('',(1.,-0.));
#6462 = ( GEOMETRIC_REPRESENTATION_CONTEXT(2) 
PARAMETRIC_REPRESENTATION_CONTEXT() REPRESENTATION_CONTEXT('2D SPACE',''
  ) );
#6463 = PCURVE('',#5578,#6464);
#6464 = DEFINITIONAL_REPRESENTATION('',(#6465),#6473);
#6465 = ( BOUNDED_CURVE() B_SPLINE_CURVE(2,(#6466,#6467,#6468,#6469,
#6470,#6471,#6472),.UNSPECIFIED.,.T.,.F.) B_SPLINE_CURVE_WITH_KNOTS((1,2
    ,2,2,2,1),(-2.094395102393,0.,2.094395102393,4.188790204786,
6.28318530718,8.377580409573),.UNSPECIFIED.) CURVE() 
GEOMETRIC_REPRESENTATION_ITEM() RATIONAL_B_SPLINE_CURVE((1.,0.5,1.,0.5,
1.,0.5,1.)) REPRESENTATION_ITEM('') );
#6466 = CARTESIAN_POINT('',(7.,-9.25));
#6467 = CARTESIAN_POINT('',(3.10288568297,-9.25));
#6468 = CARTESIAN_POINT('',(5.051442841485,-5.875));
#6469 = CARTESIAN_POINT('',(7.,-2.5));
#6470 = CARTESIAN_POINT('',(8.948557158515,-5.875));
#6471 = CARTESIAN_POINT('',(10.89711431703,-9.25));
#6472 = CARTESIAN_POINT('',(7.,-9.25));
#6473 = ( GEOMETRIC_REPRESENTATION_CONTEXT(2) 
PARAMETRIC_REPRESENTATION_CONTEXT() REPRESENTATION_CONTEXT('2D SPACE',''
  ) );
#6474 = ORIENTED_EDGE('',*,*,#6475,.T.);
#6475 = EDGE_CURVE('',#6448,#5503,#6476,.T.);
#6476 = SEAM_CURVE('',#6477,(#6481,#6488),.PCURVE_S1.);
#6477 = LINE('',#6478,#6479);
#6478 = CARTESIAN_POINT('',(-46.,62.25,40.));
#6479 = VECTOR('',#6480,1.);
#6480 = DIRECTION('',(1.,0.,0.));
#6481 = PCURVE('',#5523,#6482);
#6482 = DEFINITIONAL_REPRESENTATION('',(#6483),#6487);
#6483 = LINE('',#6484,#6485);
#6484 = CARTESIAN_POINT('',(-6.28318530718,0.));
#6485 = VECTOR('',#6486,1.);
#6486 = DIRECTION('',(-0.,-1.));
#6487 = ( GEOMETRIC_REPRESENTATION_CONTEXT(2) 
PARAMETRIC_REPRESENTATION_CONTEXT() REPRESENTATION_CONTEXT('2D SPACE',''
  ) );
#6488 = PCURVE('',#5523,#6489);
#6489 = DEFINITIONAL_REPRESENTATION('',(#6490),#6494);
#6490 = LINE('',#6491,#6492);
#6491 = CARTESIAN_POINT('',(-0.,0.));
#6492 = VECTOR('',#6493,1.);
#6493 = DIRECTION('',(-0.,-1.));
#6494 = ( GEOMETRIC_REPRESENTATION_CONTEXT(2) 
PARAMETRIC_REPRESENTATION_CONTEXT() REPRESENTATION_CONTEXT('2D SPACE',''
  ) );
#6495 = ORIENTED_EDGE('',*,*,#5502,.F.);
#6496 = ORIENTED_EDGE('',*,*,#6475,.F.);
#6497 = ADVANCED_FACE('',(#6498,#6504),#5578,.F.);
#6498 = FACE_BOUND('',#6499,.F.);
#6499 = EDGE_LOOP('',(#6500,#6501,#6502,#6503));
#6500 = ORIENTED_EDGE('',*,*,#5562,.F.);
#6501 = ORIENTED_EDGE('',*,*,#6371,.T.);
#6502 = ORIENTED_EDGE('',*,*,#6421,.T.);
#6503 = ORIENTED_EDGE('',*,*,#5638,.F.);
#6504 = FACE_BOUND('',#6505,.F.);
#6505 = EDGE_LOOP('',(#6506));
#6506 = ORIENTED_EDGE('',*,*,#6447,.T.);
#6507 = ADVANCED_FACE('',(#6508),#5704,.F.);
#6508 = FACE_BOUND('',#6509,.F.);
#6509 = EDGE_LOOP('',(#6510,#6533,#6554,#6555));
#6510 = ORIENTED_EDGE('',*,*,#6511,.F.);
#6511 = EDGE_CURVE('',#6512,#5689,#6514,.T.);
#6512 = VERTEX_POINT('',#6513);
#6513 = CARTESIAN_POINT('',(-45.,-37.,33.));
#6514 = SURFACE_CURVE('',#6515,(#6519,#6526),.PCURVE_S1.);
#6515 = LINE('',#6516,#6517);
#6516 = CARTESIAN_POINT('',(-45.,-37.,33.));
#6517 = VECTOR('',#6518,1.);
#6518 = DIRECTION('',(1.,0.,0.));
#6519 = PCURVE('',#5704,#6520);
#6520 = DEFINITIONAL_REPRESENTATION('',(#6521),#6525);
#6521 = LINE('',#6522,#6523);
#6522 = CARTESIAN_POINT('',(0.,0.));
#6523 = VECTOR('',#6524,1.);
#6524 = DIRECTION('',(0.,1.));
#6525 = ( GEOMETRIC_REPRESENTATION_CONTEXT(2) 
PARAMETRIC_REPRESENTATION_CONTEXT() REPRESENTATION_CONTEXT('2D SPACE',''
  ) );
#6526 = PCURVE('',#5732,#6527);
#6527 = DEFINITIONAL_REPRESENTATION('',(#6528),#6532);
#6528 = LINE('',#6529,#6530);
#6529 = CARTESIAN_POINT('',(0.,0.));
#6530 = VECTOR('',#6531,1.);
#6531 = DIRECTION('',(1.,0.));
#6532 = ( GEOMETRIC_REPRESENTATION_CONTEXT(2) 
PARAMETRIC_REPRESENTATION_CONTEXT() REPRESENTATION_CONTEXT('2D SPACE',''
  ) );
#6533 = ORIENTED_EDGE('',*,*,#6534,.T.);
#6534 = EDGE_CURVE('',#6512,#5828,#6535,.T.);
#6535 = SURFACE_CURVE('',#6536,(#6540,#6547),.PCURVE_S1.);
#6536 = LINE('',#6537,#6538);
#6537 = CARTESIAN_POINT('',(-45.,-37.,33.));
#6538 = VECTOR('',#6539,1.);
#6539 = DIRECTION('',(0.,0.,1.));
#6540 = PCURVE('',#5704,#6541);
#6541 = DEFINITIONAL_REPRESENTATION('',(#6542),#6546);
#6542 = LINE('',#6543,#6544);
#6543 = CARTESIAN_POINT('',(0.,0.));
#6544 = VECTOR('',#6545,1.);
#6545 = DIRECTION('',(1.,0.));
#6546 = ( GEOMETRIC_REPRESENTATION_CONTEXT(2) 
PARAMETRIC_REPRESENTATION_CONTEXT() REPRESENTATION_CONTEXT('2D SPACE',''
  ) );
#6547 = PCURVE('',#5843,#6548);
#6548 = DEFINITIONAL_REPRESENTATION('',(#6549),#6553);
#6549 = LINE('',#6550,#6551);
#6550 = CARTESIAN_POINT('',(0.,0.));
#6551 = VECTOR('',#6552,1.);
#6552 = DIRECTION('',(1.,0.));
#6553 = ( GEOMETRIC_REPRESENTATION_CONTEXT(2) 
PARAMETRIC_REPRESENTATION_CONTEXT() REPRESENTATION_CONTEXT('2D SPACE',''
  ) );
#6554 = ORIENTED_EDGE('',*,*,#5855,.T.);
#6555 = ORIENTED_EDGE('',*,*,#5688,.F.);
#6556 = ADVANCED_FACE('',(#6557),#5732,.F.);
#6557 = FACE_BOUND('',#6558,.F.);
#6558 = EDGE_LOOP('',(#6559,#6580,#6581,#6582));
#6559 = ORIENTED_EDGE('',*,*,#6560,.F.);
#6560 = EDGE_CURVE('',#6512,#5883,#6561,.T.);
#6561 = SURFACE_CURVE('',#6562,(#6566,#6573),.PCURVE_S1.);
#6562 = LINE('',#6563,#6564);
#6563 = CARTESIAN_POINT('',(-45.,-37.,33.));
#6564 = VECTOR('',#6565,1.);
#6565 = DIRECTION('',(0.,1.,0.));
#6566 = PCURVE('',#5732,#6567);
#6567 = DEFINITIONAL_REPRESENTATION('',(#6568),#6572);
#6568 = LINE('',#6569,#6570);
#6569 = CARTESIAN_POINT('',(0.,0.));
#6570 = VECTOR('',#6571,1.);
#6571 = DIRECTION('',(0.,1.));
#6572 = ( GEOMETRIC_REPRESENTATION_CONTEXT(2) 
PARAMETRIC_REPRESENTATION_CONTEXT() REPRESENTATION_CONTEXT('2D SPACE',''
  ) );
#6573 = PCURVE('',#5843,#6574);
#6574 = DEFINITIONAL_REPRESENTATION('',(#6575),#6579);
#6575 = LINE('',#6576,#6577);
#6576 = CARTESIAN_POINT('',(0.,0.));
#6577 = VECTOR('',#6578,1.);
#6578 = DIRECTION('',(0.,-1.));
#6579 = ( GEOMETRIC_REPRESENTATION_CONTEXT(2) 
PARAMETRIC_REPRESENTATION_CONTEXT() REPRESENTATION_CONTEXT('2D SPACE',''
  ) );
#6580 = ORIENTED_EDGE('',*,*,#6511,.T.);
#6581 = ORIENTED_EDGE('',*,*,#5716,.T.);
#6582 = ORIENTED_EDGE('',*,*,#5882,.F.);
#6583 = ADVANCED_FACE('',(#6584),#5789,.F.);
#6584 = FACE_BOUND('',#6585,.T.);
#6585 = EDGE_LOOP('',(#6586,#6614,#6635,#6636));
#6586 = ORIENTED_EDGE('',*,*,#6587,.T.);
#6587 = EDGE_CURVE('',#6588,#6588,#6590,.T.);
#6588 = VERTEX_POINT('',#6589);
#6589 = CARTESIAN_POINT('',(-45.,-27.75,40.));
#6590 = SURFACE_CURVE('',#6591,(#6596,#6603),.PCURVE_S1.);
#6591 = CIRCLE('',#6592,2.25);
#6592 = AXIS2_PLACEMENT_3D('',#6593,#6594,#6595);
#6593 = CARTESIAN_POINT('',(-45.,-30.,40.));
#6594 = DIRECTION('',(-1.,0.,0.));
#6595 = DIRECTION('',(0.,1.,0.));
#6596 = PCURVE('',#5789,#6597);
#6597 = DEFINITIONAL_REPRESENTATION('',(#6598),#6602);
#6598 = LINE('',#6599,#6600);
#6599 = CARTESIAN_POINT('',(-6.28318530718,-1.));
#6600 = VECTOR('',#6601,1.);
#6601 = DIRECTION('',(1.,-0.));
#6602 = ( GEOMETRIC_REPRESENTATION_CONTEXT(2) 
PARAMETRIC_REPRESENTATION_CONTEXT() REPRESENTATION_CONTEXT('2D SPACE',''
  ) );
#6603 = PCURVE('',#5843,#6604);
#6604 = DEFINITIONAL_REPRESENTATION('',(#6605),#6613);
#6605 = ( BOUNDED_CURVE() B_SPLINE_CURVE(2,(#6606,#6607,#6608,#6609,
#6610,#6611,#6612),.UNSPECIFIED.,.T.,.F.) B_SPLINE_CURVE_WITH_KNOTS((1,2
    ,2,2,2,1),(-2.094395102393,0.,2.094395102393,4.188790204786,
6.28318530718,8.377580409573),.UNSPECIFIED.) CURVE() 
GEOMETRIC_REPRESENTATION_ITEM() RATIONAL_B_SPLINE_CURVE((1.,0.5,1.,0.5,
1.,0.5,1.)) REPRESENTATION_ITEM('') );
#6606 = CARTESIAN_POINT('',(7.,-9.25));
#6607 = CARTESIAN_POINT('',(3.10288568297,-9.25));
#6608 = CARTESIAN_POINT('',(5.051442841485,-5.875));
#6609 = CARTESIAN_POINT('',(7.,-2.5));
#6610 = CARTESIAN_POINT('',(8.948557158515,-5.875));
#6611 = CARTESIAN_POINT('',(10.89711431703,-9.25));
#6612 = CARTESIAN_POINT('',(7.,-9.25));
#6613 = ( GEOMETRIC_REPRESENTATION_CONTEXT(2) 
PARAMETRIC_REPRESENTATION_CONTEXT() REPRESENTATION_CONTEXT('2D SPACE',''
  ) );
#6614 = ORIENTED_EDGE('',*,*,#6615,.T.);
#6615 = EDGE_CURVE('',#6588,#5769,#6616,.T.);
#6616 = SEAM_CURVE('',#6617,(#6621,#6628),.PCURVE_S1.);
#6617 = LINE('',#6618,#6619);
#6618 = CARTESIAN_POINT('',(-46.,-27.75,40.));
#6619 = VECTOR('',#6620,1.);
#6620 = DIRECTION('',(1.,0.,0.));
#6621 = PCURVE('',#5789,#6622);
#6622 = DEFINITIONAL_REPRESENTATION('',(#6623),#6627);
#6623 = LINE('',#6624,#6625);
#6624 = CARTESIAN_POINT('',(-6.28318530718,0.));
#6625 = VECTOR('',#6626,1.);
#6626 = DIRECTION('',(-0.,-1.));
#6627 = ( GEOMETRIC_REPRESENTATION_CONTEXT(2) 
PARAMETRIC_REPRESENTATION_CONTEXT() REPRESENTATION_CONTEXT('2D SPACE',''
  ) );
#6628 = PCURVE('',#5789,#6629);
#6629 = DEFINITIONAL_REPRESENTATION('',(#6630),#6634);
#6630 = LINE('',#6631,#6632);
#6631 = CARTESIAN_POINT('',(-0.,0.));
#6632 = VECTOR('',#6633,1.);
#6633 = DIRECTION('',(-0.,-1.));
#6634 = ( GEOMETRIC_REPRESENTATION_CONTEXT(2) 
PARAMETRIC_REPRESENTATION_CONTEXT() REPRESENTATION_CONTEXT('2D SPACE',''
  ) );
#6635 = ORIENTED_EDGE('',*,*,#5768,.F.);
#6636 = ORIENTED_EDGE('',*,*,#6615,.F.);
#6637 = ADVANCED_FACE('',(#6638,#6644),#5843,.F.);
#6638 = FACE_BOUND('',#6639,.F.);
#6639 = EDGE_LOOP('',(#6640,#6641,#6642,#6643));
#6640 = ORIENTED_EDGE('',*,*,#6534,.F.);
#6641 = ORIENTED_EDGE('',*,*,#6560,.T.);
#6642 = ORIENTED_EDGE('',*,*,#5905,.T.);
#6643 = ORIENTED_EDGE('',*,*,#5827,.F.);
#6644 = FACE_BOUND('',#6645,.F.);
#6645 = EDGE_LOOP('',(#6646));
#6646 = ORIENTED_EDGE('',*,*,#6587,.T.);
#6647 = ADVANCED_FACE('',(#6648),#6004,.F.);
#6648 = FACE_BOUND('',#6649,.F.);
#6649 = EDGE_LOOP('',(#6650,#6651,#6652,#6675));
#6650 = ORIENTED_EDGE('',*,*,#5988,.F.);
#6651 = ORIENTED_EDGE('',*,*,#6134,.T.);
#6652 = ORIENTED_EDGE('',*,*,#6653,.T.);
#6653 = EDGE_CURVE('',#6105,#6654,#6656,.T.);
#6654 = VERTEX_POINT('',#6655);
#6655 = CARTESIAN_POINT('',(45.,67.,33.));
#6656 = SURFACE_CURVE('',#6657,(#6661,#6668),.PCURVE_S1.);
#6657 = LINE('',#6658,#6659);
#6658 = CARTESIAN_POINT('',(45.,53.,33.));
#6659 = VECTOR('',#6660,1.);
#6660 = DIRECTION('',(0.,1.,0.));
#6661 = PCURVE('',#6004,#6662);
#6662 = DEFINITIONAL_REPRESENTATION('',(#6663),#6667);
#6663 = LINE('',#6664,#6665);
#6664 = CARTESIAN_POINT('',(5.,0.));
#6665 = VECTOR('',#6666,1.);
#6666 = DIRECTION('',(0.,1.));
#6667 = ( GEOMETRIC_REPRESENTATION_CONTEXT(2) 
PARAMETRIC_REPRESENTATION_CONTEXT() REPRESENTATION_CONTEXT('2D SPACE',''
  ) );
#6668 = PCURVE('',#6122,#6669);
#6669 = DEFINITIONAL_REPRESENTATION('',(#6670),#6674);
#6670 = LINE('',#6671,#6672);
#6671 = CARTESIAN_POINT('',(0.,0.));
#6672 = VECTOR('',#6673,1.);
#6673 = DIRECTION('',(0.,-1.));
#6674 = ( GEOMETRIC_REPRESENTATION_CONTEXT(2) 
PARAMETRIC_REPRESENTATION_CONTEXT() REPRESENTATION_CONTEXT('2D SPACE',''
  ) );
#6675 = ORIENTED_EDGE('',*,*,#6676,.F.);
#6676 = EDGE_CURVE('',#5989,#6654,#6677,.T.);
#6677 = SURFACE_CURVE('',#6678,(#6682,#6689),.PCURVE_S1.);
#6678 = LINE('',#6679,#6680);
#6679 = CARTESIAN_POINT('',(40.,67.,33.));
#6680 = VECTOR('',#6681,1.);
#6681 = DIRECTION('',(1.,0.,0.));
#6682 = PCURVE('',#6004,#6683);
#6683 = DEFINITIONAL_REPRESENTATION('',(#6684),#6688);
#6684 = LINE('',#6685,#6686);
#6685 = CARTESIAN_POINT('',(0.,14.));
#6686 = VECTOR('',#6687,1.);
#6687 = DIRECTION('',(1.,0.));
#6688 = ( GEOMETRIC_REPRESENTATION_CONTEXT(2) 
PARAMETRIC_REPRESENTATION_CONTEXT() REPRESENTATION_CONTEXT('2D SPACE',''
  ) );
#6689 = PCURVE('',#6032,#6690);
#6690 = DEFINITIONAL_REPRESENTATION('',(#6691),#6695);
#6691 = LINE('',#6692,#6693);
#6692 = CARTESIAN_POINT('',(0.,0.));
#6693 = VECTOR('',#6694,1.);
#6694 = DIRECTION('',(0.,1.));
#6695 = ( GEOMETRIC_REPRESENTATION_CONTEXT(2) 
PARAMETRIC_REPRESENTATION_CONTEXT() REPRESENTATION_CONTEXT('2D SPACE',''
  ) );
#6696 = ADVANCED_FACE('',(#6697),#6032,.T.);
#6697 = FACE_BOUND('',#6698,.T.);
#6698 = EDGE_LOOP('',(#6699,#6700,#6701,#6702));
#6699 = ORIENTED_EDGE('',*,*,#6676,.F.);
#6700 = ORIENTED_EDGE('',*,*,#6016,.T.);
#6701 = ORIENTED_EDGE('',*,*,#6207,.T.);
#6702 = ORIENTED_EDGE('',*,*,#6703,.F.);
#6703 = EDGE_CURVE('',#6654,#6185,#6704,.T.);
#6704 = SURFACE_CURVE('',#6705,(#6709,#6716),.PCURVE_S1.);
#6705 = LINE('',#6706,#6707);
#6706 = CARTESIAN_POINT('',(45.,67.,33.));
#6707 = VECTOR('',#6708,1.);
#6708 = DIRECTION('',(0.,0.,1.));
#6709 = PCURVE('',#6032,#6710);
#6710 = DEFINITIONAL_REPRESENTATION('',(#6711),#6715);
#6711 = LINE('',#6712,#6713);
#6712 = CARTESIAN_POINT('',(0.,5.));
#6713 = VECTOR('',#6714,1.);
#6714 = DIRECTION('',(1.,0.));
#6715 = ( GEOMETRIC_REPRESENTATION_CONTEXT(2) 
PARAMETRIC_REPRESENTATION_CONTEXT() REPRESENTATION_CONTEXT('2D SPACE',''
  ) );
#6716 = PCURVE('',#6122,#6717);
#6717 = DEFINITIONAL_REPRESENTATION('',(#6718),#6722);
#6718 = LINE('',#6719,#6720);
#6719 = CARTESIAN_POINT('',(0.,-14.));
#6720 = VECTOR('',#6721,1.);
#6721 = DIRECTION('',(1.,0.));
#6722 = ( GEOMETRIC_REPRESENTATION_CONTEXT(2) 
PARAMETRIC_REPRESENTATION_CONTEXT() REPRESENTATION_CONTEXT('2D SPACE',''
  ) );
#6723 = ADVANCED_FACE('',(#6724),#6089,.F.);
#6724 = FACE_BOUND('',#6725,.T.);
#6725 = EDGE_LOOP('',(#6726,#6727,#6750,#6776));
#6726 = ORIENTED_EDGE('',*,*,#6068,.T.);
#6727 = ORIENTED_EDGE('',*,*,#6728,.T.);
#6728 = EDGE_CURVE('',#6069,#6729,#6731,.T.);
#6729 = VERTEX_POINT('',#6730);
#6730 = CARTESIAN_POINT('',(45.,62.25,40.));
#6731 = SEAM_CURVE('',#6732,(#6736,#6743),.PCURVE_S1.);
#6732 = LINE('',#6733,#6734);
#6733 = CARTESIAN_POINT('',(-46.,62.25,40.));
#6734 = VECTOR('',#6735,1.);
#6735 = DIRECTION('',(1.,0.,0.));
#6736 = PCURVE('',#6089,#6737);
#6737 = DEFINITIONAL_REPRESENTATION('',(#6738),#6742);
#6738 = LINE('',#6739,#6740);
#6739 = CARTESIAN_POINT('',(-6.28318530718,0.));
#6740 = VECTOR('',#6741,1.);
#6741 = DIRECTION('',(-0.,-1.));
#6742 = ( GEOMETRIC_REPRESENTATION_CONTEXT(2) 
PARAMETRIC_REPRESENTATION_CONTEXT() REPRESENTATION_CONTEXT('2D SPACE',''
  ) );
#6743 = PCURVE('',#6089,#6744);
#6744 = DEFINITIONAL_REPRESENTATION('',(#6745),#6749);
#6745 = LINE('',#6746,#6747);
#6746 = CARTESIAN_POINT('',(-0.,0.));
#6747 = VECTOR('',#6748,1.);
#6748 = DIRECTION('',(-0.,-1.));
#6749 = ( GEOMETRIC_REPRESENTATION_CONTEXT(2) 
PARAMETRIC_REPRESENTATION_CONTEXT() REPRESENTATION_CONTEXT('2D SPACE',''
  ) );
#6750 = ORIENTED_EDGE('',*,*,#6751,.F.);
#6751 = EDGE_CURVE('',#6729,#6729,#6752,.T.);
#6752 = SURFACE_CURVE('',#6753,(#6758,#6765),.PCURVE_S1.);
#6753 = CIRCLE('',#6754,2.25);
#6754 = AXIS2_PLACEMENT_3D('',#6755,#6756,#6757);
#6755 = CARTESIAN_POINT('',(45.,60.,40.));
#6756 = DIRECTION('',(-1.,0.,0.));
#6757 = DIRECTION('',(0.,1.,0.));
#6758 = PCURVE('',#6089,#6759);
#6759 = DEFINITIONAL_REPRESENTATION('',(#6760),#6764);
#6760 = LINE('',#6761,#6762);
#6761 = CARTESIAN_POINT('',(-6.28318530718,-91.));
#6762 = VECTOR('',#6763,1.);
#6763 = DIRECTION('',(1.,-0.));
#6764 = ( GEOMETRIC_REPRESENTATION_CONTEXT(2) 
PARAMETRIC_REPRESENTATION_CONTEXT() REPRESENTATION_CONTEXT('2D SPACE',''
  ) );
#6765 = PCURVE('',#6122,#6766);
#6766 = DEFINITIONAL_REPRESENTATION('',(#6767),#6775);
#6767 = ( BOUNDED_CURVE() B_SPLINE_CURVE(2,(#6768,#6769,#6770,#6771,
#6772,#6773,#6774),.UNSPECIFIED.,.T.,.F.) B_SPLINE_CURVE_WITH_KNOTS((1,2
    ,2,2,2,1),(-2.094395102393,0.,2.094395102393,4.188790204786,
6.28318530718,8.377580409573),.UNSPECIFIED.) CURVE() 
GEOMETRIC_REPRESENTATION_ITEM() RATIONAL_B_SPLINE_CURVE((1.,0.5,1.,0.5,
1.,0.5,1.)) REPRESENTATION_ITEM('') );
#6768 = CARTESIAN_POINT('',(7.,-9.25));
#6769 = CARTESIAN_POINT('',(3.10288568297,-9.25));
#6770 = CARTESIAN_POINT('',(5.051442841485,-5.875));
#6771 = CARTESIAN_POINT('',(7.,-2.5));
#6772 = CARTESIAN_POINT('',(8.948557158515,-5.875));
#6773 = CARTESIAN_POINT('',(10.89711431703,-9.25));
#6774 = CARTESIAN_POINT('',(7.,-9.25));
#6775 = ( GEOMETRIC_REPRESENTATION_CONTEXT(2) 
PARAMETRIC_REPRESENTATION_CONTEXT() REPRESENTATION_CONTEXT('2D SPACE',''
  ) );
#6776 = ORIENTED_EDGE('',*,*,#6728,.F.);
#6777 = ADVANCED_FACE('',(#6778,#6784),#6122,.T.);
#6778 = FACE_BOUND('',#6779,.T.);
#6779 = EDGE_LOOP('',(#6780,#6781,#6782,#6783));
#6780 = ORIENTED_EDGE('',*,*,#6104,.F.);
#6781 = ORIENTED_EDGE('',*,*,#6653,.T.);
#6782 = ORIENTED_EDGE('',*,*,#6703,.T.);
#6783 = ORIENTED_EDGE('',*,*,#6184,.F.);
#6784 = FACE_BOUND('',#6785,.T.);
#6785 = EDGE_LOOP('',(#6786));
#6786 = ORIENTED_EDGE('',*,*,#6751,.T.);
#6787 = ( GEOMETRIC_REPRESENTATION_CONTEXT(3) 
GLOBAL_UNCERTAINTY_ASSIGNED_CONTEXT((#6791)) 
GLOBAL_UNIT_ASSIGNED_CONTEXT((#6788,#6789,#6790)) REPRESENTATION_CONTEXT
('Context #1','3D Context with UNIT and UNCERTAINTY') );
#6788 = ( LENGTH_UNIT() NAMED_UNIT(*) SI_UNIT(.MILLI.,.METRE.) );
#6789 = ( NAMED_UNIT(*) PLANE_ANGLE_UNIT() SI_UNIT($,.RADIAN.) );
#6790 = ( NAMED_UNIT(*) SI_UNIT($,.STERADIAN.) SOLID_ANGLE_UNIT() );
#6791 = UNCERTAINTY_MEASURE_WITH_UNIT(LENGTH_MEASURE(5.E-06),#6788,
  'distance_accuracy_value','confusion accuracy');
#6792 = PRODUCT_RELATED_PRODUCT_CATEGORY('part',$,(#7));
ENDSEC;
END-ISO-10303-21;
