ISO-10303-21;
HEADER;
FILE_DESCRIPTION(('Open CASCADE Model'),'2;1');
FILE_NAME('Open CASCADE Shape Model','2026-10-06T19:56:11',('Author'),(
    'Open CASCADE'),'Open CASCADE STEP processor 7.9','Open CASCADE 7.9'
  ,'Unknown');
FILE_SCHEMA(('AUTOMOTIVE_DESIGN { 1 0 10303 214 1 1 1 1 }'));
ENDSEC;
DATA;
#1 = APPLICATION_PROTOCOL_DEFINITION('international standard',
  'automotive_design',2000,#2);
#2 = APPLICATION_CONTEXT(
  'core data for automotive mechanical design processes');
#3 = SHAPE_DEFINITION_REPRESENTATION(#4,#10);
#4 = PRODUCT_DEFINITION_SHAPE('','',#5);
#5 = PRODUCT_DEFINITION('design','',#6,#9);
#6 = PRODUCT_DEFINITION_FORMATION('','',#7);
#7 = PRODUCT('Open CASCADE STEP translator 7.9 46',
  'Open CASCADE STEP translator 7.9 46','',(#8));
#8 = PRODUCT_CONTEXT('',#2,'mechanical');
#9 = PRODUCT_DEFINITION_CONTEXT('part definition',#2,'design');
#10 = ADVANCED_BREP_SHAPE_REPRESENTATION('',(#11,#15),#6347);
#11 = AXIS2_PLACEMENT_3D('',#12,#13,#14);
#12 = CARTESIAN_POINT('',(0.,0.,0.));
#13 = DIRECTION('',(0.,0.,1.));
#14 = DIRECTION('',(1.,0.,-0.));
#15 = MANIFOLD_SOLID_BREP('',#16);
#16 = CLOSED_SHELL('',(#17,#137,#213,#289,#2329,#3138,#3165,#3192,#3219,
    #3246,#3273,#3300,#3327,#3354,#3381,#3408,#3435,#3462,#3489,#3516,
    #3543,#3570,#3597,#3624,#3651,#3678,#3705,#3732,#3759,#3786,#3813,
    #3840,#3867,#3894,#3921,#3948,#3975,#4002,#4029,#4056,#4063,#4139,
    #4188,#4237,#4286,#4335,#4384,#4433,#4482,#4531,#4580,#4629,#4678,
    #4727,#4776,#4825,#4874,#4923,#4972,#5021,#5070,#5119,#5168,#5217,
    #5266,#5315,#5364,#5413,#5462,#5511,#5560,#5609,#5658,#5707,#5756,
    #5805,#5854,#5903,#5930,#6033,#6092,#6151,#6190,#6229,#6284,#6339,
    #6343));
#17 = ADVANCED_FACE('',(#18),#32,.F.);
#18 = FACE_BOUND('',#19,.T.);
#19 = EDGE_LOOP('',(#20,#55,#83,#111));
#20 = ORIENTED_EDGE('',*,*,#21,.T.);
#21 = EDGE_CURVE('',#22,#24,#26,.T.);
#22 = VERTEX_POINT('',#23);
#23 = CARTESIAN_POINT('',(-52.,82.356,-112.));
#24 = VERTEX_POINT('',#25);
#25 = CARTESIAN_POINT('',(-78.,82.356,-112.));
#26 = SURFACE_CURVE('',#27,(#31,#43),.PCURVE_S1.);
#27 = LINE('',#28,#29);
#28 = CARTESIAN_POINT('',(-52.,82.356,-112.));
#29 = VECTOR('',#30,1.);
#30 = DIRECTION('',(-1.,-0.,-0.));
#31 = PCURVE('',#32,#37);
#32 = PLANE('',#33);
#33 = AXIS2_PLACEMENT_3D('',#34,#35,#36);
#34 = CARTESIAN_POINT('',(-52.,82.356,-112.));
#35 = DIRECTION('',(-0.,0.996211069743,8.696841105968E-02));
#36 = DIRECTION('',(0.,-8.696841105968E-02,0.996211069743));
#37 = DEFINITIONAL_REPRESENTATION('',(#38),#42);
#38 = LINE('',#39,#40);
#39 = CARTESIAN_POINT('',(-0.,0.));
#40 = VECTOR('',#41,1.);
#41 = DIRECTION('',(-0.,-1.));
#42 = ( GEOMETRIC_REPRESENTATION_CONTEXT(2) 
PARAMETRIC_REPRESENTATION_CONTEXT() REPRESENTATION_CONTEXT('2D SPACE',''
  ) );
#43 = PCURVE('',#44,#49);
#44 = PLANE('',#45);
#45 = AXIS2_PLACEMENT_3D('',#46,#47,#48);
#46 = CARTESIAN_POINT('',(-52.,82.644,-108.701));
#47 = DIRECTION('',(-0.,0.996211069743,-8.696841105968E-02));
#48 = DIRECTION('',(0.,8.696841105968E-02,0.996211069743));
#49 = DEFINITIONAL_REPRESENTATION('',(#50),#54);
#50 = LINE('',#51,#52);
#51 = CARTESIAN_POINT('',(-3.311547221466,0.));
#52 = VECTOR('',#53,1.);
#53 = DIRECTION('',(-0.,-1.));
#54 = ( GEOMETRIC_REPRESENTATION_CONTEXT(2) 
PARAMETRIC_REPRESENTATION_CONTEXT() REPRESENTATION_CONTEXT('2D SPACE',''
  ) );
#55 = ORIENTED_EDGE('',*,*,#56,.T.);
#56 = EDGE_CURVE('',#24,#57,#59,.T.);
#57 = VERTEX_POINT('',#58);
#58 = CARTESIAN_POINT('',(-78.,82.644,-115.299));
#59 = SURFACE_CURVE('',#60,(#64,#71),.PCURVE_S1.);
#60 = LINE('',#61,#62);
#61 = CARTESIAN_POINT('',(-78.,82.356,-112.));
#62 = VECTOR('',#63,1.);
#63 = DIRECTION('',(-0.,8.696841105968E-02,-0.996211069743));
#64 = PCURVE('',#32,#65);
#65 = DEFINITIONAL_REPRESENTATION('',(#66),#70);
#66 = LINE('',#67,#68);
#67 = CARTESIAN_POINT('',(-0.,-26.));
#68 = VECTOR('',#69,1.);
#69 = DIRECTION('',(-1.,0.));
#70 = ( GEOMETRIC_REPRESENTATION_CONTEXT(2) 
PARAMETRIC_REPRESENTATION_CONTEXT() REPRESENTATION_CONTEXT('2D SPACE',''
  ) );
#71 = PCURVE('',#72,#77);
#72 = PLANE('',#73);
#73 = AXIS2_PLACEMENT_3D('',#74,#75,#76);
#74 = CARTESIAN_POINT('',(-78.,158.17780480973,-107.500009914));
#75 = DIRECTION('',(-1.,-0.,-0.));
#76 = DIRECTION('',(0.,0.,-1.));
#77 = DEFINITIONAL_REPRESENTATION('',(#78),#82);
#78 = LINE('',#79,#80);
#79 = CARTESIAN_POINT('',(4.49999008598,75.821804809734));
#80 = VECTOR('',#81,1.);
#81 = DIRECTION('',(0.996211069743,-8.696841105968E-02));
#82 = ( GEOMETRIC_REPRESENTATION_CONTEXT(2) 
PARAMETRIC_REPRESENTATION_CONTEXT() REPRESENTATION_CONTEXT('2D SPACE',''
  ) );
#83 = ORIENTED_EDGE('',*,*,#84,.F.);
#84 = EDGE_CURVE('',#85,#57,#87,.T.);
#85 = VERTEX_POINT('',#86);
#86 = CARTESIAN_POINT('',(-52.,82.644,-115.299));
#87 = SURFACE_CURVE('',#88,(#92,#99),.PCURVE_S1.);
#88 = LINE('',#89,#90);
#89 = CARTESIAN_POINT('',(-52.,82.644,-115.299));
#90 = VECTOR('',#91,1.);
#91 = DIRECTION('',(-1.,-0.,-0.));
#92 = PCURVE('',#32,#93);
#93 = DEFINITIONAL_REPRESENTATION('',(#94),#98);
#94 = LINE('',#95,#96);
#95 = CARTESIAN_POINT('',(-3.311547221466,0.));
#96 = VECTOR('',#97,1.);
#97 = DIRECTION('',(-0.,-1.));
#98 = ( GEOMETRIC_REPRESENTATION_CONTEXT(2) 
PARAMETRIC_REPRESENTATION_CONTEXT() REPRESENTATION_CONTEXT('2D SPACE',''
  ) );
#99 = PCURVE('',#100,#105);
#100 = PLANE('',#101);
#101 = AXIS2_PLACEMENT_3D('',#102,#103,#104);
#102 = CARTESIAN_POINT('',(-52.,82.644,-115.299));
#103 = DIRECTION('',(-0.,0.965863107928,0.259052999876));
#104 = DIRECTION('',(0.,-0.259052999876,0.965863107928));
#105 = DEFINITIONAL_REPRESENTATION('',(#106),#110);
#106 = LINE('',#107,#108);
#107 = CARTESIAN_POINT('',(-0.,0.));
#108 = VECTOR('',#109,1.);
#109 = DIRECTION('',(-0.,-1.));
#110 = ( GEOMETRIC_REPRESENTATION_CONTEXT(2) 
PARAMETRIC_REPRESENTATION_CONTEXT() REPRESENTATION_CONTEXT('2D SPACE',''
  ) );
#111 = ORIENTED_EDGE('',*,*,#112,.F.);
#112 = EDGE_CURVE('',#22,#85,#113,.T.);
#113 = SURFACE_CURVE('',#114,(#118,#125),.PCURVE_S1.);
#114 = LINE('',#115,#116);
#115 = CARTESIAN_POINT('',(-52.,82.356,-112.));
#116 = VECTOR('',#117,1.);
#117 = DIRECTION('',(-0.,8.696841105968E-02,-0.996211069743));
#118 = PCURVE('',#32,#119);
#119 = DEFINITIONAL_REPRESENTATION('',(#120),#124);
#120 = LINE('',#121,#122);
#121 = CARTESIAN_POINT('',(-0.,0.));
#122 = VECTOR('',#123,1.);
#123 = DIRECTION('',(-1.,0.));
#124 = ( GEOMETRIC_REPRESENTATION_CONTEXT(2) 
PARAMETRIC_REPRESENTATION_CONTEXT() REPRESENTATION_CONTEXT('2D SPACE',''
  ) );
#125 = PCURVE('',#126,#131);
#126 = PLANE('',#127);
#127 = AXIS2_PLACEMENT_3D('',#128,#129,#130);
#128 = CARTESIAN_POINT('',(-52.,158.17780480973,-107.500009914));
#129 = DIRECTION('',(-1.,-0.,-0.));
#130 = DIRECTION('',(0.,0.,-1.));
#131 = DEFINITIONAL_REPRESENTATION('',(#132),#136);
#132 = LINE('',#133,#134);
#133 = CARTESIAN_POINT('',(4.49999008598,75.821804809734));
#134 = VECTOR('',#135,1.);
#135 = DIRECTION('',(0.996211069743,-8.696841105968E-02));
#136 = ( GEOMETRIC_REPRESENTATION_CONTEXT(2) 
PARAMETRIC_REPRESENTATION_CONTEXT() REPRESENTATION_CONTEXT('2D SPACE',''
  ) );
#137 = ADVANCED_FACE('',(#138),#44,.F.);
#138 = FACE_BOUND('',#139,.T.);
#139 = EDGE_LOOP('',(#140,#170,#191,#192));
#140 = ORIENTED_EDGE('',*,*,#141,.T.);
#141 = EDGE_CURVE('',#142,#144,#146,.T.);
#142 = VERTEX_POINT('',#143);
#143 = CARTESIAN_POINT('',(-52.,82.644,-108.701));
#144 = VERTEX_POINT('',#145);
#145 = CARTESIAN_POINT('',(-78.,82.644,-108.701));
#146 = SURFACE_CURVE('',#147,(#151,#158),.PCURVE_S1.);
#147 = LINE('',#148,#149);
#148 = CARTESIAN_POINT('',(-52.,82.644,-108.701));
#149 = VECTOR('',#150,1.);
#150 = DIRECTION('',(-1.,-0.,-0.));
#151 = PCURVE('',#44,#152);
#152 = DEFINITIONAL_REPRESENTATION('',(#153),#157);
#153 = LINE('',#154,#155);
#154 = CARTESIAN_POINT('',(0.,-0.));
#155 = VECTOR('',#156,1.);
#156 = DIRECTION('',(-0.,-1.));
#157 = ( GEOMETRIC_REPRESENTATION_CONTEXT(2) 
PARAMETRIC_REPRESENTATION_CONTEXT() REPRESENTATION_CONTEXT('2D SPACE',''
  ) );
#158 = PCURVE('',#159,#164);
#159 = PLANE('',#160);
#160 = AXIS2_PLACEMENT_3D('',#161,#162,#163);
#161 = CARTESIAN_POINT('',(-52.,83.502,-105.502));
#162 = DIRECTION('',(-0.,0.965863107928,-0.259052999876));
#163 = DIRECTION('',(0.,0.259052999876,0.965863107928));
#164 = DEFINITIONAL_REPRESENTATION('',(#165),#169);
#165 = LINE('',#166,#167);
#166 = CARTESIAN_POINT('',(-3.312063556153,0.));
#167 = VECTOR('',#168,1.);
#168 = DIRECTION('',(-0.,-1.));
#169 = ( GEOMETRIC_REPRESENTATION_CONTEXT(2) 
PARAMETRIC_REPRESENTATION_CONTEXT() REPRESENTATION_CONTEXT('2D SPACE',''
  ) );
#170 = ORIENTED_EDGE('',*,*,#171,.T.);
#171 = EDGE_CURVE('',#144,#24,#172,.T.);
#172 = SURFACE_CURVE('',#173,(#177,#184),.PCURVE_S1.);
#173 = LINE('',#174,#175);
#174 = CARTESIAN_POINT('',(-78.,82.644,-108.701));
#175 = VECTOR('',#176,1.);
#176 = DIRECTION('',(-0.,-8.696841105968E-02,-0.996211069743));
#177 = PCURVE('',#44,#178);
#178 = DEFINITIONAL_REPRESENTATION('',(#179),#183);
#179 = LINE('',#180,#181);
#180 = CARTESIAN_POINT('',(-0.,-26.));
#181 = VECTOR('',#182,1.);
#182 = DIRECTION('',(-1.,0.));
#183 = ( GEOMETRIC_REPRESENTATION_CONTEXT(2) 
PARAMETRIC_REPRESENTATION_CONTEXT() REPRESENTATION_CONTEXT('2D SPACE',''
  ) );
#184 = PCURVE('',#72,#185);
#185 = DEFINITIONAL_REPRESENTATION('',(#186),#190);
#186 = LINE('',#187,#188);
#187 = CARTESIAN_POINT('',(1.20099008598,75.533804809734));
#188 = VECTOR('',#189,1.);
#189 = DIRECTION('',(0.996211069743,8.696841105968E-02));
#190 = ( GEOMETRIC_REPRESENTATION_CONTEXT(2) 
PARAMETRIC_REPRESENTATION_CONTEXT() REPRESENTATION_CONTEXT('2D SPACE',''
  ) );
#191 = ORIENTED_EDGE('',*,*,#21,.F.);
#192 = ORIENTED_EDGE('',*,*,#193,.F.);
#193 = EDGE_CURVE('',#142,#22,#194,.T.);
#194 = SURFACE_CURVE('',#195,(#199,#206),.PCURVE_S1.);
#195 = LINE('',#196,#197);
#196 = CARTESIAN_POINT('',(-52.,82.644,-108.701));
#197 = VECTOR('',#198,1.);
#198 = DIRECTION('',(-0.,-8.696841105968E-02,-0.996211069743));
#199 = PCURVE('',#44,#200);
#200 = DEFINITIONAL_REPRESENTATION('',(#201),#205);
#201 = LINE('',#202,#203);
#202 = CARTESIAN_POINT('',(0.,-0.));
#203 = VECTOR('',#204,1.);
#204 = DIRECTION('',(-1.,0.));
#205 = ( GEOMETRIC_REPRESENTATION_CONTEXT(2) 
PARAMETRIC_REPRESENTATION_CONTEXT() REPRESENTATION_CONTEXT('2D SPACE',''
  ) );
#206 = PCURVE('',#126,#207);
#207 = DEFINITIONAL_REPRESENTATION('',(#208),#212);
#208 = LINE('',#209,#210);
#209 = CARTESIAN_POINT('',(1.20099008598,75.533804809734));
#210 = VECTOR('',#211,1.);
#211 = DIRECTION('',(0.996211069743,8.696841105968E-02));
#212 = ( GEOMETRIC_REPRESENTATION_CONTEXT(2) 
PARAMETRIC_REPRESENTATION_CONTEXT() REPRESENTATION_CONTEXT('2D SPACE',''
  ) );
#213 = ADVANCED_FACE('',(#214),#100,.F.);
#214 = FACE_BOUND('',#215,.T.);
#215 = EDGE_LOOP('',(#216,#217,#240,#268));
#216 = ORIENTED_EDGE('',*,*,#84,.T.);
#217 = ORIENTED_EDGE('',*,*,#218,.T.);
#218 = EDGE_CURVE('',#57,#219,#221,.T.);
#219 = VERTEX_POINT('',#220);
#220 = CARTESIAN_POINT('',(-78.,83.502,-118.498));
#221 = SURFACE_CURVE('',#222,(#226,#233),.PCURVE_S1.);
#222 = LINE('',#223,#224);
#223 = CARTESIAN_POINT('',(-78.,82.644,-115.299));
#224 = VECTOR('',#225,1.);
#225 = DIRECTION('',(-0.,0.259052999876,-0.965863107928));
#226 = PCURVE('',#100,#227);
#227 = DEFINITIONAL_REPRESENTATION('',(#228),#232);
#228 = LINE('',#229,#230);
#229 = CARTESIAN_POINT('',(-0.,-26.));
#230 = VECTOR('',#231,1.);
#231 = DIRECTION('',(-1.,0.));
#232 = ( GEOMETRIC_REPRESENTATION_CONTEXT(2) 
PARAMETRIC_REPRESENTATION_CONTEXT() REPRESENTATION_CONTEXT('2D SPACE',''
  ) );
#233 = PCURVE('',#72,#234);
#234 = DEFINITIONAL_REPRESENTATION('',(#235),#239);
#235 = LINE('',#236,#237);
#236 = CARTESIAN_POINT('',(7.79899008598,75.533804809734));
#237 = VECTOR('',#238,1.);
#238 = DIRECTION('',(0.965863107928,-0.259052999876));
#239 = ( GEOMETRIC_REPRESENTATION_CONTEXT(2) 
PARAMETRIC_REPRESENTATION_CONTEXT() REPRESENTATION_CONTEXT('2D SPACE',''
  ) );
#240 = ORIENTED_EDGE('',*,*,#241,.F.);
#241 = EDGE_CURVE('',#242,#219,#244,.T.);
#242 = VERTEX_POINT('',#243);
#243 = CARTESIAN_POINT('',(-52.,83.502,-118.498));
#244 = SURFACE_CURVE('',#245,(#249,#256),.PCURVE_S1.);
#245 = LINE('',#246,#247);
#246 = CARTESIAN_POINT('',(-52.,83.502,-118.498));
#247 = VECTOR('',#248,1.);
#248 = DIRECTION('',(-1.,-0.,-0.));
#249 = PCURVE('',#100,#250);
#250 = DEFINITIONAL_REPRESENTATION('',(#251),#255);
#251 = LINE('',#252,#253);
#252 = CARTESIAN_POINT('',(-3.312063556153,0.));
#253 = VECTOR('',#254,1.);
#254 = DIRECTION('',(-0.,-1.));
#255 = ( GEOMETRIC_REPRESENTATION_CONTEXT(2) 
PARAMETRIC_REPRESENTATION_CONTEXT() REPRESENTATION_CONTEXT('2D SPACE',''
  ) );
#256 = PCURVE('',#257,#262);
#257 = PLANE('',#258);
#258 = AXIS2_PLACEMENT_3D('',#259,#260,#261);
#259 = CARTESIAN_POINT('',(-52.,83.502,-118.498));
#260 = DIRECTION('',(-0.,0.906406709049,0.422406057948));
#261 = DIRECTION('',(0.,-0.422406057948,0.906406709049));
#262 = DEFINITIONAL_REPRESENTATION('',(#263),#267);
#263 = LINE('',#264,#265);
#264 = CARTESIAN_POINT('',(-0.,0.));
#265 = VECTOR('',#266,1.);
#266 = DIRECTION('',(-0.,-1.));
#267 = ( GEOMETRIC_REPRESENTATION_CONTEXT(2) 
PARAMETRIC_REPRESENTATION_CONTEXT() REPRESENTATION_CONTEXT('2D SPACE',''
  ) );
#268 = ORIENTED_EDGE('',*,*,#269,.F.);
#269 = EDGE_CURVE('',#85,#242,#270,.T.);
#270 = SURFACE_CURVE('',#271,(#275,#282),.PCURVE_S1.);
#271 = LINE('',#272,#273);
#272 = CARTESIAN_POINT('',(-52.,82.644,-115.299));
#273 = VECTOR('',#274,1.);
#274 = DIRECTION('',(-0.,0.259052999876,-0.965863107928));
#275 = PCURVE('',#100,#276);
#276 = DEFINITIONAL_REPRESENTATION('',(#277),#281);
#277 = LINE('',#278,#279);
#278 = CARTESIAN_POINT('',(-0.,0.));
#279 = VECTOR('',#280,1.);
#280 = DIRECTION('',(-1.,0.));
#281 = ( GEOMETRIC_REPRESENTATION_CONTEXT(2) 
PARAMETRIC_REPRESENTATION_CONTEXT() REPRESENTATION_CONTEXT('2D SPACE',''
  ) );
#282 = PCURVE('',#126,#283);
#283 = DEFINITIONAL_REPRESENTATION('',(#284),#288);
#284 = LINE('',#285,#286);
#285 = CARTESIAN_POINT('',(7.79899008598,75.533804809734));
#286 = VECTOR('',#287,1.);
#287 = DIRECTION('',(0.965863107928,-0.259052999876));
#288 = ( GEOMETRIC_REPRESENTATION_CONTEXT(2) 
PARAMETRIC_REPRESENTATION_CONTEXT() REPRESENTATION_CONTEXT('2D SPACE',''
  ) );
#289 = ADVANCED_FACE('',(#290,#1263),#126,.F.);
#290 = FACE_BOUND('',#291,.T.);
#291 = EDGE_LOOP('',(#292,#293,#294,#317,#345,#373,#401,#429,#457,#485,
    #513,#541,#569,#597,#625,#653,#681,#709,#737,#765,#793,#821,#849,
    #877,#905,#933,#961,#989,#1017,#1045,#1073,#1101,#1129,#1157,#1185,
    #1213,#1241,#1262));
#292 = ORIENTED_EDGE('',*,*,#112,.T.);
#293 = ORIENTED_EDGE('',*,*,#269,.T.);
#294 = ORIENTED_EDGE('',*,*,#295,.T.);
#295 = EDGE_CURVE('',#242,#296,#298,.T.);
#296 = VERTEX_POINT('',#297);
#297 = CARTESIAN_POINT('',(-52.,84.901,-121.5));
#298 = SURFACE_CURVE('',#299,(#303,#310),.PCURVE_S1.);
#299 = LINE('',#300,#301);
#300 = CARTESIAN_POINT('',(-52.,83.502,-118.498));
#301 = VECTOR('',#302,1.);
#302 = DIRECTION('',(-0.,0.422406057948,-0.906406709049));
#303 = PCURVE('',#126,#304);
#304 = DEFINITIONAL_REPRESENTATION('',(#305),#309);
#305 = LINE('',#306,#307);
#306 = CARTESIAN_POINT('',(10.99799008598,74.675804809734));
#307 = VECTOR('',#308,1.);
#308 = DIRECTION('',(0.906406709049,-0.422406057948));
#309 = ( GEOMETRIC_REPRESENTATION_CONTEXT(2) 
PARAMETRIC_REPRESENTATION_CONTEXT() REPRESENTATION_CONTEXT('2D SPACE',''
  ) );
#310 = PCURVE('',#257,#311);
#311 = DEFINITIONAL_REPRESENTATION('',(#312),#316);
#312 = LINE('',#313,#314);
#313 = CARTESIAN_POINT('',(-0.,0.));
#314 = VECTOR('',#315,1.);
#315 = DIRECTION('',(-1.,0.));
#316 = ( GEOMETRIC_REPRESENTATION_CONTEXT(2) 
PARAMETRIC_REPRESENTATION_CONTEXT() REPRESENTATION_CONTEXT('2D SPACE',''
  ) );
#317 = ORIENTED_EDGE('',*,*,#318,.T.);
#318 = EDGE_CURVE('',#296,#319,#321,.T.);
#319 = VERTEX_POINT('',#320);
#320 = CARTESIAN_POINT('',(-52.,86.801,-124.213));
#321 = SURFACE_CURVE('',#322,(#326,#333),.PCURVE_S1.);
#322 = LINE('',#323,#324);
#323 = CARTESIAN_POINT('',(-52.,84.901,-121.5));
#324 = VECTOR('',#325,1.);
#325 = DIRECTION('',(-0.,0.57364469689,-0.819104243506));
#326 = PCURVE('',#126,#327);
#327 = DEFINITIONAL_REPRESENTATION('',(#328),#332);
#328 = LINE('',#329,#330);
#329 = CARTESIAN_POINT('',(13.99999008598,73.276804809734));
#330 = VECTOR('',#331,1.);
#331 = DIRECTION('',(0.819104243506,-0.57364469689));
#332 = ( GEOMETRIC_REPRESENTATION_CONTEXT(2) 
PARAMETRIC_REPRESENTATION_CONTEXT() REPRESENTATION_CONTEXT('2D SPACE',''
  ) );
#333 = PCURVE('',#334,#339);
#334 = PLANE('',#335);
#335 = AXIS2_PLACEMENT_3D('',#336,#337,#338);
#336 = CARTESIAN_POINT('',(-52.,84.901,-121.5));
#337 = DIRECTION('',(-0.,0.819104243506,0.57364469689));
#338 = DIRECTION('',(0.,-0.57364469689,0.819104243506));
#339 = DEFINITIONAL_REPRESENTATION('',(#340),#344);
#340 = LINE('',#341,#342);
#341 = CARTESIAN_POINT('',(-0.,0.));
#342 = VECTOR('',#343,1.);
#343 = DIRECTION('',(-1.,0.));
#344 = ( GEOMETRIC_REPRESENTATION_CONTEXT(2) 
PARAMETRIC_REPRESENTATION_CONTEXT() REPRESENTATION_CONTEXT('2D SPACE',''
  ) );
#345 = ORIENTED_EDGE('',*,*,#346,.T.);
#346 = EDGE_CURVE('',#319,#347,#349,.T.);
#347 = VERTEX_POINT('',#348);
#348 = CARTESIAN_POINT('',(-52.,89.143,-126.555));
#349 = SURFACE_CURVE('',#350,(#354,#361),.PCURVE_S1.);
#350 = LINE('',#351,#352);
#351 = CARTESIAN_POINT('',(-52.,86.801,-124.213));
#352 = VECTOR('',#353,1.);
#353 = DIRECTION('',(-0.,0.707106781187,-0.707106781187));
#354 = PCURVE('',#126,#355);
#355 = DEFINITIONAL_REPRESENTATION('',(#356),#360);
#356 = LINE('',#357,#358);
#357 = CARTESIAN_POINT('',(16.71299008598,71.376804809734));
#358 = VECTOR('',#359,1.);
#359 = DIRECTION('',(0.707106781187,-0.707106781187));
#360 = ( GEOMETRIC_REPRESENTATION_CONTEXT(2) 
PARAMETRIC_REPRESENTATION_CONTEXT() REPRESENTATION_CONTEXT('2D SPACE',''
  ) );
#361 = PCURVE('',#362,#367);
#362 = PLANE('',#363);
#363 = AXIS2_PLACEMENT_3D('',#364,#365,#366);
#364 = CARTESIAN_POINT('',(-52.,86.801,-124.213));
#365 = DIRECTION('',(-0.,0.707106781187,0.707106781187));
#366 = DIRECTION('',(0.,-0.707106781187,0.707106781187));
#367 = DEFINITIONAL_REPRESENTATION('',(#368),#372);
#368 = LINE('',#369,#370);
#369 = CARTESIAN_POINT('',(-0.,0.));
#370 = VECTOR('',#371,1.);
#371 = DIRECTION('',(-1.,0.));
#372 = ( GEOMETRIC_REPRESENTATION_CONTEXT(2) 
PARAMETRIC_REPRESENTATION_CONTEXT() REPRESENTATION_CONTEXT('2D SPACE',''
  ) );
#373 = ORIENTED_EDGE('',*,*,#374,.T.);
#374 = EDGE_CURVE('',#347,#375,#377,.T.);
#375 = VERTEX_POINT('',#376);
#376 = CARTESIAN_POINT('',(-52.,91.856,-128.454));
#377 = SURFACE_CURVE('',#378,(#382,#389),.PCURVE_S1.);
#378 = LINE('',#379,#380);
#379 = CARTESIAN_POINT('',(-52.,89.143,-126.555));
#380 = VECTOR('',#381,1.);
#381 = DIRECTION('',(-0.,0.819246106804,-0.573442077708));
#382 = PCURVE('',#126,#383);
#383 = DEFINITIONAL_REPRESENTATION('',(#384),#388);
#384 = LINE('',#385,#386);
#385 = CARTESIAN_POINT('',(19.05499008598,69.034804809734));
#386 = VECTOR('',#387,1.);
#387 = DIRECTION('',(0.573442077708,-0.819246106804));
#388 = ( GEOMETRIC_REPRESENTATION_CONTEXT(2) 
PARAMETRIC_REPRESENTATION_CONTEXT() REPRESENTATION_CONTEXT('2D SPACE',''
  ) );
#389 = PCURVE('',#390,#395);
#390 = PLANE('',#391);
#391 = AXIS2_PLACEMENT_3D('',#392,#393,#394);
#392 = CARTESIAN_POINT('',(-52.,89.143,-126.555));
#393 = DIRECTION('',(-0.,0.573442077708,0.819246106804));
#394 = DIRECTION('',(0.,-0.819246106804,0.573442077708));
#395 = DEFINITIONAL_REPRESENTATION('',(#396),#400);
#396 = LINE('',#397,#398);
#397 = CARTESIAN_POINT('',(-0.,0.));
#398 = VECTOR('',#399,1.);
#399 = DIRECTION('',(-1.,0.));
#400 = ( GEOMETRIC_REPRESENTATION_CONTEXT(2) 
PARAMETRIC_REPRESENTATION_CONTEXT() REPRESENTATION_CONTEXT('2D SPACE',''
  ) );
#401 = ORIENTED_EDGE('',*,*,#402,.T.);
#402 = EDGE_CURVE('',#375,#403,#405,.T.);
#403 = VERTEX_POINT('',#404);
#404 = CARTESIAN_POINT('',(-52.,94.857,-129.854));
#405 = SURFACE_CURVE('',#406,(#410,#417),.PCURVE_S1.);
#406 = LINE('',#407,#408);
#407 = CARTESIAN_POINT('',(-52.,91.856,-128.454));
#408 = VECTOR('',#409,1.);
#409 = DIRECTION('',(-0.,0.90623713604,-0.422769740239));
#410 = PCURVE('',#126,#411);
#411 = DEFINITIONAL_REPRESENTATION('',(#412),#416);
#412 = LINE('',#413,#414);
#413 = CARTESIAN_POINT('',(20.95399008598,66.321804809734));
#414 = VECTOR('',#415,1.);
#415 = DIRECTION('',(0.422769740239,-0.90623713604));
#416 = ( GEOMETRIC_REPRESENTATION_CONTEXT(2) 
PARAMETRIC_REPRESENTATION_CONTEXT() REPRESENTATION_CONTEXT('2D SPACE',''
  ) );
#417 = PCURVE('',#418,#423);
#418 = PLANE('',#419);
#419 = AXIS2_PLACEMENT_3D('',#420,#421,#422);
#420 = CARTESIAN_POINT('',(-52.,91.856,-128.454));
#421 = DIRECTION('',(-0.,0.422769740239,0.90623713604));
#422 = DIRECTION('',(0.,-0.90623713604,0.422769740239));
#423 = DEFINITIONAL_REPRESENTATION('',(#424),#428);
#424 = LINE('',#425,#426);
#425 = CARTESIAN_POINT('',(-0.,0.));
#426 = VECTOR('',#427,1.);
#427 = DIRECTION('',(-1.,0.));
#428 = ( GEOMETRIC_REPRESENTATION_CONTEXT(2) 
PARAMETRIC_REPRESENTATION_CONTEXT() REPRESENTATION_CONTEXT('2D SPACE',''
  ) );
#429 = ORIENTED_EDGE('',*,*,#430,.T.);
#430 = EDGE_CURVE('',#403,#431,#433,.T.);
#431 = VERTEX_POINT('',#432);
#432 = CARTESIAN_POINT('',(-52.,98.057,-130.711));
#433 = SURFACE_CURVE('',#434,(#438,#445),.PCURVE_S1.);
#434 = LINE('',#435,#436);
#435 = CARTESIAN_POINT('',(-52.,94.857,-129.854));
#436 = VECTOR('',#437,1.);
#437 = DIRECTION('',(-0.,0.965958828248,-0.25869584869));
#438 = PCURVE('',#126,#439);
#439 = DEFINITIONAL_REPRESENTATION('',(#440),#444);
#440 = LINE('',#441,#442);
#441 = CARTESIAN_POINT('',(22.35399008598,63.320804809734));
#442 = VECTOR('',#443,1.);
#443 = DIRECTION('',(0.25869584869,-0.965958828248));
#444 = ( GEOMETRIC_REPRESENTATION_CONTEXT(2) 
PARAMETRIC_REPRESENTATION_CONTEXT() REPRESENTATION_CONTEXT('2D SPACE',''
  ) );
#445 = PCURVE('',#446,#451);
#446 = PLANE('',#447);
#447 = AXIS2_PLACEMENT_3D('',#448,#449,#450);
#448 = CARTESIAN_POINT('',(-52.,94.857,-129.854));
#449 = DIRECTION('',(-0.,0.25869584869,0.965958828248));
#450 = DIRECTION('',(0.,-0.965958828248,0.25869584869));
#451 = DEFINITIONAL_REPRESENTATION('',(#452),#456);
#452 = LINE('',#453,#454);
#453 = CARTESIAN_POINT('',(-0.,0.));
#454 = VECTOR('',#455,1.);
#455 = DIRECTION('',(-1.,0.));
#456 = ( GEOMETRIC_REPRESENTATION_CONTEXT(2) 
PARAMETRIC_REPRESENTATION_CONTEXT() REPRESENTATION_CONTEXT('2D SPACE',''
  ) );
#457 = ORIENTED_EDGE('',*,*,#458,.T.);
#458 = EDGE_CURVE('',#431,#459,#461,.T.);
#459 = VERTEX_POINT('',#460);
#460 = CARTESIAN_POINT('',(-52.,101.356,-131.));
#461 = SURFACE_CURVE('',#462,(#466,#473),.PCURVE_S1.);
#462 = LINE('',#463,#464);
#463 = CARTESIAN_POINT('',(-52.,98.057,-130.711));
#464 = VECTOR('',#465,1.);
#465 = DIRECTION('',(-0.,0.996184862693,-8.726808891123E-02));
#466 = PCURVE('',#126,#467);
#467 = DEFINITIONAL_REPRESENTATION('',(#468),#472);
#468 = LINE('',#469,#470);
#469 = CARTESIAN_POINT('',(23.21099008598,60.120804809734));
#470 = VECTOR('',#471,1.);
#471 = DIRECTION('',(8.726808891123E-02,-0.996184862693));
#472 = ( GEOMETRIC_REPRESENTATION_CONTEXT(2) 
PARAMETRIC_REPRESENTATION_CONTEXT() REPRESENTATION_CONTEXT('2D SPACE',''
  ) );
#473 = PCURVE('',#474,#479);
#474 = PLANE('',#475);
#475 = AXIS2_PLACEMENT_3D('',#476,#477,#478);
#476 = CARTESIAN_POINT('',(-52.,98.057,-130.711));
#477 = DIRECTION('',(-0.,8.726808891123E-02,0.996184862693));
#478 = DIRECTION('',(0.,-0.996184862693,8.726808891123E-02));
#479 = DEFINITIONAL_REPRESENTATION('',(#480),#484);
#480 = LINE('',#481,#482);
#481 = CARTESIAN_POINT('',(-0.,0.));
#482 = VECTOR('',#483,1.);
#483 = DIRECTION('',(-1.,0.));
#484 = ( GEOMETRIC_REPRESENTATION_CONTEXT(2) 
PARAMETRIC_REPRESENTATION_CONTEXT() REPRESENTATION_CONTEXT('2D SPACE',''
  ) );
#485 = ORIENTED_EDGE('',*,*,#486,.T.);
#486 = EDGE_CURVE('',#459,#487,#489,.T.);
#487 = VERTEX_POINT('',#488);
#488 = CARTESIAN_POINT('',(-52.,215.,-122.));
#489 = SURFACE_CURVE('',#490,(#494,#501),.PCURVE_S1.);
#490 = LINE('',#491,#492);
#491 = CARTESIAN_POINT('',(-52.,101.356,-131.));
#492 = VECTOR('',#493,1.);
#493 = DIRECTION('',(-0.,0.996878775594,7.894749375546E-02));
#494 = PCURVE('',#126,#495);
#495 = DEFINITIONAL_REPRESENTATION('',(#496),#500);
#496 = LINE('',#497,#498);
#497 = CARTESIAN_POINT('',(23.49999008598,56.821804809734));
#498 = VECTOR('',#499,1.);
#499 = DIRECTION('',(-7.894749375546E-02,-0.996878775594));
#500 = ( GEOMETRIC_REPRESENTATION_CONTEXT(2) 
PARAMETRIC_REPRESENTATION_CONTEXT() REPRESENTATION_CONTEXT('2D SPACE',''
  ) );
#501 = PCURVE('',#502,#507);
#502 = PLANE('',#503);
#503 = AXIS2_PLACEMENT_3D('',#504,#505,#506);
#504 = CARTESIAN_POINT('',(-52.,101.356,-131.));
#505 = DIRECTION('',(-0.,-7.894749375546E-02,0.996878775594));
#506 = DIRECTION('',(0.,-0.996878775594,-7.894749375546E-02));
#507 = DEFINITIONAL_REPRESENTATION('',(#508),#512);
#508 = LINE('',#509,#510);
#509 = CARTESIAN_POINT('',(-0.,0.));
#510 = VECTOR('',#511,1.);
#511 = DIRECTION('',(-1.,0.));
#512 = ( GEOMETRIC_REPRESENTATION_CONTEXT(2) 
PARAMETRIC_REPRESENTATION_CONTEXT() REPRESENTATION_CONTEXT('2D SPACE',''
  ) );
#513 = ORIENTED_EDGE('',*,*,#514,.T.);
#514 = EDGE_CURVE('',#487,#515,#517,.T.);
#515 = VERTEX_POINT('',#516);
#516 = CARTESIAN_POINT('',(-52.,218.299,-121.711));
#517 = SURFACE_CURVE('',#518,(#522,#529),.PCURVE_S1.);
#518 = LINE('',#519,#520);
#519 = CARTESIAN_POINT('',(-52.,215.,-122.));
#520 = VECTOR('',#521,1.);
#521 = DIRECTION('',(-0.,0.996184862693,8.726808891123E-02));
#522 = PCURVE('',#126,#523);
#523 = DEFINITIONAL_REPRESENTATION('',(#524),#528);
#524 = LINE('',#525,#526);
#525 = CARTESIAN_POINT('',(14.49999008598,-56.82219519026));
#526 = VECTOR('',#527,1.);
#527 = DIRECTION('',(-8.726808891123E-02,-0.996184862693));
#528 = ( GEOMETRIC_REPRESENTATION_CONTEXT(2) 
PARAMETRIC_REPRESENTATION_CONTEXT() REPRESENTATION_CONTEXT('2D SPACE',''
  ) );
#529 = PCURVE('',#530,#535);
#530 = PLANE('',#531);
#531 = AXIS2_PLACEMENT_3D('',#532,#533,#534);
#532 = CARTESIAN_POINT('',(-52.,215.,-122.));
#533 = DIRECTION('',(-0.,-8.726808891123E-02,0.996184862693));
#534 = DIRECTION('',(0.,-0.996184862693,-8.726808891123E-02));
#535 = DEFINITIONAL_REPRESENTATION('',(#536),#540);
#536 = LINE('',#537,#538);
#537 = CARTESIAN_POINT('',(-0.,0.));
#538 = VECTOR('',#539,1.);
#539 = DIRECTION('',(-1.,0.));
#540 = ( GEOMETRIC_REPRESENTATION_CONTEXT(2) 
PARAMETRIC_REPRESENTATION_CONTEXT() REPRESENTATION_CONTEXT('2D SPACE',''
  ) );
#541 = ORIENTED_EDGE('',*,*,#542,.T.);
#542 = EDGE_CURVE('',#515,#543,#545,.T.);
#543 = VERTEX_POINT('',#544);
#544 = CARTESIAN_POINT('',(-52.,221.498,-120.854));
#545 = SURFACE_CURVE('',#546,(#550,#557),.PCURVE_S1.);
#546 = LINE('',#547,#548);
#547 = CARTESIAN_POINT('',(-52.,218.299,-121.711));
#548 = VECTOR('',#549,1.);
#549 = DIRECTION('',(-0.,0.965938617726,0.258771302092));
#550 = PCURVE('',#126,#551);
#551 = DEFINITIONAL_REPRESENTATION('',(#552),#556);
#552 = LINE('',#553,#554);
#553 = CARTESIAN_POINT('',(14.21099008598,-60.12119519026));
#554 = VECTOR('',#555,1.);
#555 = DIRECTION('',(-0.258771302092,-0.965938617726));
#556 = ( GEOMETRIC_REPRESENTATION_CONTEXT(2) 
PARAMETRIC_REPRESENTATION_CONTEXT() REPRESENTATION_CONTEXT('2D SPACE',''
  ) );
#557 = PCURVE('',#558,#563);
#558 = PLANE('',#559);
#559 = AXIS2_PLACEMENT_3D('',#560,#561,#562);
#560 = CARTESIAN_POINT('',(-52.,218.299,-121.711));
#561 = DIRECTION('',(-0.,-0.258771302092,0.965938617726));
#562 = DIRECTION('',(0.,-0.965938617726,-0.258771302092));
#563 = DEFINITIONAL_REPRESENTATION('',(#564),#568);
#564 = LINE('',#565,#566);
#565 = CARTESIAN_POINT('',(-0.,0.));
#566 = VECTOR('',#567,1.);
#567 = DIRECTION('',(-1.,0.));
#568 = ( GEOMETRIC_REPRESENTATION_CONTEXT(2) 
PARAMETRIC_REPRESENTATION_CONTEXT() REPRESENTATION_CONTEXT('2D SPACE',''
  ) );
#569 = ORIENTED_EDGE('',*,*,#570,.T.);
#570 = EDGE_CURVE('',#543,#571,#573,.T.);
#571 = VERTEX_POINT('',#572);
#572 = CARTESIAN_POINT('',(-52.,224.5,-119.454));
#573 = SURFACE_CURVE('',#574,(#578,#585),.PCURVE_S1.);
#574 = LINE('',#575,#576);
#575 = CARTESIAN_POINT('',(-52.,221.498,-120.854));
#576 = VECTOR('',#577,1.);
#577 = DIRECTION('',(-0.,0.906291087773,0.42265407158));
#578 = PCURVE('',#126,#579);
#579 = DEFINITIONAL_REPRESENTATION('',(#580),#584);
#580 = LINE('',#581,#582);
#581 = CARTESIAN_POINT('',(13.35399008598,-63.32019519026));
#582 = VECTOR('',#583,1.);
#583 = DIRECTION('',(-0.42265407158,-0.906291087773));
#584 = ( GEOMETRIC_REPRESENTATION_CONTEXT(2) 
PARAMETRIC_REPRESENTATION_CONTEXT() REPRESENTATION_CONTEXT('2D SPACE',''
  ) );
#585 = PCURVE('',#586,#591);
#586 = PLANE('',#587);
#587 = AXIS2_PLACEMENT_3D('',#588,#589,#590);
#588 = CARTESIAN_POINT('',(-52.,221.498,-120.854));
#589 = DIRECTION('',(-0.,-0.42265407158,0.906291087773));
#590 = DIRECTION('',(0.,-0.906291087773,-0.42265407158));
#591 = DEFINITIONAL_REPRESENTATION('',(#592),#596);
#592 = LINE('',#593,#594);
#593 = CARTESIAN_POINT('',(-0.,0.));
#594 = VECTOR('',#595,1.);
#595 = DIRECTION('',(-1.,0.));
#596 = ( GEOMETRIC_REPRESENTATION_CONTEXT(2) 
PARAMETRIC_REPRESENTATION_CONTEXT() REPRESENTATION_CONTEXT('2D SPACE',''
  ) );
#597 = ORIENTED_EDGE('',*,*,#598,.T.);
#598 = EDGE_CURVE('',#571,#599,#601,.T.);
#599 = VERTEX_POINT('',#600);
#600 = CARTESIAN_POINT('',(-52.,227.213,-117.555));
#601 = SURFACE_CURVE('',#602,(#606,#613),.PCURVE_S1.);
#602 = LINE('',#603,#604);
#603 = CARTESIAN_POINT('',(-52.,224.5,-119.454));
#604 = VECTOR('',#605,1.);
#605 = DIRECTION('',(-0.,0.819246106804,0.573442077708));
#606 = PCURVE('',#126,#607);
#607 = DEFINITIONAL_REPRESENTATION('',(#608),#612);
#608 = LINE('',#609,#610);
#609 = CARTESIAN_POINT('',(11.95399008598,-66.32219519026));
#610 = VECTOR('',#611,1.);
#611 = DIRECTION('',(-0.573442077708,-0.819246106804));
#612 = ( GEOMETRIC_REPRESENTATION_CONTEXT(2) 
PARAMETRIC_REPRESENTATION_CONTEXT() REPRESENTATION_CONTEXT('2D SPACE',''
  ) );
#613 = PCURVE('',#614,#619);
#614 = PLANE('',#615);
#615 = AXIS2_PLACEMENT_3D('',#616,#617,#618);
#616 = CARTESIAN_POINT('',(-52.,224.5,-119.454));
#617 = DIRECTION('',(-0.,-0.573442077708,0.819246106804));
#618 = DIRECTION('',(0.,-0.819246106804,-0.573442077708));
#619 = DEFINITIONAL_REPRESENTATION('',(#620),#624);
#620 = LINE('',#621,#622);
#621 = CARTESIAN_POINT('',(-0.,0.));
#622 = VECTOR('',#623,1.);
#623 = DIRECTION('',(-1.,0.));
#624 = ( GEOMETRIC_REPRESENTATION_CONTEXT(2) 
PARAMETRIC_REPRESENTATION_CONTEXT() REPRESENTATION_CONTEXT('2D SPACE',''
  ) );
#625 = ORIENTED_EDGE('',*,*,#626,.T.);
#626 = EDGE_CURVE('',#599,#627,#629,.T.);
#627 = VERTEX_POINT('',#628);
#628 = CARTESIAN_POINT('',(-52.,229.555,-115.213));
#629 = SURFACE_CURVE('',#630,(#634,#641),.PCURVE_S1.);
#630 = LINE('',#631,#632);
#631 = CARTESIAN_POINT('',(-52.,227.213,-117.555));
#632 = VECTOR('',#633,1.);
#633 = DIRECTION('',(-0.,0.707106781187,0.707106781187));
#634 = PCURVE('',#126,#635);
#635 = DEFINITIONAL_REPRESENTATION('',(#636),#640);
#636 = LINE('',#637,#638);
#637 = CARTESIAN_POINT('',(10.05499008598,-69.03519519026));
#638 = VECTOR('',#639,1.);
#639 = DIRECTION('',(-0.707106781187,-0.707106781187));
#640 = ( GEOMETRIC_REPRESENTATION_CONTEXT(2) 
PARAMETRIC_REPRESENTATION_CONTEXT() REPRESENTATION_CONTEXT('2D SPACE',''
  ) );
#641 = PCURVE('',#642,#647);
#642 = PLANE('',#643);
#643 = AXIS2_PLACEMENT_3D('',#644,#645,#646);
#644 = CARTESIAN_POINT('',(-52.,227.213,-117.555));
#645 = DIRECTION('',(-0.,-0.707106781187,0.707106781187));
#646 = DIRECTION('',(0.,-0.707106781187,-0.707106781187));
#647 = DEFINITIONAL_REPRESENTATION('',(#648),#652);
#648 = LINE('',#649,#650);
#649 = CARTESIAN_POINT('',(-0.,0.));
#650 = VECTOR('',#651,1.);
#651 = DIRECTION('',(-1.,0.));
#652 = ( GEOMETRIC_REPRESENTATION_CONTEXT(2) 
PARAMETRIC_REPRESENTATION_CONTEXT() REPRESENTATION_CONTEXT('2D SPACE',''
  ) );
#653 = ORIENTED_EDGE('',*,*,#654,.T.);
#654 = EDGE_CURVE('',#627,#655,#657,.T.);
#655 = VERTEX_POINT('',#656);
#656 = CARTESIAN_POINT('',(-52.,231.454,-112.5));
#657 = SURFACE_CURVE('',#658,(#662,#669),.PCURVE_S1.);
#658 = LINE('',#659,#660);
#659 = CARTESIAN_POINT('',(-52.,229.555,-115.213));
#660 = VECTOR('',#661,1.);
#661 = DIRECTION('',(-0.,0.573442077708,0.819246106804));
#662 = PCURVE('',#126,#663);
#663 = DEFINITIONAL_REPRESENTATION('',(#664),#668);
#664 = LINE('',#665,#666);
#665 = CARTESIAN_POINT('',(7.71299008598,-71.37719519026));
#666 = VECTOR('',#667,1.);
#667 = DIRECTION('',(-0.819246106804,-0.573442077708));
#668 = ( GEOMETRIC_REPRESENTATION_CONTEXT(2) 
PARAMETRIC_REPRESENTATION_CONTEXT() REPRESENTATION_CONTEXT('2D SPACE',''
  ) );
#669 = PCURVE('',#670,#675);
#670 = PLANE('',#671);
#671 = AXIS2_PLACEMENT_3D('',#672,#673,#674);
#672 = CARTESIAN_POINT('',(-52.,229.555,-115.213));
#673 = DIRECTION('',(-0.,-0.819246106804,0.573442077708));
#674 = DIRECTION('',(0.,-0.573442077708,-0.819246106804));
#675 = DEFINITIONAL_REPRESENTATION('',(#676),#680);
#676 = LINE('',#677,#678);
#677 = CARTESIAN_POINT('',(-0.,0.));
#678 = VECTOR('',#679,1.);
#679 = DIRECTION('',(-1.,0.));
#680 = ( GEOMETRIC_REPRESENTATION_CONTEXT(2) 
PARAMETRIC_REPRESENTATION_CONTEXT() REPRESENTATION_CONTEXT('2D SPACE',''
  ) );
#681 = ORIENTED_EDGE('',*,*,#682,.T.);
#682 = EDGE_CURVE('',#655,#683,#685,.T.);
#683 = VERTEX_POINT('',#684);
#684 = CARTESIAN_POINT('',(-52.,232.854,-109.498));
#685 = SURFACE_CURVE('',#686,(#690,#697),.PCURVE_S1.);
#686 = LINE('',#687,#688);
#687 = CARTESIAN_POINT('',(-52.,231.454,-112.5));
#688 = VECTOR('',#689,1.);
#689 = DIRECTION('',(-0.,0.42265407158,0.906291087773));
#690 = PCURVE('',#126,#691);
#691 = DEFINITIONAL_REPRESENTATION('',(#692),#696);
#692 = LINE('',#693,#694);
#693 = CARTESIAN_POINT('',(4.99999008598,-73.27619519026));
#694 = VECTOR('',#695,1.);
#695 = DIRECTION('',(-0.906291087773,-0.42265407158));
#696 = ( GEOMETRIC_REPRESENTATION_CONTEXT(2) 
PARAMETRIC_REPRESENTATION_CONTEXT() REPRESENTATION_CONTEXT('2D SPACE',''
  ) );
#697 = PCURVE('',#698,#703);
#698 = PLANE('',#699);
#699 = AXIS2_PLACEMENT_3D('',#700,#701,#702);
#700 = CARTESIAN_POINT('',(-52.,231.454,-112.5));
#701 = DIRECTION('',(-0.,-0.906291087773,0.42265407158));
#702 = DIRECTION('',(0.,-0.42265407158,-0.906291087773));
#703 = DEFINITIONAL_REPRESENTATION('',(#704),#708);
#704 = LINE('',#705,#706);
#705 = CARTESIAN_POINT('',(-0.,0.));
#706 = VECTOR('',#707,1.);
#707 = DIRECTION('',(-1.,0.));
#708 = ( GEOMETRIC_REPRESENTATION_CONTEXT(2) 
PARAMETRIC_REPRESENTATION_CONTEXT() REPRESENTATION_CONTEXT('2D SPACE',''
  ) );
#709 = ORIENTED_EDGE('',*,*,#710,.T.);
#710 = EDGE_CURVE('',#683,#711,#713,.T.);
#711 = VERTEX_POINT('',#712);
#712 = CARTESIAN_POINT('',(-52.,233.711,-106.299));
#713 = SURFACE_CURVE('',#714,(#718,#725),.PCURVE_S1.);
#714 = LINE('',#715,#716);
#715 = CARTESIAN_POINT('',(-52.,232.854,-109.498));
#716 = VECTOR('',#717,1.);
#717 = DIRECTION('',(-0.,0.258771302092,0.965938617726));
#718 = PCURVE('',#126,#719);
#719 = DEFINITIONAL_REPRESENTATION('',(#720),#724);
#720 = LINE('',#721,#722);
#721 = CARTESIAN_POINT('',(1.99799008598,-74.67619519026));
#722 = VECTOR('',#723,1.);
#723 = DIRECTION('',(-0.965938617726,-0.258771302092));
#724 = ( GEOMETRIC_REPRESENTATION_CONTEXT(2) 
PARAMETRIC_REPRESENTATION_CONTEXT() REPRESENTATION_CONTEXT('2D SPACE',''
  ) );
#725 = PCURVE('',#726,#731);
#726 = PLANE('',#727);
#727 = AXIS2_PLACEMENT_3D('',#728,#729,#730);
#728 = CARTESIAN_POINT('',(-52.,232.854,-109.498));
#729 = DIRECTION('',(-0.,-0.965938617726,0.258771302092));
#730 = DIRECTION('',(0.,-0.258771302092,-0.965938617726));
#731 = DEFINITIONAL_REPRESENTATION('',(#732),#736);
#732 = LINE('',#733,#734);
#733 = CARTESIAN_POINT('',(-0.,0.));
#734 = VECTOR('',#735,1.);
#735 = DIRECTION('',(-1.,0.));
#736 = ( GEOMETRIC_REPRESENTATION_CONTEXT(2) 
PARAMETRIC_REPRESENTATION_CONTEXT() REPRESENTATION_CONTEXT('2D SPACE',''
  ) );
#737 = ORIENTED_EDGE('',*,*,#738,.T.);
#738 = EDGE_CURVE('',#711,#739,#741,.T.);
#739 = VERTEX_POINT('',#740);
#740 = CARTESIAN_POINT('',(-52.,234.,-103.));
#741 = SURFACE_CURVE('',#742,(#746,#753),.PCURVE_S1.);
#742 = LINE('',#743,#744);
#743 = CARTESIAN_POINT('',(-52.,233.711,-106.299));
#744 = VECTOR('',#745,1.);
#745 = DIRECTION('',(-0.,8.726808891123E-02,0.996184862693));
#746 = PCURVE('',#126,#747);
#747 = DEFINITIONAL_REPRESENTATION('',(#748),#752);
#748 = LINE('',#749,#750);
#749 = CARTESIAN_POINT('',(-1.20100991402,-75.53319519026));
#750 = VECTOR('',#751,1.);
#751 = DIRECTION('',(-0.996184862693,-8.726808891123E-02));
#752 = ( GEOMETRIC_REPRESENTATION_CONTEXT(2) 
PARAMETRIC_REPRESENTATION_CONTEXT() REPRESENTATION_CONTEXT('2D SPACE',''
  ) );
#753 = PCURVE('',#754,#759);
#754 = PLANE('',#755);
#755 = AXIS2_PLACEMENT_3D('',#756,#757,#758);
#756 = CARTESIAN_POINT('',(-52.,233.711,-106.299));
#757 = DIRECTION('',(-0.,-0.996184862693,8.726808891123E-02));
#758 = DIRECTION('',(0.,-8.726808891123E-02,-0.996184862693));
#759 = DEFINITIONAL_REPRESENTATION('',(#760),#764);
#760 = LINE('',#761,#762);
#761 = CARTESIAN_POINT('',(-0.,0.));
#762 = VECTOR('',#763,1.);
#763 = DIRECTION('',(-1.,0.));
#764 = ( GEOMETRIC_REPRESENTATION_CONTEXT(2) 
PARAMETRIC_REPRESENTATION_CONTEXT() REPRESENTATION_CONTEXT('2D SPACE',''
  ) );
#765 = ORIENTED_EDGE('',*,*,#766,.T.);
#766 = EDGE_CURVE('',#739,#767,#769,.T.);
#767 = VERTEX_POINT('',#768);
#768 = CARTESIAN_POINT('',(-52.,233.711,-99.701));
#769 = SURFACE_CURVE('',#770,(#774,#781),.PCURVE_S1.);
#770 = LINE('',#771,#772);
#771 = CARTESIAN_POINT('',(-52.,234.,-103.));
#772 = VECTOR('',#773,1.);
#773 = DIRECTION('',(-0.,-8.726808891123E-02,0.996184862693));
#774 = PCURVE('',#126,#775);
#775 = DEFINITIONAL_REPRESENTATION('',(#776),#780);
#776 = LINE('',#777,#778);
#777 = CARTESIAN_POINT('',(-4.50000991402,-75.82219519026));
#778 = VECTOR('',#779,1.);
#779 = DIRECTION('',(-0.996184862693,8.726808891123E-02));
#780 = ( GEOMETRIC_REPRESENTATION_CONTEXT(2) 
PARAMETRIC_REPRESENTATION_CONTEXT() REPRESENTATION_CONTEXT('2D SPACE',''
  ) );
#781 = PCURVE('',#782,#787);
#782 = PLANE('',#783);
#783 = AXIS2_PLACEMENT_3D('',#784,#785,#786);
#784 = CARTESIAN_POINT('',(-52.,234.,-103.));
#785 = DIRECTION('',(-0.,-0.996184862693,-8.726808891123E-02));
#786 = DIRECTION('',(0.,8.726808891123E-02,-0.996184862693));
#787 = DEFINITIONAL_REPRESENTATION('',(#788),#792);
#788 = LINE('',#789,#790);
#789 = CARTESIAN_POINT('',(-0.,0.));
#790 = VECTOR('',#791,1.);
#791 = DIRECTION('',(-1.,0.));
#792 = ( GEOMETRIC_REPRESENTATION_CONTEXT(2) 
PARAMETRIC_REPRESENTATION_CONTEXT() REPRESENTATION_CONTEXT('2D SPACE',''
  ) );
#793 = ORIENTED_EDGE('',*,*,#794,.T.);
#794 = EDGE_CURVE('',#767,#795,#797,.T.);
#795 = VERTEX_POINT('',#796);
#796 = CARTESIAN_POINT('',(-52.,232.854,-96.502));
#797 = SURFACE_CURVE('',#798,(#802,#809),.PCURVE_S1.);
#798 = LINE('',#799,#800);
#799 = CARTESIAN_POINT('',(-52.,233.711,-99.701));
#800 = VECTOR('',#801,1.);
#801 = DIRECTION('',(-0.,-0.258771302092,0.965938617726));
#802 = PCURVE('',#126,#803);
#803 = DEFINITIONAL_REPRESENTATION('',(#804),#808);
#804 = LINE('',#805,#806);
#805 = CARTESIAN_POINT('',(-7.79900991402,-75.53319519026));
#806 = VECTOR('',#807,1.);
#807 = DIRECTION('',(-0.965938617726,0.258771302092));
#808 = ( GEOMETRIC_REPRESENTATION_CONTEXT(2) 
PARAMETRIC_REPRESENTATION_CONTEXT() REPRESENTATION_CONTEXT('2D SPACE',''
  ) );
#809 = PCURVE('',#810,#815);
#810 = PLANE('',#811);
#811 = AXIS2_PLACEMENT_3D('',#812,#813,#814);
#812 = CARTESIAN_POINT('',(-52.,233.711,-99.701));
#813 = DIRECTION('',(-0.,-0.965938617726,-0.258771302092));
#814 = DIRECTION('',(0.,0.258771302092,-0.965938617726));
#815 = DEFINITIONAL_REPRESENTATION('',(#816),#820);
#816 = LINE('',#817,#818);
#817 = CARTESIAN_POINT('',(-0.,0.));
#818 = VECTOR('',#819,1.);
#819 = DIRECTION('',(-1.,0.));
#820 = ( GEOMETRIC_REPRESENTATION_CONTEXT(2) 
PARAMETRIC_REPRESENTATION_CONTEXT() REPRESENTATION_CONTEXT('2D SPACE',''
  ) );
#821 = ORIENTED_EDGE('',*,*,#822,.T.);
#822 = EDGE_CURVE('',#795,#823,#825,.T.);
#823 = VERTEX_POINT('',#824);
#824 = CARTESIAN_POINT('',(-52.,231.454,-93.5));
#825 = SURFACE_CURVE('',#826,(#830,#837),.PCURVE_S1.);
#826 = LINE('',#827,#828);
#827 = CARTESIAN_POINT('',(-52.,232.854,-96.502));
#828 = VECTOR('',#829,1.);
#829 = DIRECTION('',(-0.,-0.42265407158,0.906291087773));
#830 = PCURVE('',#126,#831);
#831 = DEFINITIONAL_REPRESENTATION('',(#832),#836);
#832 = LINE('',#833,#834);
#833 = CARTESIAN_POINT('',(-10.99800991402,-74.67619519026));
#834 = VECTOR('',#835,1.);
#835 = DIRECTION('',(-0.906291087773,0.42265407158));
#836 = ( GEOMETRIC_REPRESENTATION_CONTEXT(2) 
PARAMETRIC_REPRESENTATION_CONTEXT() REPRESENTATION_CONTEXT('2D SPACE',''
  ) );
#837 = PCURVE('',#838,#843);
#838 = PLANE('',#839);
#839 = AXIS2_PLACEMENT_3D('',#840,#841,#842);
#840 = CARTESIAN_POINT('',(-52.,232.854,-96.502));
#841 = DIRECTION('',(-0.,-0.906291087773,-0.42265407158));
#842 = DIRECTION('',(0.,0.42265407158,-0.906291087773));
#843 = DEFINITIONAL_REPRESENTATION('',(#844),#848);
#844 = LINE('',#845,#846);
#845 = CARTESIAN_POINT('',(-0.,0.));
#846 = VECTOR('',#847,1.);
#847 = DIRECTION('',(-1.,0.));
#848 = ( GEOMETRIC_REPRESENTATION_CONTEXT(2) 
PARAMETRIC_REPRESENTATION_CONTEXT() REPRESENTATION_CONTEXT('2D SPACE',''
  ) );
#849 = ORIENTED_EDGE('',*,*,#850,.T.);
#850 = EDGE_CURVE('',#823,#851,#853,.T.);
#851 = VERTEX_POINT('',#852);
#852 = CARTESIAN_POINT('',(-52.,229.555,-90.787));
#853 = SURFACE_CURVE('',#854,(#858,#865),.PCURVE_S1.);
#854 = LINE('',#855,#856);
#855 = CARTESIAN_POINT('',(-52.,231.454,-93.5));
#856 = VECTOR('',#857,1.);
#857 = DIRECTION('',(-0.,-0.573442077708,0.819246106804));
#858 = PCURVE('',#126,#859);
#859 = DEFINITIONAL_REPRESENTATION('',(#860),#864);
#860 = LINE('',#861,#862);
#861 = CARTESIAN_POINT('',(-14.00000991402,-73.27619519026));
#862 = VECTOR('',#863,1.);
#863 = DIRECTION('',(-0.819246106804,0.573442077708));
#864 = ( GEOMETRIC_REPRESENTATION_CONTEXT(2) 
PARAMETRIC_REPRESENTATION_CONTEXT() REPRESENTATION_CONTEXT('2D SPACE',''
  ) );
#865 = PCURVE('',#866,#871);
#866 = PLANE('',#867);
#867 = AXIS2_PLACEMENT_3D('',#868,#869,#870);
#868 = CARTESIAN_POINT('',(-52.,231.454,-93.5));
#869 = DIRECTION('',(-0.,-0.819246106804,-0.573442077708));
#870 = DIRECTION('',(0.,0.573442077708,-0.819246106804));
#871 = DEFINITIONAL_REPRESENTATION('',(#872),#876);
#872 = LINE('',#873,#874);
#873 = CARTESIAN_POINT('',(-0.,0.));
#874 = VECTOR('',#875,1.);
#875 = DIRECTION('',(-1.,0.));
#876 = ( GEOMETRIC_REPRESENTATION_CONTEXT(2) 
PARAMETRIC_REPRESENTATION_CONTEXT() REPRESENTATION_CONTEXT('2D SPACE',''
  ) );
#877 = ORIENTED_EDGE('',*,*,#878,.T.);
#878 = EDGE_CURVE('',#851,#879,#881,.T.);
#879 = VERTEX_POINT('',#880);
#880 = CARTESIAN_POINT('',(-52.,227.213,-88.445));
#881 = SURFACE_CURVE('',#882,(#886,#893),.PCURVE_S1.);
#882 = LINE('',#883,#884);
#883 = CARTESIAN_POINT('',(-52.,229.555,-90.787));
#884 = VECTOR('',#885,1.);
#885 = DIRECTION('',(-0.,-0.707106781187,0.707106781187));
#886 = PCURVE('',#126,#887);
#887 = DEFINITIONAL_REPRESENTATION('',(#888),#892);
#888 = LINE('',#889,#890);
#889 = CARTESIAN_POINT('',(-16.71300991402,-71.37719519026));
#890 = VECTOR('',#891,1.);
#891 = DIRECTION('',(-0.707106781187,0.707106781187));
#892 = ( GEOMETRIC_REPRESENTATION_CONTEXT(2) 
PARAMETRIC_REPRESENTATION_CONTEXT() REPRESENTATION_CONTEXT('2D SPACE',''
  ) );
#893 = PCURVE('',#894,#899);
#894 = PLANE('',#895);
#895 = AXIS2_PLACEMENT_3D('',#896,#897,#898);
#896 = CARTESIAN_POINT('',(-52.,229.555,-90.787));
#897 = DIRECTION('',(-0.,-0.707106781187,-0.707106781187));
#898 = DIRECTION('',(0.,0.707106781187,-0.707106781187));
#899 = DEFINITIONAL_REPRESENTATION('',(#900),#904);
#900 = LINE('',#901,#902);
#901 = CARTESIAN_POINT('',(-0.,0.));
#902 = VECTOR('',#903,1.);
#903 = DIRECTION('',(-1.,0.));
#904 = ( GEOMETRIC_REPRESENTATION_CONTEXT(2) 
PARAMETRIC_REPRESENTATION_CONTEXT() REPRESENTATION_CONTEXT('2D SPACE',''
  ) );
#905 = ORIENTED_EDGE('',*,*,#906,.T.);
#906 = EDGE_CURVE('',#879,#907,#909,.T.);
#907 = VERTEX_POINT('',#908);
#908 = CARTESIAN_POINT('',(-52.,224.5,-86.546));
#909 = SURFACE_CURVE('',#910,(#914,#921),.PCURVE_S1.);
#910 = LINE('',#911,#912);
#911 = CARTESIAN_POINT('',(-52.,227.213,-88.445));
#912 = VECTOR('',#913,1.);
#913 = DIRECTION('',(-0.,-0.819246106804,0.573442077708));
#914 = PCURVE('',#126,#915);
#915 = DEFINITIONAL_REPRESENTATION('',(#916),#920);
#916 = LINE('',#917,#918);
#917 = CARTESIAN_POINT('',(-19.05500991402,-69.03519519026));
#918 = VECTOR('',#919,1.);
#919 = DIRECTION('',(-0.573442077708,0.819246106804));
#920 = ( GEOMETRIC_REPRESENTATION_CONTEXT(2) 
PARAMETRIC_REPRESENTATION_CONTEXT() REPRESENTATION_CONTEXT('2D SPACE',''
  ) );
#921 = PCURVE('',#922,#927);
#922 = PLANE('',#923);
#923 = AXIS2_PLACEMENT_3D('',#924,#925,#926);
#924 = CARTESIAN_POINT('',(-52.,227.213,-88.445));
#925 = DIRECTION('',(-0.,-0.573442077708,-0.819246106804));
#926 = DIRECTION('',(0.,0.819246106804,-0.573442077708));
#927 = DEFINITIONAL_REPRESENTATION('',(#928),#932);
#928 = LINE('',#929,#930);
#929 = CARTESIAN_POINT('',(-0.,0.));
#930 = VECTOR('',#931,1.);
#931 = DIRECTION('',(-1.,0.));
#932 = ( GEOMETRIC_REPRESENTATION_CONTEXT(2) 
PARAMETRIC_REPRESENTATION_CONTEXT() REPRESENTATION_CONTEXT('2D SPACE',''
  ) );
#933 = ORIENTED_EDGE('',*,*,#934,.T.);
#934 = EDGE_CURVE('',#907,#935,#937,.T.);
#935 = VERTEX_POINT('',#936);
#936 = CARTESIAN_POINT('',(-52.,221.498,-85.146));
#937 = SURFACE_CURVE('',#938,(#942,#949),.PCURVE_S1.);
#938 = LINE('',#939,#940);
#939 = CARTESIAN_POINT('',(-52.,224.5,-86.546));
#940 = VECTOR('',#941,1.);
#941 = DIRECTION('',(-0.,-0.906291087773,0.42265407158));
#942 = PCURVE('',#126,#943);
#943 = DEFINITIONAL_REPRESENTATION('',(#944),#948);
#944 = LINE('',#945,#946);
#945 = CARTESIAN_POINT('',(-20.95400991402,-66.32219519026));
#946 = VECTOR('',#947,1.);
#947 = DIRECTION('',(-0.42265407158,0.906291087773));
#948 = ( GEOMETRIC_REPRESENTATION_CONTEXT(2) 
PARAMETRIC_REPRESENTATION_CONTEXT() REPRESENTATION_CONTEXT('2D SPACE',''
  ) );
#949 = PCURVE('',#950,#955);
#950 = PLANE('',#951);
#951 = AXIS2_PLACEMENT_3D('',#952,#953,#954);
#952 = CARTESIAN_POINT('',(-52.,224.5,-86.546));
#953 = DIRECTION('',(-0.,-0.42265407158,-0.906291087773));
#954 = DIRECTION('',(0.,0.906291087773,-0.42265407158));
#955 = DEFINITIONAL_REPRESENTATION('',(#956),#960);
#956 = LINE('',#957,#958);
#957 = CARTESIAN_POINT('',(-0.,0.));
#958 = VECTOR('',#959,1.);
#959 = DIRECTION('',(-1.,0.));
#960 = ( GEOMETRIC_REPRESENTATION_CONTEXT(2) 
PARAMETRIC_REPRESENTATION_CONTEXT() REPRESENTATION_CONTEXT('2D SPACE',''
  ) );
#961 = ORIENTED_EDGE('',*,*,#962,.T.);
#962 = EDGE_CURVE('',#935,#963,#965,.T.);
#963 = VERTEX_POINT('',#964);
#964 = CARTESIAN_POINT('',(-52.,218.299,-84.289));
#965 = SURFACE_CURVE('',#966,(#970,#977),.PCURVE_S1.);
#966 = LINE('',#967,#968);
#967 = CARTESIAN_POINT('',(-52.,221.498,-85.146));
#968 = VECTOR('',#969,1.);
#969 = DIRECTION('',(-0.,-0.965938617726,0.258771302092));
#970 = PCURVE('',#126,#971);
#971 = DEFINITIONAL_REPRESENTATION('',(#972),#976);
#972 = LINE('',#973,#974);
#973 = CARTESIAN_POINT('',(-22.35400991402,-63.32019519026));
#974 = VECTOR('',#975,1.);
#975 = DIRECTION('',(-0.258771302092,0.965938617726));
#976 = ( GEOMETRIC_REPRESENTATION_CONTEXT(2) 
PARAMETRIC_REPRESENTATION_CONTEXT() REPRESENTATION_CONTEXT('2D SPACE',''
  ) );
#977 = PCURVE('',#978,#983);
#978 = PLANE('',#979);
#979 = AXIS2_PLACEMENT_3D('',#980,#981,#982);
#980 = CARTESIAN_POINT('',(-52.,221.498,-85.146));
#981 = DIRECTION('',(-0.,-0.258771302092,-0.965938617726));
#982 = DIRECTION('',(0.,0.965938617726,-0.258771302092));
#983 = DEFINITIONAL_REPRESENTATION('',(#984),#988);
#984 = LINE('',#985,#986);
#985 = CARTESIAN_POINT('',(-0.,0.));
#986 = VECTOR('',#987,1.);
#987 = DIRECTION('',(-1.,0.));
#988 = ( GEOMETRIC_REPRESENTATION_CONTEXT(2) 
PARAMETRIC_REPRESENTATION_CONTEXT() REPRESENTATION_CONTEXT('2D SPACE',''
  ) );
#989 = ORIENTED_EDGE('',*,*,#990,.T.);
#990 = EDGE_CURVE('',#963,#991,#993,.T.);
#991 = VERTEX_POINT('',#992);
#992 = CARTESIAN_POINT('',(-52.,215.,-84.));
#993 = SURFACE_CURVE('',#994,(#998,#1005),.PCURVE_S1.);
#994 = LINE('',#995,#996);
#995 = CARTESIAN_POINT('',(-52.,218.299,-84.289));
#996 = VECTOR('',#997,1.);
#997 = DIRECTION('',(-0.,-0.996184862693,8.726808891123E-02));
#998 = PCURVE('',#126,#999);
#999 = DEFINITIONAL_REPRESENTATION('',(#1000),#1004);
#1000 = LINE('',#1001,#1002);
#1001 = CARTESIAN_POINT('',(-23.21100991402,-60.12119519026));
#1002 = VECTOR('',#1003,1.);
#1003 = DIRECTION('',(-8.726808891123E-02,0.996184862693));
#1004 = ( GEOMETRIC_REPRESENTATION_CONTEXT(2) 
PARAMETRIC_REPRESENTATION_CONTEXT() REPRESENTATION_CONTEXT('2D SPACE',''
  ) );
#1005 = PCURVE('',#1006,#1011);
#1006 = PLANE('',#1007);
#1007 = AXIS2_PLACEMENT_3D('',#1008,#1009,#1010);
#1008 = CARTESIAN_POINT('',(-52.,218.299,-84.289));
#1009 = DIRECTION('',(-0.,-8.726808891123E-02,-0.996184862693));
#1010 = DIRECTION('',(0.,0.996184862693,-8.726808891123E-02));
#1011 = DEFINITIONAL_REPRESENTATION('',(#1012),#1016);
#1012 = LINE('',#1013,#1014);
#1013 = CARTESIAN_POINT('',(-0.,0.));
#1014 = VECTOR('',#1015,1.);
#1015 = DIRECTION('',(-1.,0.));
#1016 = ( GEOMETRIC_REPRESENTATION_CONTEXT(2) 
PARAMETRIC_REPRESENTATION_CONTEXT() REPRESENTATION_CONTEXT('2D SPACE',''
  ) );
#1017 = ORIENTED_EDGE('',*,*,#1018,.T.);
#1018 = EDGE_CURVE('',#991,#1019,#1021,.T.);
#1019 = VERTEX_POINT('',#1020);
#1020 = CARTESIAN_POINT('',(-52.,101.356,-93.));
#1021 = SURFACE_CURVE('',#1022,(#1026,#1033),.PCURVE_S1.);
#1022 = LINE('',#1023,#1024);
#1023 = CARTESIAN_POINT('',(-52.,215.,-84.));
#1024 = VECTOR('',#1025,1.);
#1025 = DIRECTION('',(-0.,-0.996878775594,-7.894749375546E-02));
#1026 = PCURVE('',#126,#1027);
#1027 = DEFINITIONAL_REPRESENTATION('',(#1028),#1032);
#1028 = LINE('',#1029,#1030);
#1029 = CARTESIAN_POINT('',(-23.50000991402,-56.82219519026));
#1030 = VECTOR('',#1031,1.);
#1031 = DIRECTION('',(7.894749375546E-02,0.996878775594));
#1032 = ( GEOMETRIC_REPRESENTATION_CONTEXT(2) 
PARAMETRIC_REPRESENTATION_CONTEXT() REPRESENTATION_CONTEXT('2D SPACE',''
  ) );
#1033 = PCURVE('',#1034,#1039);
#1034 = PLANE('',#1035);
#1035 = AXIS2_PLACEMENT_3D('',#1036,#1037,#1038);
#1036 = CARTESIAN_POINT('',(-52.,215.,-84.));
#1037 = DIRECTION('',(-0.,7.894749375546E-02,-0.996878775594));
#1038 = DIRECTION('',(0.,0.996878775594,7.894749375546E-02));
#1039 = DEFINITIONAL_REPRESENTATION('',(#1040),#1044);
#1040 = LINE('',#1041,#1042);
#1041 = CARTESIAN_POINT('',(0.,-0.));
#1042 = VECTOR('',#1043,1.);
#1043 = DIRECTION('',(-1.,0.));
#1044 = ( GEOMETRIC_REPRESENTATION_CONTEXT(2) 
PARAMETRIC_REPRESENTATION_CONTEXT() REPRESENTATION_CONTEXT('2D SPACE',''
  ) );
#1045 = ORIENTED_EDGE('',*,*,#1046,.T.);
#1046 = EDGE_CURVE('',#1019,#1047,#1049,.T.);
#1047 = VERTEX_POINT('',#1048);
#1048 = CARTESIAN_POINT('',(-52.,98.057,-93.289));
#1049 = SURFACE_CURVE('',#1050,(#1054,#1061),.PCURVE_S1.);
#1050 = LINE('',#1051,#1052);
#1051 = CARTESIAN_POINT('',(-52.,101.356,-93.));
#1052 = VECTOR('',#1053,1.);
#1053 = DIRECTION('',(-0.,-0.996184862693,-8.726808891123E-02));
#1054 = PCURVE('',#126,#1055);
#1055 = DEFINITIONAL_REPRESENTATION('',(#1056),#1060);
#1056 = LINE('',#1057,#1058);
#1057 = CARTESIAN_POINT('',(-14.50000991402,56.821804809734));
#1058 = VECTOR('',#1059,1.);
#1059 = DIRECTION('',(8.726808891123E-02,0.996184862693));
#1060 = ( GEOMETRIC_REPRESENTATION_CONTEXT(2) 
PARAMETRIC_REPRESENTATION_CONTEXT() REPRESENTATION_CONTEXT('2D SPACE',''
  ) );
#1061 = PCURVE('',#1062,#1067);
#1062 = PLANE('',#1063);
#1063 = AXIS2_PLACEMENT_3D('',#1064,#1065,#1066);
#1064 = CARTESIAN_POINT('',(-52.,101.356,-93.));
#1065 = DIRECTION('',(-0.,8.726808891123E-02,-0.996184862693));
#1066 = DIRECTION('',(0.,0.996184862693,8.726808891123E-02));
#1067 = DEFINITIONAL_REPRESENTATION('',(#1068),#1072);
#1068 = LINE('',#1069,#1070);
#1069 = CARTESIAN_POINT('',(0.,-0.));
#1070 = VECTOR('',#1071,1.);
#1071 = DIRECTION('',(-1.,0.));
#1072 = ( GEOMETRIC_REPRESENTATION_CONTEXT(2) 
PARAMETRIC_REPRESENTATION_CONTEXT() REPRESENTATION_CONTEXT('2D SPACE',''
  ) );
#1073 = ORIENTED_EDGE('',*,*,#1074,.T.);
#1074 = EDGE_CURVE('',#1047,#1075,#1077,.T.);
#1075 = VERTEX_POINT('',#1076);
#1076 = CARTESIAN_POINT('',(-52.,94.857,-94.146));
#1077 = SURFACE_CURVE('',#1078,(#1082,#1089),.PCURVE_S1.);
#1078 = LINE('',#1079,#1080);
#1079 = CARTESIAN_POINT('',(-52.,98.057,-93.289));
#1080 = VECTOR('',#1081,1.);
#1081 = DIRECTION('',(-0.,-0.965958828248,-0.25869584869));
#1082 = PCURVE('',#126,#1083);
#1083 = DEFINITIONAL_REPRESENTATION('',(#1084),#1088);
#1084 = LINE('',#1085,#1086);
#1085 = CARTESIAN_POINT('',(-14.21100991402,60.120804809734));
#1086 = VECTOR('',#1087,1.);
#1087 = DIRECTION('',(0.25869584869,0.965958828248));
#1088 = ( GEOMETRIC_REPRESENTATION_CONTEXT(2) 
PARAMETRIC_REPRESENTATION_CONTEXT() REPRESENTATION_CONTEXT('2D SPACE',''
  ) );
#1089 = PCURVE('',#1090,#1095);
#1090 = PLANE('',#1091);
#1091 = AXIS2_PLACEMENT_3D('',#1092,#1093,#1094);
#1092 = CARTESIAN_POINT('',(-52.,98.057,-93.289));
#1093 = DIRECTION('',(-0.,0.25869584869,-0.965958828248));
#1094 = DIRECTION('',(0.,0.965958828248,0.25869584869));
#1095 = DEFINITIONAL_REPRESENTATION('',(#1096),#1100);
#1096 = LINE('',#1097,#1098);
#1097 = CARTESIAN_POINT('',(0.,-0.));
#1098 = VECTOR('',#1099,1.);
#1099 = DIRECTION('',(-1.,0.));
#1100 = ( GEOMETRIC_REPRESENTATION_CONTEXT(2) 
PARAMETRIC_REPRESENTATION_CONTEXT() REPRESENTATION_CONTEXT('2D SPACE',''
  ) );
#1101 = ORIENTED_EDGE('',*,*,#1102,.T.);
#1102 = EDGE_CURVE('',#1075,#1103,#1105,.T.);
#1103 = VERTEX_POINT('',#1104);
#1104 = CARTESIAN_POINT('',(-52.,91.856,-95.546));
#1105 = SURFACE_CURVE('',#1106,(#1110,#1117),.PCURVE_S1.);
#1106 = LINE('',#1107,#1108);
#1107 = CARTESIAN_POINT('',(-52.,94.857,-94.146));
#1108 = VECTOR('',#1109,1.);
#1109 = DIRECTION('',(-0.,-0.90623713604,-0.422769740239));
#1110 = PCURVE('',#126,#1111);
#1111 = DEFINITIONAL_REPRESENTATION('',(#1112),#1116);
#1112 = LINE('',#1113,#1114);
#1113 = CARTESIAN_POINT('',(-13.35400991402,63.320804809734));
#1114 = VECTOR('',#1115,1.);
#1115 = DIRECTION('',(0.422769740239,0.90623713604));
#1116 = ( GEOMETRIC_REPRESENTATION_CONTEXT(2) 
PARAMETRIC_REPRESENTATION_CONTEXT() REPRESENTATION_CONTEXT('2D SPACE',''
  ) );
#1117 = PCURVE('',#1118,#1123);
#1118 = PLANE('',#1119);
#1119 = AXIS2_PLACEMENT_3D('',#1120,#1121,#1122);
#1120 = CARTESIAN_POINT('',(-52.,94.857,-94.146));
#1121 = DIRECTION('',(-0.,0.422769740239,-0.90623713604));
#1122 = DIRECTION('',(0.,0.90623713604,0.422769740239));
#1123 = DEFINITIONAL_REPRESENTATION('',(#1124),#1128);
#1124 = LINE('',#1125,#1126);
#1125 = CARTESIAN_POINT('',(0.,-0.));
#1126 = VECTOR('',#1127,1.);
#1127 = DIRECTION('',(-1.,0.));
#1128 = ( GEOMETRIC_REPRESENTATION_CONTEXT(2) 
PARAMETRIC_REPRESENTATION_CONTEXT() REPRESENTATION_CONTEXT('2D SPACE',''
  ) );
#1129 = ORIENTED_EDGE('',*,*,#1130,.T.);
#1130 = EDGE_CURVE('',#1103,#1131,#1133,.T.);
#1131 = VERTEX_POINT('',#1132);
#1132 = CARTESIAN_POINT('',(-52.,89.143,-97.445));
#1133 = SURFACE_CURVE('',#1134,(#1138,#1145),.PCURVE_S1.);
#1134 = LINE('',#1135,#1136);
#1135 = CARTESIAN_POINT('',(-52.,91.856,-95.546));
#1136 = VECTOR('',#1137,1.);
#1137 = DIRECTION('',(-0.,-0.819246106804,-0.573442077708));
#1138 = PCURVE('',#126,#1139);
#1139 = DEFINITIONAL_REPRESENTATION('',(#1140),#1144);
#1140 = LINE('',#1141,#1142);
#1141 = CARTESIAN_POINT('',(-11.95400991402,66.321804809734));
#1142 = VECTOR('',#1143,1.);
#1143 = DIRECTION('',(0.573442077708,0.819246106804));
#1144 = ( GEOMETRIC_REPRESENTATION_CONTEXT(2) 
PARAMETRIC_REPRESENTATION_CONTEXT() REPRESENTATION_CONTEXT('2D SPACE',''
  ) );
#1145 = PCURVE('',#1146,#1151);
#1146 = PLANE('',#1147);
#1147 = AXIS2_PLACEMENT_3D('',#1148,#1149,#1150);
#1148 = CARTESIAN_POINT('',(-52.,91.856,-95.546));
#1149 = DIRECTION('',(-0.,0.573442077708,-0.819246106804));
#1150 = DIRECTION('',(0.,0.819246106804,0.573442077708));
#1151 = DEFINITIONAL_REPRESENTATION('',(#1152),#1156);
#1152 = LINE('',#1153,#1154);
#1153 = CARTESIAN_POINT('',(0.,-0.));
#1154 = VECTOR('',#1155,1.);
#1155 = DIRECTION('',(-1.,0.));
#1156 = ( GEOMETRIC_REPRESENTATION_CONTEXT(2) 
PARAMETRIC_REPRESENTATION_CONTEXT() REPRESENTATION_CONTEXT('2D SPACE',''
  ) );
#1157 = ORIENTED_EDGE('',*,*,#1158,.T.);
#1158 = EDGE_CURVE('',#1131,#1159,#1161,.T.);
#1159 = VERTEX_POINT('',#1160);
#1160 = CARTESIAN_POINT('',(-52.,86.801,-99.787));
#1161 = SURFACE_CURVE('',#1162,(#1166,#1173),.PCURVE_S1.);
#1162 = LINE('',#1163,#1164);
#1163 = CARTESIAN_POINT('',(-52.,89.143,-97.445));
#1164 = VECTOR('',#1165,1.);
#1165 = DIRECTION('',(-0.,-0.707106781187,-0.707106781187));
#1166 = PCURVE('',#126,#1167);
#1167 = DEFINITIONAL_REPRESENTATION('',(#1168),#1172);
#1168 = LINE('',#1169,#1170);
#1169 = CARTESIAN_POINT('',(-10.05500991402,69.034804809734));
#1170 = VECTOR('',#1171,1.);
#1171 = DIRECTION('',(0.707106781187,0.707106781187));
#1172 = ( GEOMETRIC_REPRESENTATION_CONTEXT(2) 
PARAMETRIC_REPRESENTATION_CONTEXT() REPRESENTATION_CONTEXT('2D SPACE',''
  ) );
#1173 = PCURVE('',#1174,#1179);
#1174 = PLANE('',#1175);
#1175 = AXIS2_PLACEMENT_3D('',#1176,#1177,#1178);
#1176 = CARTESIAN_POINT('',(-52.,89.143,-97.445));
#1177 = DIRECTION('',(-0.,0.707106781187,-0.707106781187));
#1178 = DIRECTION('',(0.,0.707106781187,0.707106781187));
#1179 = DEFINITIONAL_REPRESENTATION('',(#1180),#1184);
#1180 = LINE('',#1181,#1182);
#1181 = CARTESIAN_POINT('',(0.,-0.));
#1182 = VECTOR('',#1183,1.);
#1183 = DIRECTION('',(-1.,0.));
#1184 = ( GEOMETRIC_REPRESENTATION_CONTEXT(2) 
PARAMETRIC_REPRESENTATION_CONTEXT() REPRESENTATION_CONTEXT('2D SPACE',''
  ) );
#1185 = ORIENTED_EDGE('',*,*,#1186,.T.);
#1186 = EDGE_CURVE('',#1159,#1187,#1189,.T.);
#1187 = VERTEX_POINT('',#1188);
#1188 = CARTESIAN_POINT('',(-52.,84.901,-102.5));
#1189 = SURFACE_CURVE('',#1190,(#1194,#1201),.PCURVE_S1.);
#1190 = LINE('',#1191,#1192);
#1191 = CARTESIAN_POINT('',(-52.,86.801,-99.787));
#1192 = VECTOR('',#1193,1.);
#1193 = DIRECTION('',(-0.,-0.57364469689,-0.819104243506));
#1194 = PCURVE('',#126,#1195);
#1195 = DEFINITIONAL_REPRESENTATION('',(#1196),#1200);
#1196 = LINE('',#1197,#1198);
#1197 = CARTESIAN_POINT('',(-7.71300991402,71.376804809734));
#1198 = VECTOR('',#1199,1.);
#1199 = DIRECTION('',(0.819104243506,0.57364469689));
#1200 = ( GEOMETRIC_REPRESENTATION_CONTEXT(2) 
PARAMETRIC_REPRESENTATION_CONTEXT() REPRESENTATION_CONTEXT('2D SPACE',''
  ) );
#1201 = PCURVE('',#1202,#1207);
#1202 = PLANE('',#1203);
#1203 = AXIS2_PLACEMENT_3D('',#1204,#1205,#1206);
#1204 = CARTESIAN_POINT('',(-52.,86.801,-99.787));
#1205 = DIRECTION('',(-0.,0.819104243506,-0.57364469689));
#1206 = DIRECTION('',(0.,0.57364469689,0.819104243506));
#1207 = DEFINITIONAL_REPRESENTATION('',(#1208),#1212);
#1208 = LINE('',#1209,#1210);
#1209 = CARTESIAN_POINT('',(0.,-0.));
#1210 = VECTOR('',#1211,1.);
#1211 = DIRECTION('',(-1.,0.));
#1212 = ( GEOMETRIC_REPRESENTATION_CONTEXT(2) 
PARAMETRIC_REPRESENTATION_CONTEXT() REPRESENTATION_CONTEXT('2D SPACE',''
  ) );
#1213 = ORIENTED_EDGE('',*,*,#1214,.T.);
#1214 = EDGE_CURVE('',#1187,#1215,#1217,.T.);
#1215 = VERTEX_POINT('',#1216);
#1216 = CARTESIAN_POINT('',(-52.,83.502,-105.502));
#1217 = SURFACE_CURVE('',#1218,(#1222,#1229),.PCURVE_S1.);
#1218 = LINE('',#1219,#1220);
#1219 = CARTESIAN_POINT('',(-52.,84.901,-102.5));
#1220 = VECTOR('',#1221,1.);
#1221 = DIRECTION('',(-0.,-0.422406057948,-0.906406709049));
#1222 = PCURVE('',#126,#1223);
#1223 = DEFINITIONAL_REPRESENTATION('',(#1224),#1228);
#1224 = LINE('',#1225,#1226);
#1225 = CARTESIAN_POINT('',(-5.00000991402,73.276804809734));
#1226 = VECTOR('',#1227,1.);
#1227 = DIRECTION('',(0.906406709049,0.422406057948));
#1228 = ( GEOMETRIC_REPRESENTATION_CONTEXT(2) 
PARAMETRIC_REPRESENTATION_CONTEXT() REPRESENTATION_CONTEXT('2D SPACE',''
  ) );
#1229 = PCURVE('',#1230,#1235);
#1230 = PLANE('',#1231);
#1231 = AXIS2_PLACEMENT_3D('',#1232,#1233,#1234);
#1232 = CARTESIAN_POINT('',(-52.,84.901,-102.5));
#1233 = DIRECTION('',(-0.,0.906406709049,-0.422406057948));
#1234 = DIRECTION('',(0.,0.422406057948,0.906406709049));
#1235 = DEFINITIONAL_REPRESENTATION('',(#1236),#1240);
#1236 = LINE('',#1237,#1238);
#1237 = CARTESIAN_POINT('',(0.,-0.));
#1238 = VECTOR('',#1239,1.);
#1239 = DIRECTION('',(-1.,0.));
#1240 = ( GEOMETRIC_REPRESENTATION_CONTEXT(2) 
PARAMETRIC_REPRESENTATION_CONTEXT() REPRESENTATION_CONTEXT('2D SPACE',''
  ) );
#1241 = ORIENTED_EDGE('',*,*,#1242,.T.);
#1242 = EDGE_CURVE('',#1215,#142,#1243,.T.);
#1243 = SURFACE_CURVE('',#1244,(#1248,#1255),.PCURVE_S1.);
#1244 = LINE('',#1245,#1246);
#1245 = CARTESIAN_POINT('',(-52.,83.502,-105.502));
#1246 = VECTOR('',#1247,1.);
#1247 = DIRECTION('',(-0.,-0.259052999876,-0.965863107928));
#1248 = PCURVE('',#126,#1249);
#1249 = DEFINITIONAL_REPRESENTATION('',(#1250),#1254);
#1250 = LINE('',#1251,#1252);
#1251 = CARTESIAN_POINT('',(-1.99800991402,74.675804809734));
#1252 = VECTOR('',#1253,1.);
#1253 = DIRECTION('',(0.965863107928,0.259052999876));
#1254 = ( GEOMETRIC_REPRESENTATION_CONTEXT(2) 
PARAMETRIC_REPRESENTATION_CONTEXT() REPRESENTATION_CONTEXT('2D SPACE',''
  ) );
#1255 = PCURVE('',#159,#1256);
#1256 = DEFINITIONAL_REPRESENTATION('',(#1257),#1261);
#1257 = LINE('',#1258,#1259);
#1258 = CARTESIAN_POINT('',(0.,-0.));
#1259 = VECTOR('',#1260,1.);
#1260 = DIRECTION('',(-1.,0.));
#1261 = ( GEOMETRIC_REPRESENTATION_CONTEXT(2) 
PARAMETRIC_REPRESENTATION_CONTEXT() REPRESENTATION_CONTEXT('2D SPACE',''
  ) );
#1262 = ORIENTED_EDGE('',*,*,#193,.T.);
#1263 = FACE_BOUND('',#1264,.T.);
#1264 = EDGE_LOOP('',(#1265,#1295,#1323,#1351,#1379,#1407,#1435,#1463,
    #1491,#1519,#1547,#1575,#1603,#1631,#1659,#1687,#1715,#1743,#1771,
    #1799,#1827,#1855,#1883,#1911,#1939,#1967,#1995,#2023,#2051,#2079,
    #2107,#2135,#2163,#2191,#2219,#2247,#2275,#2303));
#1265 = ORIENTED_EDGE('',*,*,#1266,.T.);
#1266 = EDGE_CURVE('',#1267,#1269,#1271,.T.);
#1267 = VERTEX_POINT('',#1268);
#1268 = CARTESIAN_POINT('',(-52.,85.381,-117.814));
#1269 = VERTEX_POINT('',#1270);
#1270 = CARTESIAN_POINT('',(-52.,84.614,-114.952));
#1271 = SURFACE_CURVE('',#1272,(#1276,#1283),.PCURVE_S1.);
#1272 = LINE('',#1273,#1274);
#1273 = CARTESIAN_POINT('',(-52.,86.147061299902,-120.6724973146));
#1274 = VECTOR('',#1275,1.);
#1275 = DIRECTION('',(-0.,-0.25885979499,0.965914906468));
#1276 = PCURVE('',#126,#1277);
#1277 = DEFINITIONAL_REPRESENTATION('',(#1278),#1282);
#1278 = LINE('',#1279,#1280);
#1279 = CARTESIAN_POINT('',(13.17248740061,72.030743509831));
#1280 = VECTOR('',#1281,1.);
#1281 = DIRECTION('',(-0.965914906468,0.25885979499));
#1282 = ( GEOMETRIC_REPRESENTATION_CONTEXT(2) 
PARAMETRIC_REPRESENTATION_CONTEXT() REPRESENTATION_CONTEXT('2D SPACE',''
  ) );
#1283 = PCURVE('',#1284,#1289);
#1284 = PLANE('',#1285);
#1285 = AXIS2_PLACEMENT_3D('',#1286,#1287,#1288);
#1286 = CARTESIAN_POINT('',(-51.,84.614,-114.952));
#1287 = DIRECTION('',(-0.,0.965914906468,0.25885979499));
#1288 = DIRECTION('',(0.,-0.25885979499,0.965914906468));
#1289 = DEFINITIONAL_REPRESENTATION('',(#1290),#1294);
#1290 = LINE('',#1291,#1292);
#1291 = CARTESIAN_POINT('',(-5.922361562413,-1.));
#1292 = VECTOR('',#1293,1.);
#1293 = DIRECTION('',(1.,-0.));
#1294 = ( GEOMETRIC_REPRESENTATION_CONTEXT(2) 
PARAMETRIC_REPRESENTATION_CONTEXT() REPRESENTATION_CONTEXT('2D SPACE',''
  ) );
#1295 = ORIENTED_EDGE('',*,*,#1296,.T.);
#1296 = EDGE_CURVE('',#1269,#1297,#1299,.T.);
#1297 = VERTEX_POINT('',#1298);
#1298 = CARTESIAN_POINT('',(-52.,84.356,-112.));
#1299 = SURFACE_CURVE('',#1300,(#1304,#1311),.PCURVE_S1.);
#1300 = LINE('',#1301,#1302);
#1301 = CARTESIAN_POINT('',(-52.,84.440650524642,-112.9685594912));
#1302 = VECTOR('',#1303,1.);
#1303 = DIRECTION('',(-0.,-8.70664789758E-02,0.99620250363));
#1304 = PCURVE('',#126,#1305);
#1305 = DEFINITIONAL_REPRESENTATION('',(#1306),#1310);
#1306 = LINE('',#1307,#1308);
#1307 = CARTESIAN_POINT('',(5.468549577238,73.737154285091));
#1308 = VECTOR('',#1309,1.);
#1309 = DIRECTION('',(-0.99620250363,8.70664789758E-02));
#1310 = ( GEOMETRIC_REPRESENTATION_CONTEXT(2) 
PARAMETRIC_REPRESENTATION_CONTEXT() REPRESENTATION_CONTEXT('2D SPACE',''
  ) );
#1311 = PCURVE('',#1312,#1317);
#1312 = PLANE('',#1313);
#1313 = AXIS2_PLACEMENT_3D('',#1314,#1315,#1316);
#1314 = CARTESIAN_POINT('',(-51.,84.356,-112.));
#1315 = DIRECTION('',(-0.,0.99620250363,8.70664789758E-02));
#1316 = DIRECTION('',(0.,-8.70664789758E-02,0.99620250363));
#1317 = DEFINITIONAL_REPRESENTATION('',(#1318),#1322);
#1318 = LINE('',#1319,#1320);
#1319 = CARTESIAN_POINT('',(-0.972251613229,-1.));
#1320 = VECTOR('',#1321,1.);
#1321 = DIRECTION('',(1.,-0.));
#1322 = ( GEOMETRIC_REPRESENTATION_CONTEXT(2) 
PARAMETRIC_REPRESENTATION_CONTEXT() REPRESENTATION_CONTEXT('2D SPACE',''
  ) );
#1323 = ORIENTED_EDGE('',*,*,#1324,.T.);
#1324 = EDGE_CURVE('',#1297,#1325,#1327,.T.);
#1325 = VERTEX_POINT('',#1326);
#1326 = CARTESIAN_POINT('',(-52.,84.614,-109.048));
#1327 = SURFACE_CURVE('',#1328,(#1332,#1339),.PCURVE_S1.);
#1328 = LINE('',#1329,#1330);
#1329 = CARTESIAN_POINT('',(-52.,84.959960964262,-105.0895629205));
#1330 = VECTOR('',#1331,1.);
#1331 = DIRECTION('',(-0.,8.70664789758E-02,0.99620250363));
#1332 = PCURVE('',#126,#1333);
#1333 = DEFINITIONAL_REPRESENTATION('',(#1334),#1338);
#1334 = LINE('',#1335,#1336);
#1335 = CARTESIAN_POINT('',(-2.410446993486,73.217843845471));
#1336 = VECTOR('',#1337,1.);
#1337 = DIRECTION('',(-0.99620250363,-8.70664789758E-02));
#1338 = ( GEOMETRIC_REPRESENTATION_CONTEXT(2) 
PARAMETRIC_REPRESENTATION_CONTEXT() REPRESENTATION_CONTEXT('2D SPACE',''
  ) );
#1339 = PCURVE('',#1340,#1345);
#1340 = PLANE('',#1341);
#1341 = AXIS2_PLACEMENT_3D('',#1342,#1343,#1344);
#1342 = CARTESIAN_POINT('',(-51.,84.614,-109.048));
#1343 = DIRECTION('',(-0.,0.99620250363,-8.70664789758E-02));
#1344 = DIRECTION('',(0.,8.70664789758E-02,0.99620250363));
#1345 = DEFINITIONAL_REPRESENTATION('',(#1346),#1350);
#1346 = LINE('',#1347,#1348);
#1347 = CARTESIAN_POINT('',(3.973526532047,-1.));
#1348 = VECTOR('',#1349,1.);
#1349 = DIRECTION('',(1.,-0.));
#1350 = ( GEOMETRIC_REPRESENTATION_CONTEXT(2) 
PARAMETRIC_REPRESENTATION_CONTEXT() REPRESENTATION_CONTEXT('2D SPACE',''
  ) );
#1351 = ORIENTED_EDGE('',*,*,#1352,.T.);
#1352 = EDGE_CURVE('',#1325,#1353,#1355,.T.);
#1353 = VERTEX_POINT('',#1354);
#1354 = CARTESIAN_POINT('',(-52.,85.381,-106.186));
#1355 = SURFACE_CURVE('',#1356,(#1360,#1367),.PCURVE_S1.);
#1356 = LINE('',#1357,#1358);
#1357 = CARTESIAN_POINT('',(-52.,87.655723227033,-97.69804970564));
#1358 = VECTOR('',#1359,1.);
#1359 = DIRECTION('',(-0.,0.25885979499,0.965914906468));
#1360 = PCURVE('',#126,#1361);
#1361 = DEFINITIONAL_REPRESENTATION('',(#1362),#1366);
#1362 = LINE('',#1363,#1364);
#1363 = CARTESIAN_POINT('',(-9.801960208372,70.522081582701));
#1364 = VECTOR('',#1365,1.);
#1365 = DIRECTION('',(-0.965914906468,-0.25885979499));
#1366 = ( GEOMETRIC_REPRESENTATION_CONTEXT(2) 
PARAMETRIC_REPRESENTATION_CONTEXT() REPRESENTATION_CONTEXT('2D SPACE',''
  ) );
#1367 = PCURVE('',#1368,#1373);
#1368 = PLANE('',#1369);
#1369 = AXIS2_PLACEMENT_3D('',#1370,#1371,#1372);
#1370 = CARTESIAN_POINT('',(-51.,85.381,-106.186));
#1371 = DIRECTION('',(-0.,0.965914906468,-0.25885979499));
#1372 = DIRECTION('',(0.,0.25885979499,0.965914906468));
#1373 = DEFINITIONAL_REPRESENTATION('',(#1374),#1378);
#1374 = LINE('',#1375,#1376);
#1375 = CARTESIAN_POINT('',(8.787472102886,-1.));
#1376 = VECTOR('',#1377,1.);
#1377 = DIRECTION('',(1.,-0.));
#1378 = ( GEOMETRIC_REPRESENTATION_CONTEXT(2) 
PARAMETRIC_REPRESENTATION_CONTEXT() REPRESENTATION_CONTEXT('2D SPACE',''
  ) );
#1379 = ORIENTED_EDGE('',*,*,#1380,.T.);
#1380 = EDGE_CURVE('',#1353,#1381,#1383,.T.);
#1381 = VERTEX_POINT('',#1382);
#1382 = CARTESIAN_POINT('',(-52.,86.633,-103.5));
#1383 = SURFACE_CURVE('',#1384,(#1388,#1395),.PCURVE_S1.);
#1384 = LINE('',#1385,#1386);
#1385 = CARTESIAN_POINT('',(-52.,92.252114242544,-91.44493541895));
#1386 = VECTOR('',#1387,1.);
#1387 = DIRECTION('',(-0.,0.422479012987,0.906372706775));
#1388 = PCURVE('',#126,#1389);
#1389 = DEFINITIONAL_REPRESENTATION('',(#1390),#1394);
#1390 = LINE('',#1391,#1392);
#1391 = CARTESIAN_POINT('',(-16.05507449506,65.925690567189));
#1392 = VECTOR('',#1393,1.);
#1393 = DIRECTION('',(-0.906372706775,-0.422479012987));
#1394 = ( GEOMETRIC_REPRESENTATION_CONTEXT(2) 
PARAMETRIC_REPRESENTATION_CONTEXT() REPRESENTATION_CONTEXT('2D SPACE',''
  ) );
#1395 = PCURVE('',#1396,#1401);
#1396 = PLANE('',#1397);
#1397 = AXIS2_PLACEMENT_3D('',#1398,#1399,#1400);
#1398 = CARTESIAN_POINT('',(-51.,86.633,-103.5));
#1399 = DIRECTION('',(-0.,0.906372706775,-0.422479012987));
#1400 = DIRECTION('',(0.,0.422479012987,0.906372706775));
#1401 = DEFINITIONAL_REPRESENTATION('',(#1402),#1406);
#1402 = LINE('',#1403,#1404);
#1403 = CARTESIAN_POINT('',(13.300339353717,-1.));
#1404 = VECTOR('',#1405,1.);
#1405 = DIRECTION('',(1.,-0.));
#1406 = ( GEOMETRIC_REPRESENTATION_CONTEXT(2) 
PARAMETRIC_REPRESENTATION_CONTEXT() REPRESENTATION_CONTEXT('2D SPACE',''
  ) );
#1407 = ORIENTED_EDGE('',*,*,#1408,.T.);
#1408 = EDGE_CURVE('',#1381,#1409,#1411,.T.);
#1409 = VERTEX_POINT('',#1410);
#1410 = CARTESIAN_POINT('',(-52.,88.333,-101.073));
#1411 = SURFACE_CURVE('',#1412,(#1416,#1423),.PCURVE_S1.);
#1412 = LINE('',#1413,#1414);
#1413 = CARTESIAN_POINT('',(-52.,98.317494071684,-86.81866640471));
#1414 = VECTOR('',#1415,1.);
#1415 = DIRECTION('',(-0.,0.573711462182,0.819057481598));
#1416 = PCURVE('',#126,#1417);
#1417 = DEFINITIONAL_REPRESENTATION('',(#1418),#1422);
#1418 = LINE('',#1419,#1420);
#1419 = CARTESIAN_POINT('',(-20.6813435093,59.860310738049));
#1420 = VECTOR('',#1421,1.);
#1421 = DIRECTION('',(-0.819057481598,-0.573711462182));
#1422 = ( GEOMETRIC_REPRESENTATION_CONTEXT(2) 
PARAMETRIC_REPRESENTATION_CONTEXT() REPRESENTATION_CONTEXT('2D SPACE',''
  ) );
#1423 = PCURVE('',#1424,#1429);
#1424 = PLANE('',#1425);
#1425 = AXIS2_PLACEMENT_3D('',#1426,#1427,#1428);
#1426 = CARTESIAN_POINT('',(-51.,88.333,-101.073));
#1427 = DIRECTION('',(-0.,0.819057481598,-0.573711462182));
#1428 = DIRECTION('',(0.,0.573711462182,0.819057481598));
#1429 = DEFINITIONAL_REPRESENTATION('',(#1430),#1434);
#1430 = LINE('',#1431,#1432);
#1431 = CARTESIAN_POINT('',(17.403337269416,-1.));
#1432 = VECTOR('',#1433,1.);
#1433 = DIRECTION('',(1.,-0.));
#1434 = ( GEOMETRIC_REPRESENTATION_CONTEXT(2) 
PARAMETRIC_REPRESENTATION_CONTEXT() REPRESENTATION_CONTEXT('2D SPACE',''
  ) );
#1435 = ORIENTED_EDGE('',*,*,#1436,.T.);
#1436 = EDGE_CURVE('',#1409,#1437,#1439,.T.);
#1437 = VERTEX_POINT('',#1438);
#1438 = CARTESIAN_POINT('',(-52.,90.428,-98.977));
#1439 = SURFACE_CURVE('',#1440,(#1444,#1451),.PCURVE_S1.);
#1440 = LINE('',#1441,#1442);
#1441 = CARTESIAN_POINT('',(-52.,105.22661619382,-84.17132002756));
#1442 = VECTOR('',#1443,1.);
#1443 = DIRECTION('',(-0.,0.706938040762,0.707275481354));
#1444 = PCURVE('',#126,#1445);
#1445 = DEFINITIONAL_REPRESENTATION('',(#1446),#1450);
#1446 = LINE('',#1447,#1448);
#1447 = CARTESIAN_POINT('',(-23.32868988646,52.951188615906));
#1448 = VECTOR('',#1449,1.);
#1449 = DIRECTION('',(-0.707275481354,-0.706938040762));
#1450 = ( GEOMETRIC_REPRESENTATION_CONTEXT(2) 
PARAMETRIC_REPRESENTATION_CONTEXT() REPRESENTATION_CONTEXT('2D SPACE',''
  ) );
#1451 = PCURVE('',#1452,#1457);
#1452 = PLANE('',#1453);
#1453 = AXIS2_PLACEMENT_3D('',#1454,#1455,#1456);
#1454 = CARTESIAN_POINT('',(-51.,90.428,-98.977));
#1455 = DIRECTION('',(-0.,0.707275481354,-0.706938040762));
#1456 = DIRECTION('',(0.,0.706938040762,0.707275481354));
#1457 = DEFINITIONAL_REPRESENTATION('',(#1458),#1462);
#1458 = LINE('',#1459,#1460);
#1459 = CARTESIAN_POINT('',(20.933399167324,-1.));
#1460 = VECTOR('',#1461,1.);
#1461 = DIRECTION('',(1.,-0.));
#1462 = ( GEOMETRIC_REPRESENTATION_CONTEXT(2) 
PARAMETRIC_REPRESENTATION_CONTEXT() REPRESENTATION_CONTEXT('2D SPACE',''
  ) );
#1463 = ORIENTED_EDGE('',*,*,#1464,.T.);
#1464 = EDGE_CURVE('',#1437,#1465,#1467,.T.);
#1465 = VERTEX_POINT('',#1466);
#1466 = CARTESIAN_POINT('',(-52.,92.856,-97.278));
#1467 = SURFACE_CURVE('',#1468,(#1472,#1479),.PCURVE_S1.);
#1468 = LINE('',#1469,#1470);
#1469 = CARTESIAN_POINT('',(-52.,112.38030567842,-83.61581081233));
#1470 = VECTOR('',#1471,1.);
#1471 = DIRECTION('',(-0.,0.819327029201,0.573326450829));
#1472 = PCURVE('',#126,#1473);
#1473 = DEFINITIONAL_REPRESENTATION('',(#1474),#1478);
#1474 = LINE('',#1475,#1476);
#1475 = CARTESIAN_POINT('',(-23.88419910168,45.797499131308));
#1476 = VECTOR('',#1477,1.);
#1477 = DIRECTION('',(-0.573326450829,-0.819327029201));
#1478 = ( GEOMETRIC_REPRESENTATION_CONTEXT(2) 
PARAMETRIC_REPRESENTATION_CONTEXT() REPRESENTATION_CONTEXT('2D SPACE',''
  ) );
#1479 = PCURVE('',#1480,#1485);
#1480 = PLANE('',#1481);
#1481 = AXIS2_PLACEMENT_3D('',#1482,#1483,#1484);
#1482 = CARTESIAN_POINT('',(-51.,92.856,-97.278));
#1483 = DIRECTION('',(-0.,0.573326450829,-0.819327029201));
#1484 = DIRECTION('',(0.,0.819327029201,0.573326450829));
#1485 = DEFINITIONAL_REPRESENTATION('',(#1486),#1490);
#1486 = LINE('',#1487,#1488);
#1487 = CARTESIAN_POINT('',(23.82968580624,-1.));
#1488 = VECTOR('',#1489,1.);
#1489 = DIRECTION('',(1.,-0.));
#1490 = ( GEOMETRIC_REPRESENTATION_CONTEXT(2) 
PARAMETRIC_REPRESENTATION_CONTEXT() REPRESENTATION_CONTEXT('2D SPACE',''
  ) );
#1491 = ORIENTED_EDGE('',*,*,#1492,.T.);
#1492 = EDGE_CURVE('',#1465,#1493,#1495,.T.);
#1493 = VERTEX_POINT('',#1494);
#1494 = CARTESIAN_POINT('',(-52.,95.541,-96.025));
#1495 = SURFACE_CURVE('',#1496,(#1500,#1507),.PCURVE_S1.);
#1496 = LINE('',#1497,#1498);
#1497 = CARTESIAN_POINT('',(-52.,119.05998730149,-85.04947259263));
#1498 = VECTOR('',#1499,1.);
#1499 = DIRECTION('',(-0.,0.906183139995,0.422885465331));
#1500 = PCURVE('',#126,#1501);
#1501 = DEFINITIONAL_REPRESENTATION('',(#1502),#1506);
#1502 = LINE('',#1503,#1504);
#1503 = CARTESIAN_POINT('',(-22.45053732138,39.117817508241));
#1504 = VECTOR('',#1505,1.);
#1505 = DIRECTION('',(-0.422885465331,-0.906183139995));
#1506 = ( GEOMETRIC_REPRESENTATION_CONTEXT(2) 
PARAMETRIC_REPRESENTATION_CONTEXT() REPRESENTATION_CONTEXT('2D SPACE',''
  ) );
#1507 = PCURVE('',#1508,#1513);
#1508 = PLANE('',#1509);
#1509 = AXIS2_PLACEMENT_3D('',#1510,#1511,#1512);
#1510 = CARTESIAN_POINT('',(-51.,95.541,-96.025));
#1511 = DIRECTION('',(-0.,0.422885465331,-0.906183139995));
#1512 = DIRECTION('',(0.,0.906183139995,0.422885465331));
#1513 = DEFINITIONAL_REPRESENTATION('',(#1514),#1518);
#1514 = LINE('',#1515,#1516);
#1515 = CARTESIAN_POINT('',(25.953900777293,-1.));
#1516 = VECTOR('',#1517,1.);
#1517 = DIRECTION('',(1.,-0.));
#1518 = ( GEOMETRIC_REPRESENTATION_CONTEXT(2) 
PARAMETRIC_REPRESENTATION_CONTEXT() REPRESENTATION_CONTEXT('2D SPACE',''
  ) );
#1519 = ORIENTED_EDGE('',*,*,#1520,.T.);
#1520 = EDGE_CURVE('',#1493,#1521,#1523,.T.);
#1521 = VERTEX_POINT('',#1522);
#1522 = CARTESIAN_POINT('',(-52.,98.404,-95.258));
#1523 = SURFACE_CURVE('',#1524,(#1528,#1535),.PCURVE_S1.);
#1524 = LINE('',#1525,#1526);
#1525 = CARTESIAN_POINT('',(-52.,124.75952227566,-88.19733440955));
#1526 = VECTOR('',#1527,1.);
#1527 = DIRECTION('',(-0.,0.965937510511,0.258775435055));
#1528 = PCURVE('',#126,#1529);
#1529 = DEFINITIONAL_REPRESENTATION('',(#1530),#1534);
#1530 = LINE('',#1531,#1532);
#1531 = CARTESIAN_POINT('',(-19.30267550446,33.418282534066));
#1532 = VECTOR('',#1533,1.);
#1533 = DIRECTION('',(-0.258775435055,-0.965937510511));
#1534 = ( GEOMETRIC_REPRESENTATION_CONTEXT(2) 
PARAMETRIC_REPRESENTATION_CONTEXT() REPRESENTATION_CONTEXT('2D SPACE',''
  ) );
#1535 = PCURVE('',#1536,#1541);
#1536 = PLANE('',#1537);
#1537 = AXIS2_PLACEMENT_3D('',#1538,#1539,#1540);
#1538 = CARTESIAN_POINT('',(-51.,98.404,-95.258));
#1539 = DIRECTION('',(-0.,0.258775435055,-0.965937510511));
#1540 = DIRECTION('',(0.,0.965937510511,0.258775435055));
#1541 = DEFINITIONAL_REPRESENTATION('',(#1542),#1546);
#1542 = LINE('',#1543,#1544);
#1543 = CARTESIAN_POINT('',(27.284914385119,-1.));
#1544 = VECTOR('',#1545,1.);
#1545 = DIRECTION('',(1.,-0.));
#1546 = ( GEOMETRIC_REPRESENTATION_CONTEXT(2) 
PARAMETRIC_REPRESENTATION_CONTEXT() REPRESENTATION_CONTEXT('2D SPACE',''
  ) );
#1547 = ORIENTED_EDGE('',*,*,#1548,.T.);
#1548 = EDGE_CURVE('',#1521,#1549,#1551,.T.);
#1549 = VERTEX_POINT('',#1550);
#1550 = CARTESIAN_POINT('',(-52.,101.356,-95.));
#1551 = SURFACE_CURVE('',#1552,(#1556,#1563),.PCURVE_S1.);
#1552 = LINE('',#1553,#1554);
#1553 = CARTESIAN_POINT('',(-52.,129.00943206332,-92.58313500259));
#1554 = VECTOR('',#1555,1.);
#1555 = DIRECTION('',(-0.,0.99620250363,8.706647897579E-02));
#1556 = PCURVE('',#126,#1557);
#1557 = DEFINITIONAL_REPRESENTATION('',(#1558),#1562);
#1558 = LINE('',#1559,#1560);
#1559 = CARTESIAN_POINT('',(-14.91687491142,29.168372746411));
#1560 = VECTOR('',#1561,1.);
#1561 = DIRECTION('',(-8.706647897579E-02,-0.99620250363));
#1562 = ( GEOMETRIC_REPRESENTATION_CONTEXT(2) 
PARAMETRIC_REPRESENTATION_CONTEXT() REPRESENTATION_CONTEXT('2D SPACE',''
  ) );
#1563 = PCURVE('',#1564,#1569);
#1564 = PLANE('',#1565);
#1565 = AXIS2_PLACEMENT_3D('',#1566,#1567,#1568);
#1566 = CARTESIAN_POINT('',(-51.,101.356,-95.));
#1567 = DIRECTION('',(-0.,8.706647897579E-02,-0.99620250363));
#1568 = DIRECTION('',(0.,0.99620250363,8.706647897579E-02));
#1569 = DEFINITIONAL_REPRESENTATION('',(#1570),#1574);
#1570 = LINE('',#1571,#1572);
#1571 = CARTESIAN_POINT('',(27.758846180929,-1.));
#1572 = VECTOR('',#1573,1.);
#1573 = DIRECTION('',(1.,-0.));
#1574 = ( GEOMETRIC_REPRESENTATION_CONTEXT(2) 
PARAMETRIC_REPRESENTATION_CONTEXT() REPRESENTATION_CONTEXT('2D SPACE',''
  ) );
#1575 = ORIENTED_EDGE('',*,*,#1576,.T.);
#1576 = EDGE_CURVE('',#1549,#1577,#1579,.T.);
#1577 = VERTEX_POINT('',#1578);
#1578 = CARTESIAN_POINT('',(-52.,215.,-86.));
#1579 = SURFACE_CURVE('',#1580,(#1584,#1591),.PCURVE_S1.);
#1580 = LINE('',#1581,#1582);
#1581 = CARTESIAN_POINT('',(-52.,185.91994343528,-88.30298571928));
#1582 = VECTOR('',#1583,1.);
#1583 = DIRECTION('',(-0.,0.996878775594,7.894749375546E-02));
#1584 = PCURVE('',#126,#1585);
#1585 = DEFINITIONAL_REPRESENTATION('',(#1586),#1590);
#1586 = LINE('',#1587,#1588);
#1587 = CARTESIAN_POINT('',(-19.19702419473,-27.74213862554));
#1588 = VECTOR('',#1589,1.);
#1589 = DIRECTION('',(-7.894749375546E-02,-0.996878775594));
#1590 = ( GEOMETRIC_REPRESENTATION_CONTEXT(2) 
PARAMETRIC_REPRESENTATION_CONTEXT() REPRESENTATION_CONTEXT('2D SPACE',''
  ) );
#1591 = PCURVE('',#1592,#1597);
#1592 = PLANE('',#1593);
#1593 = AXIS2_PLACEMENT_3D('',#1594,#1595,#1596);
#1594 = CARTESIAN_POINT('',(-51.,215.,-86.));
#1595 = DIRECTION('',(-0.,7.894749375546E-02,-0.996878775594));
#1596 = DIRECTION('',(0.,0.996878775594,7.894749375546E-02));
#1597 = DEFINITIONAL_REPRESENTATION('',(#1598),#1602);
#1598 = LINE('',#1599,#1600);
#1599 = CARTESIAN_POINT('',(-29.17110613313,-1.));
#1600 = VECTOR('',#1601,1.);
#1601 = DIRECTION('',(1.,-0.));
#1602 = ( GEOMETRIC_REPRESENTATION_CONTEXT(2) 
PARAMETRIC_REPRESENTATION_CONTEXT() REPRESENTATION_CONTEXT('2D SPACE',''
  ) );
#1603 = ORIENTED_EDGE('',*,*,#1604,.T.);
#1604 = EDGE_CURVE('',#1577,#1605,#1607,.T.);
#1605 = VERTEX_POINT('',#1606);
#1606 = CARTESIAN_POINT('',(-52.,217.952,-86.258));
#1607 = SURFACE_CURVE('',#1608,(#1612,#1619),.PCURVE_S1.);
#1608 = LINE('',#1609,#1610);
#1609 = CARTESIAN_POINT('',(-52.,189.21268552558,-83.74623064552));
#1610 = VECTOR('',#1611,1.);
#1611 = DIRECTION('',(-0.,0.99620250363,-8.706647897579E-02));
#1612 = PCURVE('',#126,#1613);
#1613 = DEFINITIONAL_REPRESENTATION('',(#1614),#1618);
#1614 = LINE('',#1615,#1616);
#1615 = CARTESIAN_POINT('',(-23.75377926849,-31.03488071585));
#1616 = VECTOR('',#1617,1.);
#1617 = DIRECTION('',(8.706647897579E-02,-0.99620250363));
#1618 = ( GEOMETRIC_REPRESENTATION_CONTEXT(2) 
PARAMETRIC_REPRESENTATION_CONTEXT() REPRESENTATION_CONTEXT('2D SPACE',''
  ) );
#1619 = PCURVE('',#1620,#1625);
#1620 = PLANE('',#1621);
#1621 = AXIS2_PLACEMENT_3D('',#1622,#1623,#1624);
#1622 = CARTESIAN_POINT('',(-51.,217.952,-86.258));
#1623 = DIRECTION('',(-0.,-8.706647897579E-02,-0.99620250363));
#1624 = DIRECTION('',(0.,0.99620250363,-8.706647897579E-02));
#1625 = DEFINITIONAL_REPRESENTATION('',(#1626),#1630);
#1626 = LINE('',#1627,#1628);
#1627 = CARTESIAN_POINT('',(-28.84886794571,-1.));
#1628 = VECTOR('',#1629,1.);
#1629 = DIRECTION('',(1.,-0.));
#1630 = ( GEOMETRIC_REPRESENTATION_CONTEXT(2) 
PARAMETRIC_REPRESENTATION_CONTEXT() REPRESENTATION_CONTEXT('2D SPACE',''
  ) );
#1631 = ORIENTED_EDGE('',*,*,#1632,.T.);
#1632 = EDGE_CURVE('',#1605,#1633,#1635,.T.);
#1633 = VERTEX_POINT('',#1634);
#1634 = CARTESIAN_POINT('',(-52.,220.814,-87.025));
#1635 = SURFACE_CURVE('',#1636,(#1640,#1647),.PCURVE_S1.);
#1636 = LINE('',#1637,#1638);
#1637 = CARTESIAN_POINT('',(-52.,194.15422807408,-79.8803301652));
#1638 = VECTOR('',#1639,1.);
#1639 = DIRECTION('',(-0.,0.965914906468,-0.25885979499));
#1640 = PCURVE('',#126,#1641);
#1641 = DEFINITIONAL_REPRESENTATION('',(#1642),#1646);
#1642 = LINE('',#1643,#1644);
#1643 = CARTESIAN_POINT('',(-27.61967974881,-35.97642326435));
#1644 = VECTOR('',#1645,1.);
#1645 = DIRECTION('',(0.25885979499,-0.965914906468));
#1646 = ( GEOMETRIC_REPRESENTATION_CONTEXT(2) 
PARAMETRIC_REPRESENTATION_CONTEXT() REPRESENTATION_CONTEXT('2D SPACE',''
  ) );
#1647 = PCURVE('',#1648,#1653);
#1648 = PLANE('',#1649);
#1649 = AXIS2_PLACEMENT_3D('',#1650,#1651,#1652);
#1650 = CARTESIAN_POINT('',(-51.,220.814,-87.025));
#1651 = DIRECTION('',(-0.,-0.25885979499,-0.965914906468));
#1652 = DIRECTION('',(0.,0.965914906468,-0.25885979499));
#1653 = DEFINITIONAL_REPRESENTATION('',(#1654),#1658);
#1654 = LINE('',#1655,#1656);
#1655 = CARTESIAN_POINT('',(-27.60053887499,-1.));
#1656 = VECTOR('',#1657,1.);
#1657 = DIRECTION('',(1.,-0.));
#1658 = ( GEOMETRIC_REPRESENTATION_CONTEXT(2) 
PARAMETRIC_REPRESENTATION_CONTEXT() REPRESENTATION_CONTEXT('2D SPACE',''
  ) );
#1659 = ORIENTED_EDGE('',*,*,#1660,.T.);
#1660 = EDGE_CURVE('',#1633,#1661,#1663,.T.);
#1661 = VERTEX_POINT('',#1662);
#1662 = CARTESIAN_POINT('',(-52.,223.5,-88.278));
#1663 = SURFACE_CURVE('',#1664,(#1668,#1675),.PCURVE_S1.);
#1664 = LINE('',#1665,#1666);
#1665 = CARTESIAN_POINT('',(-52.,200.35835282925,-77.48258529227));
#1666 = VECTOR('',#1667,1.);
#1667 = DIRECTION('',(-0.,0.906243467867,-0.422756167251));
#1668 = PCURVE('',#126,#1669);
#1669 = DEFINITIONAL_REPRESENTATION('',(#1670),#1674);
#1670 = LINE('',#1671,#1672);
#1671 = CARTESIAN_POINT('',(-30.01742462174,-42.18054801952));
#1672 = VECTOR('',#1673,1.);
#1673 = DIRECTION('',(0.422756167251,-0.906243467867));
#1674 = ( GEOMETRIC_REPRESENTATION_CONTEXT(2) 
PARAMETRIC_REPRESENTATION_CONTEXT() REPRESENTATION_CONTEXT('2D SPACE',''
  ) );
#1675 = PCURVE('',#1676,#1681);
#1676 = PLANE('',#1677);
#1677 = AXIS2_PLACEMENT_3D('',#1678,#1679,#1680);
#1678 = CARTESIAN_POINT('',(-51.,223.5,-88.278));
#1679 = DIRECTION('',(-0.,-0.422756167251,-0.906243467867));
#1680 = DIRECTION('',(0.,0.906243467867,-0.422756167251));
#1681 = DEFINITIONAL_REPRESENTATION('',(#1682),#1686);
#1682 = LINE('',#1683,#1684);
#1683 = CARTESIAN_POINT('',(-25.53579472988,-1.));
#1684 = VECTOR('',#1685,1.);
#1685 = DIRECTION('',(1.,-0.));
#1686 = ( GEOMETRIC_REPRESENTATION_CONTEXT(2) 
PARAMETRIC_REPRESENTATION_CONTEXT() REPRESENTATION_CONTEXT('2D SPACE',''
  ) );
#1687 = ORIENTED_EDGE('',*,*,#1688,.T.);
#1688 = EDGE_CURVE('',#1661,#1689,#1691,.T.);
#1689 = VERTEX_POINT('',#1690);
#1690 = CARTESIAN_POINT('',(-52.,225.927,-89.977));
#1691 = SURFACE_CURVE('',#1692,(#1696,#1703),.PCURVE_S1.);
#1692 = LINE('',#1693,#1694);
#1693 = CARTESIAN_POINT('',(-52.,207.3094770793,-76.94396685526));
#1694 = VECTOR('',#1695,1.);
#1695 = DIRECTION('',(-0.,0.819216062496,-0.573484998015));
#1696 = PCURVE('',#126,#1697);
#1697 = DEFINITIONAL_REPRESENTATION('',(#1698),#1702);
#1698 = LINE('',#1699,#1700);
#1699 = CARTESIAN_POINT('',(-30.55604305875,-49.13167226957));
#1700 = VECTOR('',#1701,1.);
#1701 = DIRECTION('',(0.573484998015,-0.819216062496));
#1702 = ( GEOMETRIC_REPRESENTATION_CONTEXT(2) 
PARAMETRIC_REPRESENTATION_CONTEXT() REPRESENTATION_CONTEXT('2D SPACE',''
  ) );
#1703 = PCURVE('',#1704,#1709);
#1704 = PLANE('',#1705);
#1705 = AXIS2_PLACEMENT_3D('',#1706,#1707,#1708);
#1706 = CARTESIAN_POINT('',(-51.,225.927,-89.977));
#1707 = DIRECTION('',(-0.,-0.573484998015,-0.819216062496));
#1708 = DIRECTION('',(0.,0.819216062496,-0.573484998015));
#1709 = DEFINITIONAL_REPRESENTATION('',(#1710),#1714);
#1710 = LINE('',#1711,#1712);
#1711 = CARTESIAN_POINT('',(-22.72602280766,-1.));
#1712 = VECTOR('',#1713,1.);
#1713 = DIRECTION('',(1.,-0.));
#1714 = ( GEOMETRIC_REPRESENTATION_CONTEXT(2) 
PARAMETRIC_REPRESENTATION_CONTEXT() REPRESENTATION_CONTEXT('2D SPACE',''
  ) );
#1715 = ORIENTED_EDGE('',*,*,#1716,.T.);
#1716 = EDGE_CURVE('',#1689,#1717,#1719,.T.);
#1717 = VERTEX_POINT('',#1718);
#1718 = CARTESIAN_POINT('',(-52.,228.023,-92.073));
#1719 = SURFACE_CURVE('',#1720,(#1724,#1731),.PCURVE_S1.);
#1720 = LINE('',#1721,#1722);
#1721 = CARTESIAN_POINT('',(-52.,214.41845368093,-78.46845368093));
#1722 = VECTOR('',#1723,1.);
#1723 = DIRECTION('',(-0.,0.707106781187,-0.707106781187));
#1724 = PCURVE('',#126,#1725);
#1725 = DEFINITIONAL_REPRESENTATION('',(#1726),#1730);
#1726 = LINE('',#1727,#1728);
#1727 = CARTESIAN_POINT('',(-29.03155623308,-56.2406488712));
#1728 = VECTOR('',#1729,1.);
#1729 = DIRECTION('',(0.707106781187,-0.707106781187));
#1730 = ( GEOMETRIC_REPRESENTATION_CONTEXT(2) 
PARAMETRIC_REPRESENTATION_CONTEXT() REPRESENTATION_CONTEXT('2D SPACE',''
  ) );
#1731 = PCURVE('',#1732,#1737);
#1732 = PLANE('',#1733);
#1733 = AXIS2_PLACEMENT_3D('',#1734,#1735,#1736);
#1734 = CARTESIAN_POINT('',(-51.,228.023,-92.073));
#1735 = DIRECTION('',(-0.,-0.707106781187,-0.707106781187));
#1736 = DIRECTION('',(0.,0.707106781187,-0.707106781187));
#1737 = DEFINITIONAL_REPRESENTATION('',(#1738),#1742);
#1738 = LINE('',#1739,#1740);
#1739 = CARTESIAN_POINT('',(-19.23973391435,-1.));
#1740 = VECTOR('',#1741,1.);
#1741 = DIRECTION('',(1.,-0.));
#1742 = ( GEOMETRIC_REPRESENTATION_CONTEXT(2) 
PARAMETRIC_REPRESENTATION_CONTEXT() REPRESENTATION_CONTEXT('2D SPACE',''
  ) );
#1743 = ORIENTED_EDGE('',*,*,#1744,.T.);
#1744 = EDGE_CURVE('',#1717,#1745,#1747,.T.);
#1745 = VERTEX_POINT('',#1746);
#1746 = CARTESIAN_POINT('',(-52.,229.722,-94.5));
#1747 = SURFACE_CURVE('',#1748,(#1752,#1759),.PCURVE_S1.);
#1748 = LINE('',#1749,#1750);
#1749 = CARTESIAN_POINT('',(-52.,221.01084726776,-82.05622855731));
#1750 = VECTOR('',#1751,1.);
#1751 = DIRECTION('',(-0.,0.573484998015,-0.819216062496));
#1752 = PCURVE('',#126,#1753);
#1753 = DEFINITIONAL_REPRESENTATION('',(#1754),#1758);
#1754 = LINE('',#1755,#1756);
#1755 = CARTESIAN_POINT('',(-25.4437813567,-62.83304245803));
#1756 = VECTOR('',#1757,1.);
#1757 = DIRECTION('',(0.819216062496,-0.573484998015));
#1758 = ( GEOMETRIC_REPRESENTATION_CONTEXT(2) 
PARAMETRIC_REPRESENTATION_CONTEXT() REPRESENTATION_CONTEXT('2D SPACE',''
  ) );
#1759 = PCURVE('',#1760,#1765);
#1760 = PLANE('',#1761);
#1761 = AXIS2_PLACEMENT_3D('',#1762,#1763,#1764);
#1762 = CARTESIAN_POINT('',(-51.,229.722,-94.5));
#1763 = DIRECTION('',(-0.,-0.819216062496,-0.573484998015));
#1764 = DIRECTION('',(0.,0.573484998015,-0.819216062496));
#1765 = DEFINITIONAL_REPRESENTATION('',(#1766),#1770);
#1766 = LINE('',#1767,#1768);
#1767 = CARTESIAN_POINT('',(-15.18985285123,-1.));
#1768 = VECTOR('',#1769,1.);
#1769 = DIRECTION('',(1.,-0.));
#1770 = ( GEOMETRIC_REPRESENTATION_CONTEXT(2) 
PARAMETRIC_REPRESENTATION_CONTEXT() REPRESENTATION_CONTEXT('2D SPACE',''
  ) );
#1771 = ORIENTED_EDGE('',*,*,#1772,.T.);
#1772 = EDGE_CURVE('',#1745,#1773,#1775,.T.);
#1773 = VERTEX_POINT('',#1774);
#1774 = CARTESIAN_POINT('',(-52.,230.975,-97.186));
#1775 = SURFACE_CURVE('',#1776,(#1780,#1787),.PCURVE_S1.);
#1776 = LINE('',#1777,#1778);
#1777 = CARTESIAN_POINT('',(-52.,226.4454933776,-87.47629945111));
#1778 = VECTOR('',#1779,1.);
#1779 = DIRECTION('',(-0.,0.422756167251,-0.906243467867));
#1780 = PCURVE('',#126,#1781);
#1781 = DEFINITIONAL_REPRESENTATION('',(#1782),#1786);
#1782 = LINE('',#1783,#1784);
#1783 = CARTESIAN_POINT('',(-20.0237104629,-68.26768856787));
#1784 = VECTOR('',#1785,1.);
#1785 = DIRECTION('',(0.906243467867,-0.422756167251));
#1786 = ( GEOMETRIC_REPRESENTATION_CONTEXT(2) 
PARAMETRIC_REPRESENTATION_CONTEXT() REPRESENTATION_CONTEXT('2D SPACE',''
  ) );
#1787 = PCURVE('',#1788,#1793);
#1788 = PLANE('',#1789);
#1789 = AXIS2_PLACEMENT_3D('',#1790,#1791,#1792);
#1790 = CARTESIAN_POINT('',(-51.,230.975,-97.186));
#1791 = DIRECTION('',(-0.,-0.906243467867,-0.422756167251));
#1792 = DIRECTION('',(0.,0.422756167251,-0.906243467867));
#1793 = DEFINITIONAL_REPRESENTATION('',(#1794),#1798);
#1794 = LINE('',#1795,#1796);
#1795 = CARTESIAN_POINT('',(-10.71422955659,-1.));
#1796 = VECTOR('',#1797,1.);
#1797 = DIRECTION('',(1.,-0.));
#1798 = ( GEOMETRIC_REPRESENTATION_CONTEXT(2) 
PARAMETRIC_REPRESENTATION_CONTEXT() REPRESENTATION_CONTEXT('2D SPACE',''
  ) );
#1799 = ORIENTED_EDGE('',*,*,#1800,.T.);
#1800 = EDGE_CURVE('',#1773,#1801,#1803,.T.);
#1801 = VERTEX_POINT('',#1802);
#1802 = CARTESIAN_POINT('',(-52.,231.742,-100.048));
#1803 = SURFACE_CURVE('',#1804,(#1808,#1815),.PCURVE_S1.);
#1804 = LINE('',#1805,#1806);
#1805 = CARTESIAN_POINT('',(-52.,230.20892809957,-94.32746313037));
#1806 = VECTOR('',#1807,1.);
#1807 = DIRECTION('',(-0.,0.25885979499,-0.965914906468));
#1808 = PCURVE('',#126,#1809);
#1809 = DEFINITIONAL_REPRESENTATION('',(#1810),#1814);
#1810 = LINE('',#1811,#1812);
#1811 = CARTESIAN_POINT('',(-13.17254678365,-72.03112328984));
#1812 = VECTOR('',#1813,1.);
#1813 = DIRECTION('',(0.965914906468,-0.25885979499));
#1814 = ( GEOMETRIC_REPRESENTATION_CONTEXT(2) 
PARAMETRIC_REPRESENTATION_CONTEXT() REPRESENTATION_CONTEXT('2D SPACE',''
  ) );
#1815 = PCURVE('',#1816,#1821);
#1816 = PLANE('',#1817);
#1817 = AXIS2_PLACEMENT_3D('',#1818,#1819,#1820);
#1818 = CARTESIAN_POINT('',(-51.,231.742,-100.048));
#1819 = DIRECTION('',(-0.,-0.965914906468,-0.25885979499));
#1820 = DIRECTION('',(0.,0.25885979499,-0.965914906468));
#1821 = DEFINITIONAL_REPRESENTATION('',(#1822),#1826);
#1822 = LINE('',#1823,#1824);
#1823 = CARTESIAN_POINT('',(-5.922402513226,-1.));
#1824 = VECTOR('',#1825,1.);
#1825 = DIRECTION('',(1.,-0.));
#1826 = ( GEOMETRIC_REPRESENTATION_CONTEXT(2) 
PARAMETRIC_REPRESENTATION_CONTEXT() REPRESENTATION_CONTEXT('2D SPACE',''
  ) );
#1827 = ORIENTED_EDGE('',*,*,#1828,.T.);
#1828 = EDGE_CURVE('',#1801,#1829,#1831,.T.);
#1829 = VERTEX_POINT('',#1830);
#1830 = CARTESIAN_POINT('',(-52.,232.,-103.));
#1831 = SURFACE_CURVE('',#1832,(#1836,#1843),.PCURVE_S1.);
#1832 = LINE('',#1833,#1834);
#1833 = CARTESIAN_POINT('',(-52.,231.9153488556,-102.0314334176));
#1834 = VECTOR('',#1835,1.);
#1835 = DIRECTION('',(-0.,8.70664789758E-02,-0.99620250363));
#1836 = PCURVE('',#126,#1837);
#1837 = DEFINITIONAL_REPRESENTATION('',(#1838),#1842);
#1838 = LINE('',#1839,#1840);
#1839 = CARTESIAN_POINT('',(-5.468576496404,-73.73754404587));
#1840 = VECTOR('',#1841,1.);
#1841 = DIRECTION('',(0.99620250363,-8.70664789758E-02));
#1842 = ( GEOMETRIC_REPRESENTATION_CONTEXT(2) 
PARAMETRIC_REPRESENTATION_CONTEXT() REPRESENTATION_CONTEXT('2D SPACE',''
  ) );
#1843 = PCURVE('',#1844,#1849);
#1844 = PLANE('',#1845);
#1845 = AXIS2_PLACEMENT_3D('',#1846,#1847,#1848);
#1846 = CARTESIAN_POINT('',(-51.,232.,-103.));
#1847 = DIRECTION('',(-0.,-0.99620250363,-8.70664789758E-02));
#1848 = DIRECTION('',(0.,8.70664789758E-02,-0.99620250363));
#1849 = DEFINITIONAL_REPRESENTATION('',(#1850),#1854);
#1850 = LINE('',#1851,#1852);
#1851 = CARTESIAN_POINT('',(-0.972258731387,-1.));
#1852 = VECTOR('',#1853,1.);
#1853 = DIRECTION('',(1.,-0.));
#1854 = ( GEOMETRIC_REPRESENTATION_CONTEXT(2) 
PARAMETRIC_REPRESENTATION_CONTEXT() REPRESENTATION_CONTEXT('2D SPACE',''
  ) );
#1855 = ORIENTED_EDGE('',*,*,#1856,.T.);
#1856 = EDGE_CURVE('',#1829,#1857,#1859,.T.);
#1857 = VERTEX_POINT('',#1858);
#1858 = CARTESIAN_POINT('',(-52.,231.742,-105.952));
#1859 = SURFACE_CURVE('',#1860,(#1864,#1871),.PCURVE_S1.);
#1860 = LINE('',#1861,#1862);
#1861 = CARTESIAN_POINT('',(-52.,231.39603669618,-109.9104638483));
#1862 = VECTOR('',#1863,1.);
#1863 = DIRECTION('',(-0.,-8.70664789758E-02,-0.99620250363));
#1864 = PCURVE('',#126,#1865);
#1865 = DEFINITIONAL_REPRESENTATION('',(#1866),#1870);
#1866 = LINE('',#1867,#1868);
#1867 = CARTESIAN_POINT('',(2.410453934304,-73.21823188644));
#1868 = VECTOR('',#1869,1.);
#1869 = DIRECTION('',(0.99620250363,8.70664789758E-02));
#1870 = ( GEOMETRIC_REPRESENTATION_CONTEXT(2) 
PARAMETRIC_REPRESENTATION_CONTEXT() REPRESENTATION_CONTEXT('2D SPACE',''
  ) );
#1871 = PCURVE('',#1872,#1877);
#1872 = PLANE('',#1873);
#1873 = AXIS2_PLACEMENT_3D('',#1874,#1875,#1876);
#1874 = CARTESIAN_POINT('',(-51.,231.742,-105.952));
#1875 = DIRECTION('',(-0.,-0.99620250363,8.70664789758E-02));
#1876 = DIRECTION('',(0.,-8.70664789758E-02,-0.99620250363));
#1877 = DEFINITIONAL_REPRESENTATION('',(#1878),#1882);
#1878 = LINE('',#1879,#1880);
#1879 = CARTESIAN_POINT('',(3.973553402948,-1.));
#1880 = VECTOR('',#1881,1.);
#1881 = DIRECTION('',(1.,-0.));
#1882 = ( GEOMETRIC_REPRESENTATION_CONTEXT(2) 
PARAMETRIC_REPRESENTATION_CONTEXT() REPRESENTATION_CONTEXT('2D SPACE',''
  ) );
#1883 = ORIENTED_EDGE('',*,*,#1884,.T.);
#1884 = EDGE_CURVE('',#1857,#1885,#1887,.T.);
#1885 = VERTEX_POINT('',#1886);
#1886 = CARTESIAN_POINT('',(-52.,230.975,-108.814));
#1887 = SURFACE_CURVE('',#1888,(#1892,#1899),.PCURVE_S1.);
#1888 = LINE('',#1889,#1890);
#1889 = CARTESIAN_POINT('',(-52.,228.70026121471,-117.3020083487));
#1890 = VECTOR('',#1891,1.);
#1891 = DIRECTION('',(-0.,-0.25885979499,-0.965914906468));
#1892 = PCURVE('',#126,#1893);
#1893 = DEFINITIONAL_REPRESENTATION('',(#1894),#1898);
#1894 = LINE('',#1895,#1896);
#1895 = CARTESIAN_POINT('',(9.801998434728,-70.52245640498));
#1896 = VECTOR('',#1897,1.);
#1897 = DIRECTION('',(0.965914906468,0.25885979499));
#1898 = ( GEOMETRIC_REPRESENTATION_CONTEXT(2) 
PARAMETRIC_REPRESENTATION_CONTEXT() REPRESENTATION_CONTEXT('2D SPACE',''
  ) );
#1899 = PCURVE('',#1900,#1905);
#1900 = PLANE('',#1901);
#1901 = AXIS2_PLACEMENT_3D('',#1902,#1903,#1904);
#1902 = CARTESIAN_POINT('',(-51.,230.975,-108.814));
#1903 = DIRECTION('',(-0.,-0.965914906468,0.25885979499));
#1904 = DIRECTION('',(0.,-0.25885979499,-0.965914906468));
#1905 = DEFINITIONAL_REPRESENTATION('',(#1906),#1910);
#1906 = LINE('',#1907,#1908);
#1907 = CARTESIAN_POINT('',(8.787532205898,-1.));
#1908 = VECTOR('',#1909,1.);
#1909 = DIRECTION('',(1.,-0.));
#1910 = ( GEOMETRIC_REPRESENTATION_CONTEXT(2) 
PARAMETRIC_REPRESENTATION_CONTEXT() REPRESENTATION_CONTEXT('2D SPACE',''
  ) );
#1911 = ORIENTED_EDGE('',*,*,#1912,.T.);
#1912 = EDGE_CURVE('',#1885,#1913,#1915,.T.);
#1913 = VERTEX_POINT('',#1914);
#1914 = CARTESIAN_POINT('',(-52.,229.722,-111.5));
#1915 = SURFACE_CURVE('',#1916,(#1920,#1927),.PCURVE_S1.);
#1916 = LINE('',#1917,#1918);
#1917 = CARTESIAN_POINT('',(-52.,224.09494951152,-123.5624561947));
#1918 = VECTOR('',#1919,1.);
#1919 = DIRECTION('',(-0.,-0.422756167251,-0.906243467867));
#1920 = PCURVE('',#126,#1921);
#1921 = DEFINITIONAL_REPRESENTATION('',(#1922),#1926);
#1922 = LINE('',#1923,#1924);
#1923 = CARTESIAN_POINT('',(16.062446280756,-65.91714470178));
#1924 = VECTOR('',#1925,1.);
#1925 = DIRECTION('',(0.906243467867,0.422756167251));
#1926 = ( GEOMETRIC_REPRESENTATION_CONTEXT(2) 
PARAMETRIC_REPRESENTATION_CONTEXT() REPRESENTATION_CONTEXT('2D SPACE',''
  ) );
#1927 = PCURVE('',#1928,#1933);
#1928 = PLANE('',#1929);
#1929 = AXIS2_PLACEMENT_3D('',#1930,#1931,#1932);
#1930 = CARTESIAN_POINT('',(-51.,229.722,-111.5));
#1931 = DIRECTION('',(-0.,-0.906243467867,0.422756167251));
#1932 = DIRECTION('',(0.,-0.422756167251,-0.906243467867));
#1933 = DEFINITIONAL_REPRESENTATION('',(#1934),#1938);
#1934 = LINE('',#1935,#1936);
#1935 = CARTESIAN_POINT('',(13.310392430382,-1.));
#1936 = VECTOR('',#1937,1.);
#1937 = DIRECTION('',(1.,-0.));
#1938 = ( GEOMETRIC_REPRESENTATION_CONTEXT(2) 
PARAMETRIC_REPRESENTATION_CONTEXT() REPRESENTATION_CONTEXT('2D SPACE',''
  ) );
#1939 = ORIENTED_EDGE('',*,*,#1940,.T.);
#1940 = EDGE_CURVE('',#1913,#1941,#1943,.T.);
#1941 = VERTEX_POINT('',#1942);
#1942 = CARTESIAN_POINT('',(-52.,228.023,-113.927));
#1943 = SURFACE_CURVE('',#1944,(#1948,#1955),.PCURVE_S1.);
#1944 = LINE('',#1945,#1946);
#1945 = CARTESIAN_POINT('',(-52.,218.04720606119,-128.1772954028));
#1946 = VECTOR('',#1947,1.);
#1947 = DIRECTION('',(-0.,-0.573484998015,-0.819216062496));
#1948 = PCURVE('',#126,#1949);
#1949 = DEFINITIONAL_REPRESENTATION('',(#1950),#1954);
#1950 = LINE('',#1951,#1952);
#1951 = CARTESIAN_POINT('',(20.677285488851,-59.86940125146));
#1952 = VECTOR('',#1953,1.);
#1953 = DIRECTION('',(0.819216062496,0.573484998015));
#1954 = ( GEOMETRIC_REPRESENTATION_CONTEXT(2) 
PARAMETRIC_REPRESENTATION_CONTEXT() REPRESENTATION_CONTEXT('2D SPACE',''
  ) );
#1955 = PCURVE('',#1956,#1961);
#1956 = PLANE('',#1957);
#1957 = AXIS2_PLACEMENT_3D('',#1958,#1959,#1960);
#1958 = CARTESIAN_POINT('',(-51.,228.023,-113.927));
#1959 = DIRECTION('',(-0.,-0.819216062496,0.573484998015));
#1960 = DIRECTION('',(0.,-0.573484998015,-0.819216062496));
#1961 = DEFINITIONAL_REPRESENTATION('',(#1962),#1966);
#1962 = LINE('',#1963,#1964);
#1963 = CARTESIAN_POINT('',(17.39503905654,-1.));
#1964 = VECTOR('',#1965,1.);
#1965 = DIRECTION('',(1.,-0.));
#1966 = ( GEOMETRIC_REPRESENTATION_CONTEXT(2) 
PARAMETRIC_REPRESENTATION_CONTEXT() REPRESENTATION_CONTEXT('2D SPACE',''
  ) );
#1967 = ORIENTED_EDGE('',*,*,#1968,.T.);
#1968 = EDGE_CURVE('',#1941,#1969,#1971,.T.);
#1969 = VERTEX_POINT('',#1970);
#1970 = CARTESIAN_POINT('',(-52.,225.927,-116.023));
#1971 = SURFACE_CURVE('',#1972,(#1976,#1983),.PCURVE_S1.);
#1972 = LINE('',#1973,#1974);
#1973 = CARTESIAN_POINT('',(-52.,211.12044872392,-130.829551276));
#1974 = VECTOR('',#1975,1.);
#1975 = DIRECTION('',(-0.,-0.707106781187,-0.707106781187));
#1976 = PCURVE('',#126,#1977);
#1977 = DEFINITIONAL_REPRESENTATION('',(#1978),#1982);
#1978 = LINE('',#1979,#1980);
#1979 = CARTESIAN_POINT('',(23.329541362052,-52.94264391419));
#1980 = VECTOR('',#1981,1.);
#1981 = DIRECTION('',(0.707106781187,0.707106781187));
#1982 = ( GEOMETRIC_REPRESENTATION_CONTEXT(2) 
PARAMETRIC_REPRESENTATION_CONTEXT() REPRESENTATION_CONTEXT('2D SPACE',''
  ) );
#1983 = PCURVE('',#1984,#1989);
#1984 = PLANE('',#1985);
#1985 = AXIS2_PLACEMENT_3D('',#1986,#1987,#1988);
#1986 = CARTESIAN_POINT('',(-51.,225.927,-116.023));
#1987 = DIRECTION('',(-0.,-0.707106781187,0.707106781187));
#1988 = DIRECTION('',(0.,-0.707106781187,-0.707106781187));
#1989 = DEFINITIONAL_REPRESENTATION('',(#1990),#1994);
#1990 = LINE('',#1991,#1992);
#1991 = CARTESIAN_POINT('',(20.939625626593,-1.));
#1992 = VECTOR('',#1993,1.);
#1993 = DIRECTION('',(1.,-0.));
#1994 = ( GEOMETRIC_REPRESENTATION_CONTEXT(2) 
PARAMETRIC_REPRESENTATION_CONTEXT() REPRESENTATION_CONTEXT('2D SPACE',''
  ) );
#1995 = ORIENTED_EDGE('',*,*,#1996,.T.);
#1996 = EDGE_CURVE('',#1969,#1997,#1999,.T.);
#1997 = VERTEX_POINT('',#1998);
#1998 = CARTESIAN_POINT('',(-52.,223.5,-117.722));
#1999 = SURFACE_CURVE('',#2000,(#2004,#2011),.PCURVE_S1.);
#2000 = LINE('',#2001,#2002);
#2001 = CARTESIAN_POINT('',(-52.,203.98183587273,-131.3855190985));
#2002 = VECTOR('',#2003,1.);
#2003 = DIRECTION('',(-0.,-0.819216062496,-0.573484998015));
#2004 = PCURVE('',#126,#2005);
#2005 = DEFINITIONAL_REPRESENTATION('',(#2006),#2010);
#2006 = LINE('',#2007,#2008);
#2007 = CARTESIAN_POINT('',(23.88550918455,-45.80403106299));
#2008 = VECTOR('',#2009,1.);
#2009 = DIRECTION('',(0.573484998015,0.819216062496));
#2010 = ( GEOMETRIC_REPRESENTATION_CONTEXT(2) 
PARAMETRIC_REPRESENTATION_CONTEXT() REPRESENTATION_CONTEXT('2D SPACE',''
  ) );
#2011 = PCURVE('',#2012,#2017);
#2012 = PLANE('',#2013);
#2013 = AXIS2_PLACEMENT_3D('',#2014,#2015,#2016);
#2014 = CARTESIAN_POINT('',(-51.,223.5,-117.722));
#2015 = DIRECTION('',(-0.,-0.573484998015,0.819216062496));
#2016 = DIRECTION('',(0.,-0.819216062496,-0.573484998015));
#2017 = DEFINITIONAL_REPRESENTATION('',(#2018),#2022);
#2018 = LINE('',#2019,#2020);
#2019 = CARTESIAN_POINT('',(23.825416786615,-1.));
#2020 = VECTOR('',#2021,1.);
#2021 = DIRECTION('',(1.,-0.));
#2022 = ( GEOMETRIC_REPRESENTATION_CONTEXT(2) 
PARAMETRIC_REPRESENTATION_CONTEXT() REPRESENTATION_CONTEXT('2D SPACE',''
  ) );
#2023 = ORIENTED_EDGE('',*,*,#2024,.T.);
#2024 = EDGE_CURVE('',#1997,#2025,#2027,.T.);
#2025 = VERTEX_POINT('',#2026);
#2026 = CARTESIAN_POINT('',(-52.,220.814,-118.975));
#2027 = SURFACE_CURVE('',#2028,(#2032,#2039),.PCURVE_S1.);
#2028 = LINE('',#2029,#2030);
#2029 = CARTESIAN_POINT('',(-52.,197.29130896317,-129.9481689758));
#2030 = VECTOR('',#2031,1.);
#2031 = DIRECTION('',(-0.,-0.906243467867,-0.422756167251));
#2032 = PCURVE('',#126,#2033);
#2033 = DEFINITIONAL_REPRESENTATION('',(#2034),#2038);
#2034 = LINE('',#2035,#2036);
#2035 = CARTESIAN_POINT('',(22.448159061834,-39.11350415344));
#2036 = VECTOR('',#2037,1.);
#2037 = DIRECTION('',(0.422756167251,0.906243467867));
#2038 = ( GEOMETRIC_REPRESENTATION_CONTEXT(2) 
PARAMETRIC_REPRESENTATION_CONTEXT() REPRESENTATION_CONTEXT('2D SPACE',''
  ) );
#2039 = PCURVE('',#2040,#2045);
#2040 = PLANE('',#2041);
#2041 = AXIS2_PLACEMENT_3D('',#2042,#2043,#2044);
#2042 = CARTESIAN_POINT('',(-51.,220.814,-118.975));
#2043 = DIRECTION('',(-0.,-0.422756167251,0.906243467867));
#2044 = DIRECTION('',(0.,-0.906243467867,-0.422756167251));
#2045 = DEFINITIONAL_REPRESENTATION('',(#2046),#2050);
#2046 = LINE('',#2047,#2048);
#2047 = CARTESIAN_POINT('',(25.956259957603,-1.));
#2048 = VECTOR('',#2049,1.);
#2049 = DIRECTION('',(1.,-0.));
#2050 = ( GEOMETRIC_REPRESENTATION_CONTEXT(2) 
PARAMETRIC_REPRESENTATION_CONTEXT() REPRESENTATION_CONTEXT('2D SPACE',''
  ) );
#2051 = ORIENTED_EDGE('',*,*,#2052,.T.);
#2052 = EDGE_CURVE('',#2025,#2053,#2055,.T.);
#2053 = VERTEX_POINT('',#2054);
#2054 = CARTESIAN_POINT('',(-52.,217.952,-119.742));
#2055 = SURFACE_CURVE('',#2056,(#2060,#2067),.PCURVE_S1.);
#2056 = LINE('',#2057,#2058);
#2057 = CARTESIAN_POINT('',(-52.,191.59806118922,-126.8047082696));
#2058 = VECTOR('',#2059,1.);
#2059 = DIRECTION('',(-0.,-0.965914906468,-0.25885979499));
#2060 = PCURVE('',#126,#2061);
#2061 = DEFINITIONAL_REPRESENTATION('',(#2062),#2066);
#2062 = LINE('',#2063,#2064);
#2063 = CARTESIAN_POINT('',(19.304698355675,-33.42025637949));
#2064 = VECTOR('',#2065,1.);
#2065 = DIRECTION('',(0.25885979499,0.965914906468));
#2066 = ( GEOMETRIC_REPRESENTATION_CONTEXT(2) 
PARAMETRIC_REPRESENTATION_CONTEXT() REPRESENTATION_CONTEXT('2D SPACE',''
  ) );
#2067 = PCURVE('',#2068,#2073);
#2068 = PLANE('',#2069);
#2069 = AXIS2_PLACEMENT_3D('',#2070,#2071,#2072);
#2070 = CARTESIAN_POINT('',(-51.,217.952,-119.742));
#2071 = DIRECTION('',(-0.,-0.25885979499,0.965914906468));
#2072 = DIRECTION('',(0.,-0.965914906468,-0.25885979499));
#2073 = DEFINITIONAL_REPRESENTATION('',(#2074),#2078);
#2074 = LINE('',#2075,#2076);
#2075 = CARTESIAN_POINT('',(27.283913556251,-1.));
#2076 = VECTOR('',#2077,1.);
#2077 = DIRECTION('',(1.,-0.));
#2078 = ( GEOMETRIC_REPRESENTATION_CONTEXT(2) 
PARAMETRIC_REPRESENTATION_CONTEXT() REPRESENTATION_CONTEXT('2D SPACE',''
  ) );
#2079 = ORIENTED_EDGE('',*,*,#2080,.T.);
#2080 = EDGE_CURVE('',#2053,#2081,#2083,.T.);
#2081 = VERTEX_POINT('',#2082);
#2082 = CARTESIAN_POINT('',(-52.,215.,-120.));
#2083 = SURFACE_CURVE('',#2084,(#2088,#2095),.PCURVE_S1.);
#2084 = LINE('',#2085,#2086);
#2085 = CARTESIAN_POINT('',(-52.,187.34637336616,-122.4168820025));
#2086 = VECTOR('',#2087,1.);
#2087 = DIRECTION('',(-0.,-0.99620250363,-8.706647897579E-02));
#2088 = PCURVE('',#126,#2089);
#2089 = DEFINITIONAL_REPRESENTATION('',(#2090),#2094);
#2090 = LINE('',#2091,#2092);
#2091 = CARTESIAN_POINT('',(14.916872088531,-29.16856855643));
#2092 = VECTOR('',#2093,1.);
#2093 = DIRECTION('',(8.706647897579E-02,0.99620250363));
#2094 = ( GEOMETRIC_REPRESENTATION_CONTEXT(2) 
PARAMETRIC_REPRESENTATION_CONTEXT() REPRESENTATION_CONTEXT('2D SPACE',''
  ) );
#2095 = PCURVE('',#2096,#2101);
#2096 = PLANE('',#2097);
#2097 = AXIS2_PLACEMENT_3D('',#2098,#2099,#2100);
#2098 = CARTESIAN_POINT('',(-51.,215.,-120.));
#2099 = DIRECTION('',(-0.,-8.706647897579E-02,0.99620250363));
#2100 = DIRECTION('',(0.,-0.99620250363,-8.706647897579E-02));
#2101 = DEFINITIONAL_REPRESENTATION('',(#2102),#2106);
#2102 = LINE('',#2103,#2104);
#2103 = CARTESIAN_POINT('',(27.75904149314,-1.));
#2104 = VECTOR('',#2105,1.);
#2105 = DIRECTION('',(1.,-0.));
#2106 = ( GEOMETRIC_REPRESENTATION_CONTEXT(2) 
PARAMETRIC_REPRESENTATION_CONTEXT() REPRESENTATION_CONTEXT('2D SPACE',''
  ) );
#2107 = ORIENTED_EDGE('',*,*,#2108,.T.);
#2108 = EDGE_CURVE('',#2081,#2109,#2111,.T.);
#2109 = VERTEX_POINT('',#2110);
#2110 = CARTESIAN_POINT('',(-52.,101.356,-129.));
#2111 = SURFACE_CURVE('',#2112,(#2116,#2123),.PCURVE_S1.);
#2112 = LINE('',#2113,#2114);
#2113 = CARTESIAN_POINT('',(-52.,130.43586181077,-126.6970297041));
#2114 = VECTOR('',#2115,1.);
#2115 = DIRECTION('',(-0.,-0.996878775594,-7.894749375546E-02));
#2116 = PCURVE('',#126,#2117);
#2117 = DEFINITIONAL_REPRESENTATION('',(#2118),#2122);
#2118 = LINE('',#2119,#2120);
#2119 = CARTESIAN_POINT('',(19.197019790171,27.741942998962));
#2120 = VECTOR('',#2121,1.);
#2121 = DIRECTION('',(7.894749375546E-02,0.996878775594));
#2122 = ( GEOMETRIC_REPRESENTATION_CONTEXT(2) 
PARAMETRIC_REPRESENTATION_CONTEXT() REPRESENTATION_CONTEXT('2D SPACE',''
  ) );
#2123 = PCURVE('',#2124,#2129);
#2124 = PLANE('',#2125);
#2125 = AXIS2_PLACEMENT_3D('',#2126,#2127,#2128);
#2126 = CARTESIAN_POINT('',(-51.,101.356,-129.));
#2127 = DIRECTION('',(-0.,-7.894749375546E-02,0.996878775594));
#2128 = DIRECTION('',(0.,-0.996878775594,-7.894749375546E-02));
#2129 = DEFINITIONAL_REPRESENTATION('',(#2130),#2134);
#2130 = LINE('',#2131,#2132);
#2131 = CARTESIAN_POINT('',(-29.17091076941,-1.));
#2132 = VECTOR('',#2133,1.);
#2133 = DIRECTION('',(1.,-0.));
#2134 = ( GEOMETRIC_REPRESENTATION_CONTEXT(2) 
PARAMETRIC_REPRESENTATION_CONTEXT() REPRESENTATION_CONTEXT('2D SPACE',''
  ) );
#2135 = ORIENTED_EDGE('',*,*,#2136,.T.);
#2136 = EDGE_CURVE('',#2109,#2137,#2139,.T.);
#2137 = VERTEX_POINT('',#2138);
#2138 = CARTESIAN_POINT('',(-52.,98.404,-128.742));
#2139 = SURFACE_CURVE('',#2140,(#2144,#2151),.PCURVE_S1.);
#2140 = LINE('',#2141,#2142);
#2141 = CARTESIAN_POINT('',(-52.,127.1431216237,-131.2537524996));
#2142 = VECTOR('',#2143,1.);
#2143 = DIRECTION('',(-0.,-0.99620250363,8.70664789758E-02));
#2144 = PCURVE('',#126,#2145);
#2145 = DEFINITIONAL_REPRESENTATION('',(#2146),#2150);
#2146 = LINE('',#2147,#2148);
#2147 = CARTESIAN_POINT('',(23.753742585613,31.034683186031));
#2148 = VECTOR('',#2149,1.);
#2149 = DIRECTION('',(-8.70664789758E-02,0.99620250363));
#2150 = ( GEOMETRIC_REPRESENTATION_CONTEXT(2) 
PARAMETRIC_REPRESENTATION_CONTEXT() REPRESENTATION_CONTEXT('2D SPACE',''
  ) );
#2151 = PCURVE('',#2152,#2157);
#2152 = PLANE('',#2153);
#2153 = AXIS2_PLACEMENT_3D('',#2154,#2155,#2156);
#2154 = CARTESIAN_POINT('',(-51.,98.404,-128.742));
#2155 = DIRECTION('',(-0.,8.70664789758E-02,0.99620250363));
#2156 = DIRECTION('',(0.,-0.99620250363,8.70664789758E-02));
#2157 = DEFINITIONAL_REPRESENTATION('',(#2158),#2162);
#2158 = LINE('',#2159,#2160);
#2159 = CARTESIAN_POINT('',(-28.84867435986,-1.));
#2160 = VECTOR('',#2161,1.);
#2161 = DIRECTION('',(1.,-0.));
#2162 = ( GEOMETRIC_REPRESENTATION_CONTEXT(2) 
PARAMETRIC_REPRESENTATION_CONTEXT() REPRESENTATION_CONTEXT('2D SPACE',''
  ) );
#2163 = ORIENTED_EDGE('',*,*,#2164,.T.);
#2164 = EDGE_CURVE('',#2137,#2165,#2167,.T.);
#2165 = VERTEX_POINT('',#2166);
#2166 = CARTESIAN_POINT('',(-52.,95.541,-127.975));
#2167 = SURFACE_CURVE('',#2168,(#2172,#2179),.PCURVE_S1.);
#2168 = LINE('',#2169,#2170);
#2169 = CARTESIAN_POINT('',(-52.,122.20320070595,-135.1178249882));
#2170 = VECTOR('',#2171,1.);
#2171 = DIRECTION('',(-0.,-0.965937510511,0.258775435055));
#2172 = PCURVE('',#126,#2173);
#2173 = DEFINITIONAL_REPRESENTATION('',(#2174),#2178);
#2174 = LINE('',#2175,#2176);
#2175 = CARTESIAN_POINT('',(27.617815074267,35.97460410378));
#2176 = VECTOR('',#2177,1.);
#2177 = DIRECTION('',(-0.258775435055,0.965937510511));
#2178 = ( GEOMETRIC_REPRESENTATION_CONTEXT(2) 
PARAMETRIC_REPRESENTATION_CONTEXT() REPRESENTATION_CONTEXT('2D SPACE',''
  ) );
#2179 = PCURVE('',#2180,#2185);
#2180 = PLANE('',#2181);
#2181 = AXIS2_PLACEMENT_3D('',#2182,#2183,#2184);
#2182 = CARTESIAN_POINT('',(-51.,95.541,-127.975));
#2183 = DIRECTION('',(-0.,0.258775435055,0.965937510511));
#2184 = DIRECTION('',(0.,-0.965937510511,0.258775435055));
#2185 = DEFINITIONAL_REPRESENTATION('',(#2186),#2190);
#2186 = LINE('',#2187,#2188);
#2187 = CARTESIAN_POINT('',(-27.60240741851,-1.));
#2188 = VECTOR('',#2189,1.);
#2189 = DIRECTION('',(1.,-0.));
#2190 = ( GEOMETRIC_REPRESENTATION_CONTEXT(2) 
PARAMETRIC_REPRESENTATION_CONTEXT() REPRESENTATION_CONTEXT('2D SPACE',''
  ) );
#2191 = ORIENTED_EDGE('',*,*,#2192,.T.);
#2192 = EDGE_CURVE('',#2165,#2193,#2195,.T.);
#2193 = VERTEX_POINT('',#2194);
#2194 = CARTESIAN_POINT('',(-52.,92.856,-126.722));
#2195 = SURFACE_CURVE('',#2196,(#2200,#2207),.PCURVE_S1.);
#2196 = LINE('',#2197,#2198);
#2197 = CARTESIAN_POINT('',(-52.,115.99303854591,-137.5192846547));
#2198 = VECTOR('',#2199,1.);
#2199 = DIRECTION('',(-0.,-0.906183139995,0.422885465331));
#2200 = PCURVE('',#126,#2201);
#2201 = DEFINITIONAL_REPRESENTATION('',(#2202),#2206);
#2202 = LINE('',#2203,#2204);
#2203 = CARTESIAN_POINT('',(30.019274740741,42.184766263817));
#2204 = VECTOR('',#2205,1.);
#2205 = DIRECTION('',(-0.422885465331,0.906183139995));
#2206 = ( GEOMETRIC_REPRESENTATION_CONTEXT(2) 
PARAMETRIC_REPRESENTATION_CONTEXT() REPRESENTATION_CONTEXT('2D SPACE',''
  ) );
#2207 = PCURVE('',#2208,#2213);
#2208 = PLANE('',#2209);
#2209 = AXIS2_PLACEMENT_3D('',#2210,#2211,#2212);
#2210 = CARTESIAN_POINT('',(-51.,92.856,-126.722));
#2211 = DIRECTION('',(-0.,0.422885465331,0.906183139995));
#2212 = DIRECTION('',(0.,-0.906183139995,0.422885465331));
#2213 = DEFINITIONAL_REPRESENTATION('',(#2214),#2218);
#2214 = LINE('',#2215,#2216);
#2215 = CARTESIAN_POINT('',(-25.53240898527,-1.));
#2216 = VECTOR('',#2217,1.);
#2217 = DIRECTION('',(1.,-0.));
#2218 = ( GEOMETRIC_REPRESENTATION_CONTEXT(2) 
PARAMETRIC_REPRESENTATION_CONTEXT() REPRESENTATION_CONTEXT('2D SPACE',''
  ) );
#2219 = ORIENTED_EDGE('',*,*,#2220,.T.);
#2220 = EDGE_CURVE('',#2193,#2221,#2223,.T.);
#2221 = VERTEX_POINT('',#2222);
#2222 = CARTESIAN_POINT('',(-52.,90.428,-125.023));
#2223 = SURFACE_CURVE('',#2224,(#2228,#2235),.PCURVE_S1.);
#2224 = LINE('',#2225,#2226);
#2225 = CARTESIAN_POINT('',(-52.,109.05247197571,-138.0555279599));
#2226 = VECTOR('',#2227,1.);
#2227 = DIRECTION('',(-0.,-0.819327029201,0.573326450829));
#2228 = PCURVE('',#126,#2229);
#2229 = DEFINITIONAL_REPRESENTATION('',(#2230),#2234);
#2230 = LINE('',#2231,#2232);
#2231 = CARTESIAN_POINT('',(30.555518045922,49.125332834019));
#2232 = VECTOR('',#2233,1.);
#2233 = DIRECTION('',(-0.573326450829,0.819327029201));
#2234 = ( GEOMETRIC_REPRESENTATION_CONTEXT(2) 
PARAMETRIC_REPRESENTATION_CONTEXT() REPRESENTATION_CONTEXT('2D SPACE',''
  ) );
#2235 = PCURVE('',#2236,#2241);
#2236 = PLANE('',#2237);
#2237 = AXIS2_PLACEMENT_3D('',#2238,#2239,#2240);
#2238 = CARTESIAN_POINT('',(-51.,90.428,-125.023));
#2239 = DIRECTION('',(-0.,0.573326450829,0.819327029201));
#2240 = DIRECTION('',(0.,-0.819327029201,0.573326450829));
#2241 = DEFINITIONAL_REPRESENTATION('',(#2242),#2246);
#2242 = LINE('',#2243,#2244);
#2243 = CARTESIAN_POINT('',(-22.7314262949,-1.));
#2244 = VECTOR('',#2245,1.);
#2245 = DIRECTION('',(1.,-0.));
#2246 = ( GEOMETRIC_REPRESENTATION_CONTEXT(2) 
PARAMETRIC_REPRESENTATION_CONTEXT() REPRESENTATION_CONTEXT('2D SPACE',''
  ) );
#2247 = ORIENTED_EDGE('',*,*,#2248,.T.);
#2248 = EDGE_CURVE('',#2221,#2249,#2251,.T.);
#2249 = VERTEX_POINT('',#2250);
#2250 = CARTESIAN_POINT('',(-52.,88.333,-122.927));
#2251 = SURFACE_CURVE('',#2252,(#2256,#2263),.PCURVE_S1.);
#2252 = LINE('',#2253,#2254);
#2253 = CARTESIAN_POINT('',(-52.,101.92912140703,-136.5296112024));
#2254 = VECTOR('',#2255,1.);
#2255 = DIRECTION('',(-0.,-0.706938040762,0.707275481354));
#2256 = PCURVE('',#126,#2257);
#2257 = DEFINITIONAL_REPRESENTATION('',(#2258),#2262);
#2258 = LINE('',#2259,#2260);
#2259 = CARTESIAN_POINT('',(29.029601288437,56.248683402698));
#2260 = VECTOR('',#2261,1.);
#2261 = DIRECTION('',(-0.707275481354,0.706938040762));
#2262 = ( GEOMETRIC_REPRESENTATION_CONTEXT(2) 
PARAMETRIC_REPRESENTATION_CONTEXT() REPRESENTATION_CONTEXT('2D SPACE',''
  ) );
#2263 = PCURVE('',#2264,#2269);
#2264 = PLANE('',#2265);
#2265 = AXIS2_PLACEMENT_3D('',#2266,#2267,#2268);
#2266 = CARTESIAN_POINT('',(-51.,88.333,-122.927));
#2267 = DIRECTION('',(-0.,0.707275481354,0.706938040762));
#2268 = DIRECTION('',(0.,-0.706938040762,0.707275481354));
#2269 = DEFINITIONAL_REPRESENTATION('',(#2270),#2274);
#2270 = LINE('',#2271,#2272);
#2271 = CARTESIAN_POINT('',(-19.23240881533,-1.));
#2272 = VECTOR('',#2273,1.);
#2273 = DIRECTION('',(1.,-0.));
#2274 = ( GEOMETRIC_REPRESENTATION_CONTEXT(2) 
PARAMETRIC_REPRESENTATION_CONTEXT() REPRESENTATION_CONTEXT('2D SPACE',''
  ) );
#2275 = ORIENTED_EDGE('',*,*,#2276,.T.);
#2276 = EDGE_CURVE('',#2249,#2277,#2279,.T.);
#2277 = VERTEX_POINT('',#2278);
#2278 = CARTESIAN_POINT('',(-52.,86.633,-120.5));
#2279 = SURFACE_CURVE('',#2280,(#2284,#2291),.PCURVE_S1.);
#2280 = LINE('',#2281,#2282);
#2281 = CARTESIAN_POINT('',(-52.,95.352936736105,-132.9489920344));
#2282 = VECTOR('',#2283,1.);
#2283 = DIRECTION('',(-0.,-0.573711462182,0.819057481598));
#2284 = PCURVE('',#126,#2285);
#2285 = DEFINITIONAL_REPRESENTATION('',(#2286),#2290);
#2286 = LINE('',#2287,#2288);
#2287 = CARTESIAN_POINT('',(25.448982120408,62.824868073628));
#2288 = VECTOR('',#2289,1.);
#2289 = DIRECTION('',(-0.819057481598,0.573711462182));
#2290 = ( GEOMETRIC_REPRESENTATION_CONTEXT(2) 
PARAMETRIC_REPRESENTATION_CONTEXT() REPRESENTATION_CONTEXT('2D SPACE',''
  ) );
#2291 = PCURVE('',#2292,#2297);
#2292 = PLANE('',#2293);
#2293 = AXIS2_PLACEMENT_3D('',#2294,#2295,#2296);
#2294 = CARTESIAN_POINT('',(-51.,86.633,-120.5));
#2295 = DIRECTION('',(-0.,0.819057481598,0.573711462182));
#2296 = DIRECTION('',(0.,-0.573711462182,0.819057481598));
#2297 = DEFINITIONAL_REPRESENTATION('',(#2298),#2302);
#2298 = LINE('',#2299,#2300);
#2299 = CARTESIAN_POINT('',(-15.19916771915,-1.));
#2300 = VECTOR('',#2301,1.);
#2301 = DIRECTION('',(1.,-0.));
#2302 = ( GEOMETRIC_REPRESENTATION_CONTEXT(2) 
PARAMETRIC_REPRESENTATION_CONTEXT() REPRESENTATION_CONTEXT('2D SPACE',''
  ) );
#2303 = ORIENTED_EDGE('',*,*,#2304,.T.);
#2304 = EDGE_CURVE('',#2277,#1267,#2305,.T.);
#2305 = SURFACE_CURVE('',#2306,(#2310,#2317),.PCURVE_S1.);
#2306 = LINE('',#2307,#2308);
#2307 = CARTESIAN_POINT('',(-52.,89.902962529353,-127.5152710493));
#2308 = VECTOR('',#2309,1.);
#2309 = DIRECTION('',(-0.,-0.422479012987,0.906372706775));
#2310 = PCURVE('',#126,#2311);
#2311 = DEFINITIONAL_REPRESENTATION('',(#2312),#2316);
#2312 = LINE('',#2313,#2314);
#2313 = CARTESIAN_POINT('',(20.015261135374,68.274842280381));
#2314 = VECTOR('',#2315,1.);
#2315 = DIRECTION('',(-0.906372706775,0.422479012987));
#2316 = ( GEOMETRIC_REPRESENTATION_CONTEXT(2) 
PARAMETRIC_REPRESENTATION_CONTEXT() REPRESENTATION_CONTEXT('2D SPACE',''
  ) );
#2317 = PCURVE('',#2318,#2323);
#2318 = PLANE('',#2319);
#2319 = AXIS2_PLACEMENT_3D('',#2320,#2321,#2322);
#2320 = CARTESIAN_POINT('',(-51.,85.381,-117.814));
#2321 = DIRECTION('',(-0.,0.906372706775,0.422479012987));
#2322 = DIRECTION('',(0.,-0.422479012987,0.906372706775));
#2323 = DEFINITIONAL_REPRESENTATION('',(#2324),#2328);
#2324 = LINE('',#2325,#2326);
#2325 = CARTESIAN_POINT('',(-10.70340156635,-1.));
#2326 = VECTOR('',#2327,1.);
#2327 = DIRECTION('',(1.,-0.));
#2328 = ( GEOMETRIC_REPRESENTATION_CONTEXT(2) 
PARAMETRIC_REPRESENTATION_CONTEXT() REPRESENTATION_CONTEXT('2D SPACE',''
  ) );
#2329 = ADVANCED_FACE('',(#2330),#72,.T.);
#2330 = FACE_BOUND('',#2331,.F.);
#2331 = EDGE_LOOP('',(#2332,#2333,#2334,#2357,#2380,#2403,#2426,#2449,
    #2472,#2495,#2518,#2541,#2564,#2587,#2610,#2633,#2656,#2679,#2702,
    #2725,#2748,#2771,#2794,#2817,#2840,#2863,#2886,#2909,#2932,#2955,
    #2978,#3001,#3024,#3047,#3070,#3093,#3116,#3137));
#2332 = ORIENTED_EDGE('',*,*,#56,.T.);
#2333 = ORIENTED_EDGE('',*,*,#218,.T.);
#2334 = ORIENTED_EDGE('',*,*,#2335,.T.);
#2335 = EDGE_CURVE('',#219,#2336,#2338,.T.);
#2336 = VERTEX_POINT('',#2337);
#2337 = CARTESIAN_POINT('',(-78.,84.901,-121.5));
#2338 = SURFACE_CURVE('',#2339,(#2343,#2350),.PCURVE_S1.);
#2339 = LINE('',#2340,#2341);
#2340 = CARTESIAN_POINT('',(-78.,83.502,-118.498));
#2341 = VECTOR('',#2342,1.);
#2342 = DIRECTION('',(-0.,0.422406057948,-0.906406709049));
#2343 = PCURVE('',#72,#2344);
#2344 = DEFINITIONAL_REPRESENTATION('',(#2345),#2349);
#2345 = LINE('',#2346,#2347);
#2346 = CARTESIAN_POINT('',(10.99799008598,74.675804809734));
#2347 = VECTOR('',#2348,1.);
#2348 = DIRECTION('',(0.906406709049,-0.422406057948));
#2349 = ( GEOMETRIC_REPRESENTATION_CONTEXT(2) 
PARAMETRIC_REPRESENTATION_CONTEXT() REPRESENTATION_CONTEXT('2D SPACE',''
  ) );
#2350 = PCURVE('',#257,#2351);
#2351 = DEFINITIONAL_REPRESENTATION('',(#2352),#2356);
#2352 = LINE('',#2353,#2354);
#2353 = CARTESIAN_POINT('',(-0.,-26.));
#2354 = VECTOR('',#2355,1.);
#2355 = DIRECTION('',(-1.,0.));
#2356 = ( GEOMETRIC_REPRESENTATION_CONTEXT(2) 
PARAMETRIC_REPRESENTATION_CONTEXT() REPRESENTATION_CONTEXT('2D SPACE',''
  ) );
#2357 = ORIENTED_EDGE('',*,*,#2358,.T.);
#2358 = EDGE_CURVE('',#2336,#2359,#2361,.T.);
#2359 = VERTEX_POINT('',#2360);
#2360 = CARTESIAN_POINT('',(-78.,86.801,-124.213));
#2361 = SURFACE_CURVE('',#2362,(#2366,#2373),.PCURVE_S1.);
#2362 = LINE('',#2363,#2364);
#2363 = CARTESIAN_POINT('',(-78.,84.901,-121.5));
#2364 = VECTOR('',#2365,1.);
#2365 = DIRECTION('',(-0.,0.57364469689,-0.819104243506));
#2366 = PCURVE('',#72,#2367);
#2367 = DEFINITIONAL_REPRESENTATION('',(#2368),#2372);
#2368 = LINE('',#2369,#2370);
#2369 = CARTESIAN_POINT('',(13.99999008598,73.276804809734));
#2370 = VECTOR('',#2371,1.);
#2371 = DIRECTION('',(0.819104243506,-0.57364469689));
#2372 = ( GEOMETRIC_REPRESENTATION_CONTEXT(2) 
PARAMETRIC_REPRESENTATION_CONTEXT() REPRESENTATION_CONTEXT('2D SPACE',''
  ) );
#2373 = PCURVE('',#334,#2374);
#2374 = DEFINITIONAL_REPRESENTATION('',(#2375),#2379);
#2375 = LINE('',#2376,#2377);
#2376 = CARTESIAN_POINT('',(-0.,-26.));
#2377 = VECTOR('',#2378,1.);
#2378 = DIRECTION('',(-1.,0.));
#2379 = ( GEOMETRIC_REPRESENTATION_CONTEXT(2) 
PARAMETRIC_REPRESENTATION_CONTEXT() REPRESENTATION_CONTEXT('2D SPACE',''
  ) );
#2380 = ORIENTED_EDGE('',*,*,#2381,.T.);
#2381 = EDGE_CURVE('',#2359,#2382,#2384,.T.);
#2382 = VERTEX_POINT('',#2383);
#2383 = CARTESIAN_POINT('',(-78.,89.143,-126.555));
#2384 = SURFACE_CURVE('',#2385,(#2389,#2396),.PCURVE_S1.);
#2385 = LINE('',#2386,#2387);
#2386 = CARTESIAN_POINT('',(-78.,86.801,-124.213));
#2387 = VECTOR('',#2388,1.);
#2388 = DIRECTION('',(-0.,0.707106781187,-0.707106781187));
#2389 = PCURVE('',#72,#2390);
#2390 = DEFINITIONAL_REPRESENTATION('',(#2391),#2395);
#2391 = LINE('',#2392,#2393);
#2392 = CARTESIAN_POINT('',(16.71299008598,71.376804809734));
#2393 = VECTOR('',#2394,1.);
#2394 = DIRECTION('',(0.707106781187,-0.707106781187));
#2395 = ( GEOMETRIC_REPRESENTATION_CONTEXT(2) 
PARAMETRIC_REPRESENTATION_CONTEXT() REPRESENTATION_CONTEXT('2D SPACE',''
  ) );
#2396 = PCURVE('',#362,#2397);
#2397 = DEFINITIONAL_REPRESENTATION('',(#2398),#2402);
#2398 = LINE('',#2399,#2400);
#2399 = CARTESIAN_POINT('',(-0.,-26.));
#2400 = VECTOR('',#2401,1.);
#2401 = DIRECTION('',(-1.,0.));
#2402 = ( GEOMETRIC_REPRESENTATION_CONTEXT(2) 
PARAMETRIC_REPRESENTATION_CONTEXT() REPRESENTATION_CONTEXT('2D SPACE',''
  ) );
#2403 = ORIENTED_EDGE('',*,*,#2404,.T.);
#2404 = EDGE_CURVE('',#2382,#2405,#2407,.T.);
#2405 = VERTEX_POINT('',#2406);
#2406 = CARTESIAN_POINT('',(-78.,91.856,-128.454));
#2407 = SURFACE_CURVE('',#2408,(#2412,#2419),.PCURVE_S1.);
#2408 = LINE('',#2409,#2410);
#2409 = CARTESIAN_POINT('',(-78.,89.143,-126.555));
#2410 = VECTOR('',#2411,1.);
#2411 = DIRECTION('',(-0.,0.819246106804,-0.573442077708));
#2412 = PCURVE('',#72,#2413);
#2413 = DEFINITIONAL_REPRESENTATION('',(#2414),#2418);
#2414 = LINE('',#2415,#2416);
#2415 = CARTESIAN_POINT('',(19.05499008598,69.034804809734));
#2416 = VECTOR('',#2417,1.);
#2417 = DIRECTION('',(0.573442077708,-0.819246106804));
#2418 = ( GEOMETRIC_REPRESENTATION_CONTEXT(2) 
PARAMETRIC_REPRESENTATION_CONTEXT() REPRESENTATION_CONTEXT('2D SPACE',''
  ) );
#2419 = PCURVE('',#390,#2420);
#2420 = DEFINITIONAL_REPRESENTATION('',(#2421),#2425);
#2421 = LINE('',#2422,#2423);
#2422 = CARTESIAN_POINT('',(-0.,-26.));
#2423 = VECTOR('',#2424,1.);
#2424 = DIRECTION('',(-1.,0.));
#2425 = ( GEOMETRIC_REPRESENTATION_CONTEXT(2) 
PARAMETRIC_REPRESENTATION_CONTEXT() REPRESENTATION_CONTEXT('2D SPACE',''
  ) );
#2426 = ORIENTED_EDGE('',*,*,#2427,.T.);
#2427 = EDGE_CURVE('',#2405,#2428,#2430,.T.);
#2428 = VERTEX_POINT('',#2429);
#2429 = CARTESIAN_POINT('',(-78.,94.857,-129.854));
#2430 = SURFACE_CURVE('',#2431,(#2435,#2442),.PCURVE_S1.);
#2431 = LINE('',#2432,#2433);
#2432 = CARTESIAN_POINT('',(-78.,91.856,-128.454));
#2433 = VECTOR('',#2434,1.);
#2434 = DIRECTION('',(-0.,0.90623713604,-0.422769740239));
#2435 = PCURVE('',#72,#2436);
#2436 = DEFINITIONAL_REPRESENTATION('',(#2437),#2441);
#2437 = LINE('',#2438,#2439);
#2438 = CARTESIAN_POINT('',(20.95399008598,66.321804809734));
#2439 = VECTOR('',#2440,1.);
#2440 = DIRECTION('',(0.422769740239,-0.90623713604));
#2441 = ( GEOMETRIC_REPRESENTATION_CONTEXT(2) 
PARAMETRIC_REPRESENTATION_CONTEXT() REPRESENTATION_CONTEXT('2D SPACE',''
  ) );
#2442 = PCURVE('',#418,#2443);
#2443 = DEFINITIONAL_REPRESENTATION('',(#2444),#2448);
#2444 = LINE('',#2445,#2446);
#2445 = CARTESIAN_POINT('',(-0.,-26.));
#2446 = VECTOR('',#2447,1.);
#2447 = DIRECTION('',(-1.,0.));
#2448 = ( GEOMETRIC_REPRESENTATION_CONTEXT(2) 
PARAMETRIC_REPRESENTATION_CONTEXT() REPRESENTATION_CONTEXT('2D SPACE',''
  ) );
#2449 = ORIENTED_EDGE('',*,*,#2450,.T.);
#2450 = EDGE_CURVE('',#2428,#2451,#2453,.T.);
#2451 = VERTEX_POINT('',#2452);
#2452 = CARTESIAN_POINT('',(-78.,98.057,-130.711));
#2453 = SURFACE_CURVE('',#2454,(#2458,#2465),.PCURVE_S1.);
#2454 = LINE('',#2455,#2456);
#2455 = CARTESIAN_POINT('',(-78.,94.857,-129.854));
#2456 = VECTOR('',#2457,1.);
#2457 = DIRECTION('',(-0.,0.965958828248,-0.25869584869));
#2458 = PCURVE('',#72,#2459);
#2459 = DEFINITIONAL_REPRESENTATION('',(#2460),#2464);
#2460 = LINE('',#2461,#2462);
#2461 = CARTESIAN_POINT('',(22.35399008598,63.320804809734));
#2462 = VECTOR('',#2463,1.);
#2463 = DIRECTION('',(0.25869584869,-0.965958828248));
#2464 = ( GEOMETRIC_REPRESENTATION_CONTEXT(2) 
PARAMETRIC_REPRESENTATION_CONTEXT() REPRESENTATION_CONTEXT('2D SPACE',''
  ) );
#2465 = PCURVE('',#446,#2466);
#2466 = DEFINITIONAL_REPRESENTATION('',(#2467),#2471);
#2467 = LINE('',#2468,#2469);
#2468 = CARTESIAN_POINT('',(-0.,-26.));
#2469 = VECTOR('',#2470,1.);
#2470 = DIRECTION('',(-1.,0.));
#2471 = ( GEOMETRIC_REPRESENTATION_CONTEXT(2) 
PARAMETRIC_REPRESENTATION_CONTEXT() REPRESENTATION_CONTEXT('2D SPACE',''
  ) );
#2472 = ORIENTED_EDGE('',*,*,#2473,.T.);
#2473 = EDGE_CURVE('',#2451,#2474,#2476,.T.);
#2474 = VERTEX_POINT('',#2475);
#2475 = CARTESIAN_POINT('',(-78.,101.356,-131.));
#2476 = SURFACE_CURVE('',#2477,(#2481,#2488),.PCURVE_S1.);
#2477 = LINE('',#2478,#2479);
#2478 = CARTESIAN_POINT('',(-78.,98.057,-130.711));
#2479 = VECTOR('',#2480,1.);
#2480 = DIRECTION('',(-0.,0.996184862693,-8.726808891123E-02));
#2481 = PCURVE('',#72,#2482);
#2482 = DEFINITIONAL_REPRESENTATION('',(#2483),#2487);
#2483 = LINE('',#2484,#2485);
#2484 = CARTESIAN_POINT('',(23.21099008598,60.120804809734));
#2485 = VECTOR('',#2486,1.);
#2486 = DIRECTION('',(8.726808891123E-02,-0.996184862693));
#2487 = ( GEOMETRIC_REPRESENTATION_CONTEXT(2) 
PARAMETRIC_REPRESENTATION_CONTEXT() REPRESENTATION_CONTEXT('2D SPACE',''
  ) );
#2488 = PCURVE('',#474,#2489);
#2489 = DEFINITIONAL_REPRESENTATION('',(#2490),#2494);
#2490 = LINE('',#2491,#2492);
#2491 = CARTESIAN_POINT('',(-0.,-26.));
#2492 = VECTOR('',#2493,1.);
#2493 = DIRECTION('',(-1.,0.));
#2494 = ( GEOMETRIC_REPRESENTATION_CONTEXT(2) 
PARAMETRIC_REPRESENTATION_CONTEXT() REPRESENTATION_CONTEXT('2D SPACE',''
  ) );
#2495 = ORIENTED_EDGE('',*,*,#2496,.T.);
#2496 = EDGE_CURVE('',#2474,#2497,#2499,.T.);
#2497 = VERTEX_POINT('',#2498);
#2498 = CARTESIAN_POINT('',(-78.,215.,-122.));
#2499 = SURFACE_CURVE('',#2500,(#2504,#2511),.PCURVE_S1.);
#2500 = LINE('',#2501,#2502);
#2501 = CARTESIAN_POINT('',(-78.,101.356,-131.));
#2502 = VECTOR('',#2503,1.);
#2503 = DIRECTION('',(-0.,0.996878775594,7.894749375546E-02));
#2504 = PCURVE('',#72,#2505);
#2505 = DEFINITIONAL_REPRESENTATION('',(#2506),#2510);
#2506 = LINE('',#2507,#2508);
#2507 = CARTESIAN_POINT('',(23.49999008598,56.821804809734));
#2508 = VECTOR('',#2509,1.);
#2509 = DIRECTION('',(-7.894749375546E-02,-0.996878775594));
#2510 = ( GEOMETRIC_REPRESENTATION_CONTEXT(2) 
PARAMETRIC_REPRESENTATION_CONTEXT() REPRESENTATION_CONTEXT('2D SPACE',''
  ) );
#2511 = PCURVE('',#502,#2512);
#2512 = DEFINITIONAL_REPRESENTATION('',(#2513),#2517);
#2513 = LINE('',#2514,#2515);
#2514 = CARTESIAN_POINT('',(-0.,-26.));
#2515 = VECTOR('',#2516,1.);
#2516 = DIRECTION('',(-1.,0.));
#2517 = ( GEOMETRIC_REPRESENTATION_CONTEXT(2) 
PARAMETRIC_REPRESENTATION_CONTEXT() REPRESENTATION_CONTEXT('2D SPACE',''
  ) );
#2518 = ORIENTED_EDGE('',*,*,#2519,.T.);
#2519 = EDGE_CURVE('',#2497,#2520,#2522,.T.);
#2520 = VERTEX_POINT('',#2521);
#2521 = CARTESIAN_POINT('',(-78.,218.299,-121.711));
#2522 = SURFACE_CURVE('',#2523,(#2527,#2534),.PCURVE_S1.);
#2523 = LINE('',#2524,#2525);
#2524 = CARTESIAN_POINT('',(-78.,215.,-122.));
#2525 = VECTOR('',#2526,1.);
#2526 = DIRECTION('',(-0.,0.996184862693,8.726808891123E-02));
#2527 = PCURVE('',#72,#2528);
#2528 = DEFINITIONAL_REPRESENTATION('',(#2529),#2533);
#2529 = LINE('',#2530,#2531);
#2530 = CARTESIAN_POINT('',(14.49999008598,-56.82219519026));
#2531 = VECTOR('',#2532,1.);
#2532 = DIRECTION('',(-8.726808891123E-02,-0.996184862693));
#2533 = ( GEOMETRIC_REPRESENTATION_CONTEXT(2) 
PARAMETRIC_REPRESENTATION_CONTEXT() REPRESENTATION_CONTEXT('2D SPACE',''
  ) );
#2534 = PCURVE('',#530,#2535);
#2535 = DEFINITIONAL_REPRESENTATION('',(#2536),#2540);
#2536 = LINE('',#2537,#2538);
#2537 = CARTESIAN_POINT('',(-0.,-26.));
#2538 = VECTOR('',#2539,1.);
#2539 = DIRECTION('',(-1.,0.));
#2540 = ( GEOMETRIC_REPRESENTATION_CONTEXT(2) 
PARAMETRIC_REPRESENTATION_CONTEXT() REPRESENTATION_CONTEXT('2D SPACE',''
  ) );
#2541 = ORIENTED_EDGE('',*,*,#2542,.T.);
#2542 = EDGE_CURVE('',#2520,#2543,#2545,.T.);
#2543 = VERTEX_POINT('',#2544);
#2544 = CARTESIAN_POINT('',(-78.,221.498,-120.854));
#2545 = SURFACE_CURVE('',#2546,(#2550,#2557),.PCURVE_S1.);
#2546 = LINE('',#2547,#2548);
#2547 = CARTESIAN_POINT('',(-78.,218.299,-121.711));
#2548 = VECTOR('',#2549,1.);
#2549 = DIRECTION('',(-0.,0.965938617726,0.258771302092));
#2550 = PCURVE('',#72,#2551);
#2551 = DEFINITIONAL_REPRESENTATION('',(#2552),#2556);
#2552 = LINE('',#2553,#2554);
#2553 = CARTESIAN_POINT('',(14.21099008598,-60.12119519026));
#2554 = VECTOR('',#2555,1.);
#2555 = DIRECTION('',(-0.258771302092,-0.965938617726));
#2556 = ( GEOMETRIC_REPRESENTATION_CONTEXT(2) 
PARAMETRIC_REPRESENTATION_CONTEXT() REPRESENTATION_CONTEXT('2D SPACE',''
  ) );
#2557 = PCURVE('',#558,#2558);
#2558 = DEFINITIONAL_REPRESENTATION('',(#2559),#2563);
#2559 = LINE('',#2560,#2561);
#2560 = CARTESIAN_POINT('',(-0.,-26.));
#2561 = VECTOR('',#2562,1.);
#2562 = DIRECTION('',(-1.,0.));
#2563 = ( GEOMETRIC_REPRESENTATION_CONTEXT(2) 
PARAMETRIC_REPRESENTATION_CONTEXT() REPRESENTATION_CONTEXT('2D SPACE',''
  ) );
#2564 = ORIENTED_EDGE('',*,*,#2565,.T.);
#2565 = EDGE_CURVE('',#2543,#2566,#2568,.T.);
#2566 = VERTEX_POINT('',#2567);
#2567 = CARTESIAN_POINT('',(-78.,224.5,-119.454));
#2568 = SURFACE_CURVE('',#2569,(#2573,#2580),.PCURVE_S1.);
#2569 = LINE('',#2570,#2571);
#2570 = CARTESIAN_POINT('',(-78.,221.498,-120.854));
#2571 = VECTOR('',#2572,1.);
#2572 = DIRECTION('',(-0.,0.906291087773,0.42265407158));
#2573 = PCURVE('',#72,#2574);
#2574 = DEFINITIONAL_REPRESENTATION('',(#2575),#2579);
#2575 = LINE('',#2576,#2577);
#2576 = CARTESIAN_POINT('',(13.35399008598,-63.32019519026));
#2577 = VECTOR('',#2578,1.);
#2578 = DIRECTION('',(-0.42265407158,-0.906291087773));
#2579 = ( GEOMETRIC_REPRESENTATION_CONTEXT(2) 
PARAMETRIC_REPRESENTATION_CONTEXT() REPRESENTATION_CONTEXT('2D SPACE',''
  ) );
#2580 = PCURVE('',#586,#2581);
#2581 = DEFINITIONAL_REPRESENTATION('',(#2582),#2586);
#2582 = LINE('',#2583,#2584);
#2583 = CARTESIAN_POINT('',(-0.,-26.));
#2584 = VECTOR('',#2585,1.);
#2585 = DIRECTION('',(-1.,0.));
#2586 = ( GEOMETRIC_REPRESENTATION_CONTEXT(2) 
PARAMETRIC_REPRESENTATION_CONTEXT() REPRESENTATION_CONTEXT('2D SPACE',''
  ) );
#2587 = ORIENTED_EDGE('',*,*,#2588,.T.);
#2588 = EDGE_CURVE('',#2566,#2589,#2591,.T.);
#2589 = VERTEX_POINT('',#2590);
#2590 = CARTESIAN_POINT('',(-78.,227.213,-117.555));
#2591 = SURFACE_CURVE('',#2592,(#2596,#2603),.PCURVE_S1.);
#2592 = LINE('',#2593,#2594);
#2593 = CARTESIAN_POINT('',(-78.,224.5,-119.454));
#2594 = VECTOR('',#2595,1.);
#2595 = DIRECTION('',(-0.,0.819246106804,0.573442077708));
#2596 = PCURVE('',#72,#2597);
#2597 = DEFINITIONAL_REPRESENTATION('',(#2598),#2602);
#2598 = LINE('',#2599,#2600);
#2599 = CARTESIAN_POINT('',(11.95399008598,-66.32219519026));
#2600 = VECTOR('',#2601,1.);
#2601 = DIRECTION('',(-0.573442077708,-0.819246106804));
#2602 = ( GEOMETRIC_REPRESENTATION_CONTEXT(2) 
PARAMETRIC_REPRESENTATION_CONTEXT() REPRESENTATION_CONTEXT('2D SPACE',''
  ) );
#2603 = PCURVE('',#614,#2604);
#2604 = DEFINITIONAL_REPRESENTATION('',(#2605),#2609);
#2605 = LINE('',#2606,#2607);
#2606 = CARTESIAN_POINT('',(-0.,-26.));
#2607 = VECTOR('',#2608,1.);
#2608 = DIRECTION('',(-1.,0.));
#2609 = ( GEOMETRIC_REPRESENTATION_CONTEXT(2) 
PARAMETRIC_REPRESENTATION_CONTEXT() REPRESENTATION_CONTEXT('2D SPACE',''
  ) );
#2610 = ORIENTED_EDGE('',*,*,#2611,.T.);
#2611 = EDGE_CURVE('',#2589,#2612,#2614,.T.);
#2612 = VERTEX_POINT('',#2613);
#2613 = CARTESIAN_POINT('',(-78.,229.555,-115.213));
#2614 = SURFACE_CURVE('',#2615,(#2619,#2626),.PCURVE_S1.);
#2615 = LINE('',#2616,#2617);
#2616 = CARTESIAN_POINT('',(-78.,227.213,-117.555));
#2617 = VECTOR('',#2618,1.);
#2618 = DIRECTION('',(-0.,0.707106781187,0.707106781187));
#2619 = PCURVE('',#72,#2620);
#2620 = DEFINITIONAL_REPRESENTATION('',(#2621),#2625);
#2621 = LINE('',#2622,#2623);
#2622 = CARTESIAN_POINT('',(10.05499008598,-69.03519519026));
#2623 = VECTOR('',#2624,1.);
#2624 = DIRECTION('',(-0.707106781187,-0.707106781187));
#2625 = ( GEOMETRIC_REPRESENTATION_CONTEXT(2) 
PARAMETRIC_REPRESENTATION_CONTEXT() REPRESENTATION_CONTEXT('2D SPACE',''
  ) );
#2626 = PCURVE('',#642,#2627);
#2627 = DEFINITIONAL_REPRESENTATION('',(#2628),#2632);
#2628 = LINE('',#2629,#2630);
#2629 = CARTESIAN_POINT('',(-0.,-26.));
#2630 = VECTOR('',#2631,1.);
#2631 = DIRECTION('',(-1.,0.));
#2632 = ( GEOMETRIC_REPRESENTATION_CONTEXT(2) 
PARAMETRIC_REPRESENTATION_CONTEXT() REPRESENTATION_CONTEXT('2D SPACE',''
  ) );
#2633 = ORIENTED_EDGE('',*,*,#2634,.T.);
#2634 = EDGE_CURVE('',#2612,#2635,#2637,.T.);
#2635 = VERTEX_POINT('',#2636);
#2636 = CARTESIAN_POINT('',(-78.,231.454,-112.5));
#2637 = SURFACE_CURVE('',#2638,(#2642,#2649),.PCURVE_S1.);
#2638 = LINE('',#2639,#2640);
#2639 = CARTESIAN_POINT('',(-78.,229.555,-115.213));
#2640 = VECTOR('',#2641,1.);
#2641 = DIRECTION('',(-0.,0.573442077708,0.819246106804));
#2642 = PCURVE('',#72,#2643);
#2643 = DEFINITIONAL_REPRESENTATION('',(#2644),#2648);
#2644 = LINE('',#2645,#2646);
#2645 = CARTESIAN_POINT('',(7.71299008598,-71.37719519026));
#2646 = VECTOR('',#2647,1.);
#2647 = DIRECTION('',(-0.819246106804,-0.573442077708));
#2648 = ( GEOMETRIC_REPRESENTATION_CONTEXT(2) 
PARAMETRIC_REPRESENTATION_CONTEXT() REPRESENTATION_CONTEXT('2D SPACE',''
  ) );
#2649 = PCURVE('',#670,#2650);
#2650 = DEFINITIONAL_REPRESENTATION('',(#2651),#2655);
#2651 = LINE('',#2652,#2653);
#2652 = CARTESIAN_POINT('',(-0.,-26.));
#2653 = VECTOR('',#2654,1.);
#2654 = DIRECTION('',(-1.,0.));
#2655 = ( GEOMETRIC_REPRESENTATION_CONTEXT(2) 
PARAMETRIC_REPRESENTATION_CONTEXT() REPRESENTATION_CONTEXT('2D SPACE',''
  ) );
#2656 = ORIENTED_EDGE('',*,*,#2657,.T.);
#2657 = EDGE_CURVE('',#2635,#2658,#2660,.T.);
#2658 = VERTEX_POINT('',#2659);
#2659 = CARTESIAN_POINT('',(-78.,232.854,-109.498));
#2660 = SURFACE_CURVE('',#2661,(#2665,#2672),.PCURVE_S1.);
#2661 = LINE('',#2662,#2663);
#2662 = CARTESIAN_POINT('',(-78.,231.454,-112.5));
#2663 = VECTOR('',#2664,1.);
#2664 = DIRECTION('',(-0.,0.42265407158,0.906291087773));
#2665 = PCURVE('',#72,#2666);
#2666 = DEFINITIONAL_REPRESENTATION('',(#2667),#2671);
#2667 = LINE('',#2668,#2669);
#2668 = CARTESIAN_POINT('',(4.99999008598,-73.27619519026));
#2669 = VECTOR('',#2670,1.);
#2670 = DIRECTION('',(-0.906291087773,-0.42265407158));
#2671 = ( GEOMETRIC_REPRESENTATION_CONTEXT(2) 
PARAMETRIC_REPRESENTATION_CONTEXT() REPRESENTATION_CONTEXT('2D SPACE',''
  ) );
#2672 = PCURVE('',#698,#2673);
#2673 = DEFINITIONAL_REPRESENTATION('',(#2674),#2678);
#2674 = LINE('',#2675,#2676);
#2675 = CARTESIAN_POINT('',(-0.,-26.));
#2676 = VECTOR('',#2677,1.);
#2677 = DIRECTION('',(-1.,0.));
#2678 = ( GEOMETRIC_REPRESENTATION_CONTEXT(2) 
PARAMETRIC_REPRESENTATION_CONTEXT() REPRESENTATION_CONTEXT('2D SPACE',''
  ) );
#2679 = ORIENTED_EDGE('',*,*,#2680,.T.);
#2680 = EDGE_CURVE('',#2658,#2681,#2683,.T.);
#2681 = VERTEX_POINT('',#2682);
#2682 = CARTESIAN_POINT('',(-78.,233.711,-106.299));
#2683 = SURFACE_CURVE('',#2684,(#2688,#2695),.PCURVE_S1.);
#2684 = LINE('',#2685,#2686);
#2685 = CARTESIAN_POINT('',(-78.,232.854,-109.498));
#2686 = VECTOR('',#2687,1.);
#2687 = DIRECTION('',(-0.,0.258771302092,0.965938617726));
#2688 = PCURVE('',#72,#2689);
#2689 = DEFINITIONAL_REPRESENTATION('',(#2690),#2694);
#2690 = LINE('',#2691,#2692);
#2691 = CARTESIAN_POINT('',(1.99799008598,-74.67619519026));
#2692 = VECTOR('',#2693,1.);
#2693 = DIRECTION('',(-0.965938617726,-0.258771302092));
#2694 = ( GEOMETRIC_REPRESENTATION_CONTEXT(2) 
PARAMETRIC_REPRESENTATION_CONTEXT() REPRESENTATION_CONTEXT('2D SPACE',''
  ) );
#2695 = PCURVE('',#726,#2696);
#2696 = DEFINITIONAL_REPRESENTATION('',(#2697),#2701);
#2697 = LINE('',#2698,#2699);
#2698 = CARTESIAN_POINT('',(-0.,-26.));
#2699 = VECTOR('',#2700,1.);
#2700 = DIRECTION('',(-1.,0.));
#2701 = ( GEOMETRIC_REPRESENTATION_CONTEXT(2) 
PARAMETRIC_REPRESENTATION_CONTEXT() REPRESENTATION_CONTEXT('2D SPACE',''
  ) );
#2702 = ORIENTED_EDGE('',*,*,#2703,.T.);
#2703 = EDGE_CURVE('',#2681,#2704,#2706,.T.);
#2704 = VERTEX_POINT('',#2705);
#2705 = CARTESIAN_POINT('',(-78.,234.,-103.));
#2706 = SURFACE_CURVE('',#2707,(#2711,#2718),.PCURVE_S1.);
#2707 = LINE('',#2708,#2709);
#2708 = CARTESIAN_POINT('',(-78.,233.711,-106.299));
#2709 = VECTOR('',#2710,1.);
#2710 = DIRECTION('',(-0.,8.726808891123E-02,0.996184862693));
#2711 = PCURVE('',#72,#2712);
#2712 = DEFINITIONAL_REPRESENTATION('',(#2713),#2717);
#2713 = LINE('',#2714,#2715);
#2714 = CARTESIAN_POINT('',(-1.20100991402,-75.53319519026));
#2715 = VECTOR('',#2716,1.);
#2716 = DIRECTION('',(-0.996184862693,-8.726808891123E-02));
#2717 = ( GEOMETRIC_REPRESENTATION_CONTEXT(2) 
PARAMETRIC_REPRESENTATION_CONTEXT() REPRESENTATION_CONTEXT('2D SPACE',''
  ) );
#2718 = PCURVE('',#754,#2719);
#2719 = DEFINITIONAL_REPRESENTATION('',(#2720),#2724);
#2720 = LINE('',#2721,#2722);
#2721 = CARTESIAN_POINT('',(-0.,-26.));
#2722 = VECTOR('',#2723,1.);
#2723 = DIRECTION('',(-1.,0.));
#2724 = ( GEOMETRIC_REPRESENTATION_CONTEXT(2) 
PARAMETRIC_REPRESENTATION_CONTEXT() REPRESENTATION_CONTEXT('2D SPACE',''
  ) );
#2725 = ORIENTED_EDGE('',*,*,#2726,.T.);
#2726 = EDGE_CURVE('',#2704,#2727,#2729,.T.);
#2727 = VERTEX_POINT('',#2728);
#2728 = CARTESIAN_POINT('',(-78.,233.711,-99.701));
#2729 = SURFACE_CURVE('',#2730,(#2734,#2741),.PCURVE_S1.);
#2730 = LINE('',#2731,#2732);
#2731 = CARTESIAN_POINT('',(-78.,234.,-103.));
#2732 = VECTOR('',#2733,1.);
#2733 = DIRECTION('',(-0.,-8.726808891123E-02,0.996184862693));
#2734 = PCURVE('',#72,#2735);
#2735 = DEFINITIONAL_REPRESENTATION('',(#2736),#2740);
#2736 = LINE('',#2737,#2738);
#2737 = CARTESIAN_POINT('',(-4.50000991402,-75.82219519026));
#2738 = VECTOR('',#2739,1.);
#2739 = DIRECTION('',(-0.996184862693,8.726808891123E-02));
#2740 = ( GEOMETRIC_REPRESENTATION_CONTEXT(2) 
PARAMETRIC_REPRESENTATION_CONTEXT() REPRESENTATION_CONTEXT('2D SPACE',''
  ) );
#2741 = PCURVE('',#782,#2742);
#2742 = DEFINITIONAL_REPRESENTATION('',(#2743),#2747);
#2743 = LINE('',#2744,#2745);
#2744 = CARTESIAN_POINT('',(-0.,-26.));
#2745 = VECTOR('',#2746,1.);
#2746 = DIRECTION('',(-1.,0.));
#2747 = ( GEOMETRIC_REPRESENTATION_CONTEXT(2) 
PARAMETRIC_REPRESENTATION_CONTEXT() REPRESENTATION_CONTEXT('2D SPACE',''
  ) );
#2748 = ORIENTED_EDGE('',*,*,#2749,.T.);
#2749 = EDGE_CURVE('',#2727,#2750,#2752,.T.);
#2750 = VERTEX_POINT('',#2751);
#2751 = CARTESIAN_POINT('',(-78.,232.854,-96.502));
#2752 = SURFACE_CURVE('',#2753,(#2757,#2764),.PCURVE_S1.);
#2753 = LINE('',#2754,#2755);
#2754 = CARTESIAN_POINT('',(-78.,233.711,-99.701));
#2755 = VECTOR('',#2756,1.);
#2756 = DIRECTION('',(-0.,-0.258771302092,0.965938617726));
#2757 = PCURVE('',#72,#2758);
#2758 = DEFINITIONAL_REPRESENTATION('',(#2759),#2763);
#2759 = LINE('',#2760,#2761);
#2760 = CARTESIAN_POINT('',(-7.79900991402,-75.53319519026));
#2761 = VECTOR('',#2762,1.);
#2762 = DIRECTION('',(-0.965938617726,0.258771302092));
#2763 = ( GEOMETRIC_REPRESENTATION_CONTEXT(2) 
PARAMETRIC_REPRESENTATION_CONTEXT() REPRESENTATION_CONTEXT('2D SPACE',''
  ) );
#2764 = PCURVE('',#810,#2765);
#2765 = DEFINITIONAL_REPRESENTATION('',(#2766),#2770);
#2766 = LINE('',#2767,#2768);
#2767 = CARTESIAN_POINT('',(-0.,-26.));
#2768 = VECTOR('',#2769,1.);
#2769 = DIRECTION('',(-1.,0.));
#2770 = ( GEOMETRIC_REPRESENTATION_CONTEXT(2) 
PARAMETRIC_REPRESENTATION_CONTEXT() REPRESENTATION_CONTEXT('2D SPACE',''
  ) );
#2771 = ORIENTED_EDGE('',*,*,#2772,.T.);
#2772 = EDGE_CURVE('',#2750,#2773,#2775,.T.);
#2773 = VERTEX_POINT('',#2774);
#2774 = CARTESIAN_POINT('',(-78.,231.454,-93.5));
#2775 = SURFACE_CURVE('',#2776,(#2780,#2787),.PCURVE_S1.);
#2776 = LINE('',#2777,#2778);
#2777 = CARTESIAN_POINT('',(-78.,232.854,-96.502));
#2778 = VECTOR('',#2779,1.);
#2779 = DIRECTION('',(-0.,-0.42265407158,0.906291087773));
#2780 = PCURVE('',#72,#2781);
#2781 = DEFINITIONAL_REPRESENTATION('',(#2782),#2786);
#2782 = LINE('',#2783,#2784);
#2783 = CARTESIAN_POINT('',(-10.99800991402,-74.67619519026));
#2784 = VECTOR('',#2785,1.);
#2785 = DIRECTION('',(-0.906291087773,0.42265407158));
#2786 = ( GEOMETRIC_REPRESENTATION_CONTEXT(2) 
PARAMETRIC_REPRESENTATION_CONTEXT() REPRESENTATION_CONTEXT('2D SPACE',''
  ) );
#2787 = PCURVE('',#838,#2788);
#2788 = DEFINITIONAL_REPRESENTATION('',(#2789),#2793);
#2789 = LINE('',#2790,#2791);
#2790 = CARTESIAN_POINT('',(-0.,-26.));
#2791 = VECTOR('',#2792,1.);
#2792 = DIRECTION('',(-1.,0.));
#2793 = ( GEOMETRIC_REPRESENTATION_CONTEXT(2) 
PARAMETRIC_REPRESENTATION_CONTEXT() REPRESENTATION_CONTEXT('2D SPACE',''
  ) );
#2794 = ORIENTED_EDGE('',*,*,#2795,.T.);
#2795 = EDGE_CURVE('',#2773,#2796,#2798,.T.);
#2796 = VERTEX_POINT('',#2797);
#2797 = CARTESIAN_POINT('',(-78.,229.555,-90.787));
#2798 = SURFACE_CURVE('',#2799,(#2803,#2810),.PCURVE_S1.);
#2799 = LINE('',#2800,#2801);
#2800 = CARTESIAN_POINT('',(-78.,231.454,-93.5));
#2801 = VECTOR('',#2802,1.);
#2802 = DIRECTION('',(-0.,-0.573442077708,0.819246106804));
#2803 = PCURVE('',#72,#2804);
#2804 = DEFINITIONAL_REPRESENTATION('',(#2805),#2809);
#2805 = LINE('',#2806,#2807);
#2806 = CARTESIAN_POINT('',(-14.00000991402,-73.27619519026));
#2807 = VECTOR('',#2808,1.);
#2808 = DIRECTION('',(-0.819246106804,0.573442077708));
#2809 = ( GEOMETRIC_REPRESENTATION_CONTEXT(2) 
PARAMETRIC_REPRESENTATION_CONTEXT() REPRESENTATION_CONTEXT('2D SPACE',''
  ) );
#2810 = PCURVE('',#866,#2811);
#2811 = DEFINITIONAL_REPRESENTATION('',(#2812),#2816);
#2812 = LINE('',#2813,#2814);
#2813 = CARTESIAN_POINT('',(-0.,-26.));
#2814 = VECTOR('',#2815,1.);
#2815 = DIRECTION('',(-1.,0.));
#2816 = ( GEOMETRIC_REPRESENTATION_CONTEXT(2) 
PARAMETRIC_REPRESENTATION_CONTEXT() REPRESENTATION_CONTEXT('2D SPACE',''
  ) );
#2817 = ORIENTED_EDGE('',*,*,#2818,.T.);
#2818 = EDGE_CURVE('',#2796,#2819,#2821,.T.);
#2819 = VERTEX_POINT('',#2820);
#2820 = CARTESIAN_POINT('',(-78.,227.213,-88.445));
#2821 = SURFACE_CURVE('',#2822,(#2826,#2833),.PCURVE_S1.);
#2822 = LINE('',#2823,#2824);
#2823 = CARTESIAN_POINT('',(-78.,229.555,-90.787));
#2824 = VECTOR('',#2825,1.);
#2825 = DIRECTION('',(-0.,-0.707106781187,0.707106781187));
#2826 = PCURVE('',#72,#2827);
#2827 = DEFINITIONAL_REPRESENTATION('',(#2828),#2832);
#2828 = LINE('',#2829,#2830);
#2829 = CARTESIAN_POINT('',(-16.71300991402,-71.37719519026));
#2830 = VECTOR('',#2831,1.);
#2831 = DIRECTION('',(-0.707106781187,0.707106781187));
#2832 = ( GEOMETRIC_REPRESENTATION_CONTEXT(2) 
PARAMETRIC_REPRESENTATION_CONTEXT() REPRESENTATION_CONTEXT('2D SPACE',''
  ) );
#2833 = PCURVE('',#894,#2834);
#2834 = DEFINITIONAL_REPRESENTATION('',(#2835),#2839);
#2835 = LINE('',#2836,#2837);
#2836 = CARTESIAN_POINT('',(-0.,-26.));
#2837 = VECTOR('',#2838,1.);
#2838 = DIRECTION('',(-1.,0.));
#2839 = ( GEOMETRIC_REPRESENTATION_CONTEXT(2) 
PARAMETRIC_REPRESENTATION_CONTEXT() REPRESENTATION_CONTEXT('2D SPACE',''
  ) );
#2840 = ORIENTED_EDGE('',*,*,#2841,.T.);
#2841 = EDGE_CURVE('',#2819,#2842,#2844,.T.);
#2842 = VERTEX_POINT('',#2843);
#2843 = CARTESIAN_POINT('',(-78.,224.5,-86.546));
#2844 = SURFACE_CURVE('',#2845,(#2849,#2856),.PCURVE_S1.);
#2845 = LINE('',#2846,#2847);
#2846 = CARTESIAN_POINT('',(-78.,227.213,-88.445));
#2847 = VECTOR('',#2848,1.);
#2848 = DIRECTION('',(-0.,-0.819246106804,0.573442077708));
#2849 = PCURVE('',#72,#2850);
#2850 = DEFINITIONAL_REPRESENTATION('',(#2851),#2855);
#2851 = LINE('',#2852,#2853);
#2852 = CARTESIAN_POINT('',(-19.05500991402,-69.03519519026));
#2853 = VECTOR('',#2854,1.);
#2854 = DIRECTION('',(-0.573442077708,0.819246106804));
#2855 = ( GEOMETRIC_REPRESENTATION_CONTEXT(2) 
PARAMETRIC_REPRESENTATION_CONTEXT() REPRESENTATION_CONTEXT('2D SPACE',''
  ) );
#2856 = PCURVE('',#922,#2857);
#2857 = DEFINITIONAL_REPRESENTATION('',(#2858),#2862);
#2858 = LINE('',#2859,#2860);
#2859 = CARTESIAN_POINT('',(-0.,-26.));
#2860 = VECTOR('',#2861,1.);
#2861 = DIRECTION('',(-1.,0.));
#2862 = ( GEOMETRIC_REPRESENTATION_CONTEXT(2) 
PARAMETRIC_REPRESENTATION_CONTEXT() REPRESENTATION_CONTEXT('2D SPACE',''
  ) );
#2863 = ORIENTED_EDGE('',*,*,#2864,.T.);
#2864 = EDGE_CURVE('',#2842,#2865,#2867,.T.);
#2865 = VERTEX_POINT('',#2866);
#2866 = CARTESIAN_POINT('',(-78.,221.498,-85.146));
#2867 = SURFACE_CURVE('',#2868,(#2872,#2879),.PCURVE_S1.);
#2868 = LINE('',#2869,#2870);
#2869 = CARTESIAN_POINT('',(-78.,224.5,-86.546));
#2870 = VECTOR('',#2871,1.);
#2871 = DIRECTION('',(-0.,-0.906291087773,0.42265407158));
#2872 = PCURVE('',#72,#2873);
#2873 = DEFINITIONAL_REPRESENTATION('',(#2874),#2878);
#2874 = LINE('',#2875,#2876);
#2875 = CARTESIAN_POINT('',(-20.95400991402,-66.32219519026));
#2876 = VECTOR('',#2877,1.);
#2877 = DIRECTION('',(-0.42265407158,0.906291087773));
#2878 = ( GEOMETRIC_REPRESENTATION_CONTEXT(2) 
PARAMETRIC_REPRESENTATION_CONTEXT() REPRESENTATION_CONTEXT('2D SPACE',''
  ) );
#2879 = PCURVE('',#950,#2880);
#2880 = DEFINITIONAL_REPRESENTATION('',(#2881),#2885);
#2881 = LINE('',#2882,#2883);
#2882 = CARTESIAN_POINT('',(-0.,-26.));
#2883 = VECTOR('',#2884,1.);
#2884 = DIRECTION('',(-1.,0.));
#2885 = ( GEOMETRIC_REPRESENTATION_CONTEXT(2) 
PARAMETRIC_REPRESENTATION_CONTEXT() REPRESENTATION_CONTEXT('2D SPACE',''
  ) );
#2886 = ORIENTED_EDGE('',*,*,#2887,.T.);
#2887 = EDGE_CURVE('',#2865,#2888,#2890,.T.);
#2888 = VERTEX_POINT('',#2889);
#2889 = CARTESIAN_POINT('',(-78.,218.299,-84.289));
#2890 = SURFACE_CURVE('',#2891,(#2895,#2902),.PCURVE_S1.);
#2891 = LINE('',#2892,#2893);
#2892 = CARTESIAN_POINT('',(-78.,221.498,-85.146));
#2893 = VECTOR('',#2894,1.);
#2894 = DIRECTION('',(-0.,-0.965938617726,0.258771302092));
#2895 = PCURVE('',#72,#2896);
#2896 = DEFINITIONAL_REPRESENTATION('',(#2897),#2901);
#2897 = LINE('',#2898,#2899);
#2898 = CARTESIAN_POINT('',(-22.35400991402,-63.32019519026));
#2899 = VECTOR('',#2900,1.);
#2900 = DIRECTION('',(-0.258771302092,0.965938617726));
#2901 = ( GEOMETRIC_REPRESENTATION_CONTEXT(2) 
PARAMETRIC_REPRESENTATION_CONTEXT() REPRESENTATION_CONTEXT('2D SPACE',''
  ) );
#2902 = PCURVE('',#978,#2903);
#2903 = DEFINITIONAL_REPRESENTATION('',(#2904),#2908);
#2904 = LINE('',#2905,#2906);
#2905 = CARTESIAN_POINT('',(-0.,-26.));
#2906 = VECTOR('',#2907,1.);
#2907 = DIRECTION('',(-1.,0.));
#2908 = ( GEOMETRIC_REPRESENTATION_CONTEXT(2) 
PARAMETRIC_REPRESENTATION_CONTEXT() REPRESENTATION_CONTEXT('2D SPACE',''
  ) );
#2909 = ORIENTED_EDGE('',*,*,#2910,.T.);
#2910 = EDGE_CURVE('',#2888,#2911,#2913,.T.);
#2911 = VERTEX_POINT('',#2912);
#2912 = CARTESIAN_POINT('',(-78.,215.,-84.));
#2913 = SURFACE_CURVE('',#2914,(#2918,#2925),.PCURVE_S1.);
#2914 = LINE('',#2915,#2916);
#2915 = CARTESIAN_POINT('',(-78.,218.299,-84.289));
#2916 = VECTOR('',#2917,1.);
#2917 = DIRECTION('',(-0.,-0.996184862693,8.726808891123E-02));
#2918 = PCURVE('',#72,#2919);
#2919 = DEFINITIONAL_REPRESENTATION('',(#2920),#2924);
#2920 = LINE('',#2921,#2922);
#2921 = CARTESIAN_POINT('',(-23.21100991402,-60.12119519026));
#2922 = VECTOR('',#2923,1.);
#2923 = DIRECTION('',(-8.726808891123E-02,0.996184862693));
#2924 = ( GEOMETRIC_REPRESENTATION_CONTEXT(2) 
PARAMETRIC_REPRESENTATION_CONTEXT() REPRESENTATION_CONTEXT('2D SPACE',''
  ) );
#2925 = PCURVE('',#1006,#2926);
#2926 = DEFINITIONAL_REPRESENTATION('',(#2927),#2931);
#2927 = LINE('',#2928,#2929);
#2928 = CARTESIAN_POINT('',(-0.,-26.));
#2929 = VECTOR('',#2930,1.);
#2930 = DIRECTION('',(-1.,0.));
#2931 = ( GEOMETRIC_REPRESENTATION_CONTEXT(2) 
PARAMETRIC_REPRESENTATION_CONTEXT() REPRESENTATION_CONTEXT('2D SPACE',''
  ) );
#2932 = ORIENTED_EDGE('',*,*,#2933,.T.);
#2933 = EDGE_CURVE('',#2911,#2934,#2936,.T.);
#2934 = VERTEX_POINT('',#2935);
#2935 = CARTESIAN_POINT('',(-78.,101.356,-93.));
#2936 = SURFACE_CURVE('',#2937,(#2941,#2948),.PCURVE_S1.);
#2937 = LINE('',#2938,#2939);
#2938 = CARTESIAN_POINT('',(-78.,215.,-84.));
#2939 = VECTOR('',#2940,1.);
#2940 = DIRECTION('',(-0.,-0.996878775594,-7.894749375546E-02));
#2941 = PCURVE('',#72,#2942);
#2942 = DEFINITIONAL_REPRESENTATION('',(#2943),#2947);
#2943 = LINE('',#2944,#2945);
#2944 = CARTESIAN_POINT('',(-23.50000991402,-56.82219519026));
#2945 = VECTOR('',#2946,1.);
#2946 = DIRECTION('',(7.894749375546E-02,0.996878775594));
#2947 = ( GEOMETRIC_REPRESENTATION_CONTEXT(2) 
PARAMETRIC_REPRESENTATION_CONTEXT() REPRESENTATION_CONTEXT('2D SPACE',''
  ) );
#2948 = PCURVE('',#1034,#2949);
#2949 = DEFINITIONAL_REPRESENTATION('',(#2950),#2954);
#2950 = LINE('',#2951,#2952);
#2951 = CARTESIAN_POINT('',(-0.,-26.));
#2952 = VECTOR('',#2953,1.);
#2953 = DIRECTION('',(-1.,0.));
#2954 = ( GEOMETRIC_REPRESENTATION_CONTEXT(2) 
PARAMETRIC_REPRESENTATION_CONTEXT() REPRESENTATION_CONTEXT('2D SPACE',''
  ) );
#2955 = ORIENTED_EDGE('',*,*,#2956,.T.);
#2956 = EDGE_CURVE('',#2934,#2957,#2959,.T.);
#2957 = VERTEX_POINT('',#2958);
#2958 = CARTESIAN_POINT('',(-78.,98.057,-93.289));
#2959 = SURFACE_CURVE('',#2960,(#2964,#2971),.PCURVE_S1.);
#2960 = LINE('',#2961,#2962);
#2961 = CARTESIAN_POINT('',(-78.,101.356,-93.));
#2962 = VECTOR('',#2963,1.);
#2963 = DIRECTION('',(-0.,-0.996184862693,-8.726808891123E-02));
#2964 = PCURVE('',#72,#2965);
#2965 = DEFINITIONAL_REPRESENTATION('',(#2966),#2970);
#2966 = LINE('',#2967,#2968);
#2967 = CARTESIAN_POINT('',(-14.50000991402,56.821804809734));
#2968 = VECTOR('',#2969,1.);
#2969 = DIRECTION('',(8.726808891123E-02,0.996184862693));
#2970 = ( GEOMETRIC_REPRESENTATION_CONTEXT(2) 
PARAMETRIC_REPRESENTATION_CONTEXT() REPRESENTATION_CONTEXT('2D SPACE',''
  ) );
#2971 = PCURVE('',#1062,#2972);
#2972 = DEFINITIONAL_REPRESENTATION('',(#2973),#2977);
#2973 = LINE('',#2974,#2975);
#2974 = CARTESIAN_POINT('',(-0.,-26.));
#2975 = VECTOR('',#2976,1.);
#2976 = DIRECTION('',(-1.,0.));
#2977 = ( GEOMETRIC_REPRESENTATION_CONTEXT(2) 
PARAMETRIC_REPRESENTATION_CONTEXT() REPRESENTATION_CONTEXT('2D SPACE',''
  ) );
#2978 = ORIENTED_EDGE('',*,*,#2979,.T.);
#2979 = EDGE_CURVE('',#2957,#2980,#2982,.T.);
#2980 = VERTEX_POINT('',#2981);
#2981 = CARTESIAN_POINT('',(-78.,94.857,-94.146));
#2982 = SURFACE_CURVE('',#2983,(#2987,#2994),.PCURVE_S1.);
#2983 = LINE('',#2984,#2985);
#2984 = CARTESIAN_POINT('',(-78.,98.057,-93.289));
#2985 = VECTOR('',#2986,1.);
#2986 = DIRECTION('',(-0.,-0.965958828248,-0.25869584869));
#2987 = PCURVE('',#72,#2988);
#2988 = DEFINITIONAL_REPRESENTATION('',(#2989),#2993);
#2989 = LINE('',#2990,#2991);
#2990 = CARTESIAN_POINT('',(-14.21100991402,60.120804809734));
#2991 = VECTOR('',#2992,1.);
#2992 = DIRECTION('',(0.25869584869,0.965958828248));
#2993 = ( GEOMETRIC_REPRESENTATION_CONTEXT(2) 
PARAMETRIC_REPRESENTATION_CONTEXT() REPRESENTATION_CONTEXT('2D SPACE',''
  ) );
#2994 = PCURVE('',#1090,#2995);
#2995 = DEFINITIONAL_REPRESENTATION('',(#2996),#3000);
#2996 = LINE('',#2997,#2998);
#2997 = CARTESIAN_POINT('',(-0.,-26.));
#2998 = VECTOR('',#2999,1.);
#2999 = DIRECTION('',(-1.,0.));
#3000 = ( GEOMETRIC_REPRESENTATION_CONTEXT(2) 
PARAMETRIC_REPRESENTATION_CONTEXT() REPRESENTATION_CONTEXT('2D SPACE',''
  ) );
#3001 = ORIENTED_EDGE('',*,*,#3002,.T.);
#3002 = EDGE_CURVE('',#2980,#3003,#3005,.T.);
#3003 = VERTEX_POINT('',#3004);
#3004 = CARTESIAN_POINT('',(-78.,91.856,-95.546));
#3005 = SURFACE_CURVE('',#3006,(#3010,#3017),.PCURVE_S1.);
#3006 = LINE('',#3007,#3008);
#3007 = CARTESIAN_POINT('',(-78.,94.857,-94.146));
#3008 = VECTOR('',#3009,1.);
#3009 = DIRECTION('',(-0.,-0.90623713604,-0.422769740239));
#3010 = PCURVE('',#72,#3011);
#3011 = DEFINITIONAL_REPRESENTATION('',(#3012),#3016);
#3012 = LINE('',#3013,#3014);
#3013 = CARTESIAN_POINT('',(-13.35400991402,63.320804809734));
#3014 = VECTOR('',#3015,1.);
#3015 = DIRECTION('',(0.422769740239,0.90623713604));
#3016 = ( GEOMETRIC_REPRESENTATION_CONTEXT(2) 
PARAMETRIC_REPRESENTATION_CONTEXT() REPRESENTATION_CONTEXT('2D SPACE',''
  ) );
#3017 = PCURVE('',#1118,#3018);
#3018 = DEFINITIONAL_REPRESENTATION('',(#3019),#3023);
#3019 = LINE('',#3020,#3021);
#3020 = CARTESIAN_POINT('',(-0.,-26.));
#3021 = VECTOR('',#3022,1.);
#3022 = DIRECTION('',(-1.,0.));
#3023 = ( GEOMETRIC_REPRESENTATION_CONTEXT(2) 
PARAMETRIC_REPRESENTATION_CONTEXT() REPRESENTATION_CONTEXT('2D SPACE',''
  ) );
#3024 = ORIENTED_EDGE('',*,*,#3025,.T.);
#3025 = EDGE_CURVE('',#3003,#3026,#3028,.T.);
#3026 = VERTEX_POINT('',#3027);
#3027 = CARTESIAN_POINT('',(-78.,89.143,-97.445));
#3028 = SURFACE_CURVE('',#3029,(#3033,#3040),.PCURVE_S1.);
#3029 = LINE('',#3030,#3031);
#3030 = CARTESIAN_POINT('',(-78.,91.856,-95.546));
#3031 = VECTOR('',#3032,1.);
#3032 = DIRECTION('',(-0.,-0.819246106804,-0.573442077708));
#3033 = PCURVE('',#72,#3034);
#3034 = DEFINITIONAL_REPRESENTATION('',(#3035),#3039);
#3035 = LINE('',#3036,#3037);
#3036 = CARTESIAN_POINT('',(-11.95400991402,66.321804809734));
#3037 = VECTOR('',#3038,1.);
#3038 = DIRECTION('',(0.573442077708,0.819246106804));
#3039 = ( GEOMETRIC_REPRESENTATION_CONTEXT(2) 
PARAMETRIC_REPRESENTATION_CONTEXT() REPRESENTATION_CONTEXT('2D SPACE',''
  ) );
#3040 = PCURVE('',#1146,#3041);
#3041 = DEFINITIONAL_REPRESENTATION('',(#3042),#3046);
#3042 = LINE('',#3043,#3044);
#3043 = CARTESIAN_POINT('',(-0.,-26.));
#3044 = VECTOR('',#3045,1.);
#3045 = DIRECTION('',(-1.,0.));
#3046 = ( GEOMETRIC_REPRESENTATION_CONTEXT(2) 
PARAMETRIC_REPRESENTATION_CONTEXT() REPRESENTATION_CONTEXT('2D SPACE',''
  ) );
#3047 = ORIENTED_EDGE('',*,*,#3048,.T.);
#3048 = EDGE_CURVE('',#3026,#3049,#3051,.T.);
#3049 = VERTEX_POINT('',#3050);
#3050 = CARTESIAN_POINT('',(-78.,86.801,-99.787));
#3051 = SURFACE_CURVE('',#3052,(#3056,#3063),.PCURVE_S1.);
#3052 = LINE('',#3053,#3054);
#3053 = CARTESIAN_POINT('',(-78.,89.143,-97.445));
#3054 = VECTOR('',#3055,1.);
#3055 = DIRECTION('',(-0.,-0.707106781187,-0.707106781187));
#3056 = PCURVE('',#72,#3057);
#3057 = DEFINITIONAL_REPRESENTATION('',(#3058),#3062);
#3058 = LINE('',#3059,#3060);
#3059 = CARTESIAN_POINT('',(-10.05500991402,69.034804809734));
#3060 = VECTOR('',#3061,1.);
#3061 = DIRECTION('',(0.707106781187,0.707106781187));
#3062 = ( GEOMETRIC_REPRESENTATION_CONTEXT(2) 
PARAMETRIC_REPRESENTATION_CONTEXT() REPRESENTATION_CONTEXT('2D SPACE',''
  ) );
#3063 = PCURVE('',#1174,#3064);
#3064 = DEFINITIONAL_REPRESENTATION('',(#3065),#3069);
#3065 = LINE('',#3066,#3067);
#3066 = CARTESIAN_POINT('',(-0.,-26.));
#3067 = VECTOR('',#3068,1.);
#3068 = DIRECTION('',(-1.,0.));
#3069 = ( GEOMETRIC_REPRESENTATION_CONTEXT(2) 
PARAMETRIC_REPRESENTATION_CONTEXT() REPRESENTATION_CONTEXT('2D SPACE',''
  ) );
#3070 = ORIENTED_EDGE('',*,*,#3071,.T.);
#3071 = EDGE_CURVE('',#3049,#3072,#3074,.T.);
#3072 = VERTEX_POINT('',#3073);
#3073 = CARTESIAN_POINT('',(-78.,84.901,-102.5));
#3074 = SURFACE_CURVE('',#3075,(#3079,#3086),.PCURVE_S1.);
#3075 = LINE('',#3076,#3077);
#3076 = CARTESIAN_POINT('',(-78.,86.801,-99.787));
#3077 = VECTOR('',#3078,1.);
#3078 = DIRECTION('',(-0.,-0.57364469689,-0.819104243506));
#3079 = PCURVE('',#72,#3080);
#3080 = DEFINITIONAL_REPRESENTATION('',(#3081),#3085);
#3081 = LINE('',#3082,#3083);
#3082 = CARTESIAN_POINT('',(-7.71300991402,71.376804809734));
#3083 = VECTOR('',#3084,1.);
#3084 = DIRECTION('',(0.819104243506,0.57364469689));
#3085 = ( GEOMETRIC_REPRESENTATION_CONTEXT(2) 
PARAMETRIC_REPRESENTATION_CONTEXT() REPRESENTATION_CONTEXT('2D SPACE',''
  ) );
#3086 = PCURVE('',#1202,#3087);
#3087 = DEFINITIONAL_REPRESENTATION('',(#3088),#3092);
#3088 = LINE('',#3089,#3090);
#3089 = CARTESIAN_POINT('',(-0.,-26.));
#3090 = VECTOR('',#3091,1.);
#3091 = DIRECTION('',(-1.,0.));
#3092 = ( GEOMETRIC_REPRESENTATION_CONTEXT(2) 
PARAMETRIC_REPRESENTATION_CONTEXT() REPRESENTATION_CONTEXT('2D SPACE',''
  ) );
#3093 = ORIENTED_EDGE('',*,*,#3094,.T.);
#3094 = EDGE_CURVE('',#3072,#3095,#3097,.T.);
#3095 = VERTEX_POINT('',#3096);
#3096 = CARTESIAN_POINT('',(-78.,83.502,-105.502));
#3097 = SURFACE_CURVE('',#3098,(#3102,#3109),.PCURVE_S1.);
#3098 = LINE('',#3099,#3100);
#3099 = CARTESIAN_POINT('',(-78.,84.901,-102.5));
#3100 = VECTOR('',#3101,1.);
#3101 = DIRECTION('',(-0.,-0.422406057948,-0.906406709049));
#3102 = PCURVE('',#72,#3103);
#3103 = DEFINITIONAL_REPRESENTATION('',(#3104),#3108);
#3104 = LINE('',#3105,#3106);
#3105 = CARTESIAN_POINT('',(-5.00000991402,73.276804809734));
#3106 = VECTOR('',#3107,1.);
#3107 = DIRECTION('',(0.906406709049,0.422406057948));
#3108 = ( GEOMETRIC_REPRESENTATION_CONTEXT(2) 
PARAMETRIC_REPRESENTATION_CONTEXT() REPRESENTATION_CONTEXT('2D SPACE',''
  ) );
#3109 = PCURVE('',#1230,#3110);
#3110 = DEFINITIONAL_REPRESENTATION('',(#3111),#3115);
#3111 = LINE('',#3112,#3113);
#3112 = CARTESIAN_POINT('',(-0.,-26.));
#3113 = VECTOR('',#3114,1.);
#3114 = DIRECTION('',(-1.,0.));
#3115 = ( GEOMETRIC_REPRESENTATION_CONTEXT(2) 
PARAMETRIC_REPRESENTATION_CONTEXT() REPRESENTATION_CONTEXT('2D SPACE',''
  ) );
#3116 = ORIENTED_EDGE('',*,*,#3117,.T.);
#3117 = EDGE_CURVE('',#3095,#144,#3118,.T.);
#3118 = SURFACE_CURVE('',#3119,(#3123,#3130),.PCURVE_S1.);
#3119 = LINE('',#3120,#3121);
#3120 = CARTESIAN_POINT('',(-78.,83.502,-105.502));
#3121 = VECTOR('',#3122,1.);
#3122 = DIRECTION('',(-0.,-0.259052999876,-0.965863107928));
#3123 = PCURVE('',#72,#3124);
#3124 = DEFINITIONAL_REPRESENTATION('',(#3125),#3129);
#3125 = LINE('',#3126,#3127);
#3126 = CARTESIAN_POINT('',(-1.99800991402,74.675804809734));
#3127 = VECTOR('',#3128,1.);
#3128 = DIRECTION('',(0.965863107928,0.259052999876));
#3129 = ( GEOMETRIC_REPRESENTATION_CONTEXT(2) 
PARAMETRIC_REPRESENTATION_CONTEXT() REPRESENTATION_CONTEXT('2D SPACE',''
  ) );
#3130 = PCURVE('',#159,#3131);
#3131 = DEFINITIONAL_REPRESENTATION('',(#3132),#3136);
#3132 = LINE('',#3133,#3134);
#3133 = CARTESIAN_POINT('',(-0.,-26.));
#3134 = VECTOR('',#3135,1.);
#3135 = DIRECTION('',(-1.,0.));
#3136 = ( GEOMETRIC_REPRESENTATION_CONTEXT(2) 
PARAMETRIC_REPRESENTATION_CONTEXT() REPRESENTATION_CONTEXT('2D SPACE',''
  ) );
#3137 = ORIENTED_EDGE('',*,*,#171,.T.);
#3138 = ADVANCED_FACE('',(#3139),#159,.F.);
#3139 = FACE_BOUND('',#3140,.T.);
#3140 = EDGE_LOOP('',(#3141,#3162,#3163,#3164));
#3141 = ORIENTED_EDGE('',*,*,#3142,.T.);
#3142 = EDGE_CURVE('',#1215,#3095,#3143,.T.);
#3143 = SURFACE_CURVE('',#3144,(#3148,#3155),.PCURVE_S1.);
#3144 = LINE('',#3145,#3146);
#3145 = CARTESIAN_POINT('',(-52.,83.502,-105.502));
#3146 = VECTOR('',#3147,1.);
#3147 = DIRECTION('',(-1.,-0.,-0.));
#3148 = PCURVE('',#159,#3149);
#3149 = DEFINITIONAL_REPRESENTATION('',(#3150),#3154);
#3150 = LINE('',#3151,#3152);
#3151 = CARTESIAN_POINT('',(0.,-0.));
#3152 = VECTOR('',#3153,1.);
#3153 = DIRECTION('',(-0.,-1.));
#3154 = ( GEOMETRIC_REPRESENTATION_CONTEXT(2) 
PARAMETRIC_REPRESENTATION_CONTEXT() REPRESENTATION_CONTEXT('2D SPACE',''
  ) );
#3155 = PCURVE('',#1230,#3156);
#3156 = DEFINITIONAL_REPRESENTATION('',(#3157),#3161);
#3157 = LINE('',#3158,#3159);
#3158 = CARTESIAN_POINT('',(-3.311979015634,0.));
#3159 = VECTOR('',#3160,1.);
#3160 = DIRECTION('',(-0.,-1.));
#3161 = ( GEOMETRIC_REPRESENTATION_CONTEXT(2) 
PARAMETRIC_REPRESENTATION_CONTEXT() REPRESENTATION_CONTEXT('2D SPACE',''
  ) );
#3162 = ORIENTED_EDGE('',*,*,#3117,.T.);
#3163 = ORIENTED_EDGE('',*,*,#141,.F.);
#3164 = ORIENTED_EDGE('',*,*,#1242,.F.);
#3165 = ADVANCED_FACE('',(#3166),#257,.F.);
#3166 = FACE_BOUND('',#3167,.T.);
#3167 = EDGE_LOOP('',(#3168,#3169,#3170,#3191));
#3168 = ORIENTED_EDGE('',*,*,#241,.T.);
#3169 = ORIENTED_EDGE('',*,*,#2335,.T.);
#3170 = ORIENTED_EDGE('',*,*,#3171,.F.);
#3171 = EDGE_CURVE('',#296,#2336,#3172,.T.);
#3172 = SURFACE_CURVE('',#3173,(#3177,#3184),.PCURVE_S1.);
#3173 = LINE('',#3174,#3175);
#3174 = CARTESIAN_POINT('',(-52.,84.901,-121.5));
#3175 = VECTOR('',#3176,1.);
#3176 = DIRECTION('',(-1.,-0.,-0.));
#3177 = PCURVE('',#257,#3178);
#3178 = DEFINITIONAL_REPRESENTATION('',(#3179),#3183);
#3179 = LINE('',#3180,#3181);
#3180 = CARTESIAN_POINT('',(-3.311979015634,0.));
#3181 = VECTOR('',#3182,1.);
#3182 = DIRECTION('',(-0.,-1.));
#3183 = ( GEOMETRIC_REPRESENTATION_CONTEXT(2) 
PARAMETRIC_REPRESENTATION_CONTEXT() REPRESENTATION_CONTEXT('2D SPACE',''
  ) );
#3184 = PCURVE('',#334,#3185);
#3185 = DEFINITIONAL_REPRESENTATION('',(#3186),#3190);
#3186 = LINE('',#3187,#3188);
#3187 = CARTESIAN_POINT('',(-0.,0.));
#3188 = VECTOR('',#3189,1.);
#3189 = DIRECTION('',(-0.,-1.));
#3190 = ( GEOMETRIC_REPRESENTATION_CONTEXT(2) 
PARAMETRIC_REPRESENTATION_CONTEXT() REPRESENTATION_CONTEXT('2D SPACE',''
  ) );
#3191 = ORIENTED_EDGE('',*,*,#295,.F.);
#3192 = ADVANCED_FACE('',(#3193),#1230,.F.);
#3193 = FACE_BOUND('',#3194,.T.);
#3194 = EDGE_LOOP('',(#3195,#3216,#3217,#3218));
#3195 = ORIENTED_EDGE('',*,*,#3196,.T.);
#3196 = EDGE_CURVE('',#1187,#3072,#3197,.T.);
#3197 = SURFACE_CURVE('',#3198,(#3202,#3209),.PCURVE_S1.);
#3198 = LINE('',#3199,#3200);
#3199 = CARTESIAN_POINT('',(-52.,84.901,-102.5));
#3200 = VECTOR('',#3201,1.);
#3201 = DIRECTION('',(-1.,-0.,-0.));
#3202 = PCURVE('',#1230,#3203);
#3203 = DEFINITIONAL_REPRESENTATION('',(#3204),#3208);
#3204 = LINE('',#3205,#3206);
#3205 = CARTESIAN_POINT('',(0.,-0.));
#3206 = VECTOR('',#3207,1.);
#3207 = DIRECTION('',(-0.,-1.));
#3208 = ( GEOMETRIC_REPRESENTATION_CONTEXT(2) 
PARAMETRIC_REPRESENTATION_CONTEXT() REPRESENTATION_CONTEXT('2D SPACE',''
  ) );
#3209 = PCURVE('',#1202,#3210);
#3210 = DEFINITIONAL_REPRESENTATION('',(#3211),#3215);
#3211 = LINE('',#3212,#3213);
#3212 = CARTESIAN_POINT('',(-3.312154736724,0.));
#3213 = VECTOR('',#3214,1.);
#3214 = DIRECTION('',(-0.,-1.));
#3215 = ( GEOMETRIC_REPRESENTATION_CONTEXT(2) 
PARAMETRIC_REPRESENTATION_CONTEXT() REPRESENTATION_CONTEXT('2D SPACE',''
  ) );
#3216 = ORIENTED_EDGE('',*,*,#3094,.T.);
#3217 = ORIENTED_EDGE('',*,*,#3142,.F.);
#3218 = ORIENTED_EDGE('',*,*,#1214,.F.);
#3219 = ADVANCED_FACE('',(#3220),#334,.F.);
#3220 = FACE_BOUND('',#3221,.T.);
#3221 = EDGE_LOOP('',(#3222,#3223,#3224,#3245));
#3222 = ORIENTED_EDGE('',*,*,#3171,.T.);
#3223 = ORIENTED_EDGE('',*,*,#2358,.T.);
#3224 = ORIENTED_EDGE('',*,*,#3225,.F.);
#3225 = EDGE_CURVE('',#319,#2359,#3226,.T.);
#3226 = SURFACE_CURVE('',#3227,(#3231,#3238),.PCURVE_S1.);
#3227 = LINE('',#3228,#3229);
#3228 = CARTESIAN_POINT('',(-52.,86.801,-124.213));
#3229 = VECTOR('',#3230,1.);
#3230 = DIRECTION('',(-1.,-0.,-0.));
#3231 = PCURVE('',#334,#3232);
#3232 = DEFINITIONAL_REPRESENTATION('',(#3233),#3237);
#3233 = LINE('',#3234,#3235);
#3234 = CARTESIAN_POINT('',(-3.312154736724,0.));
#3235 = VECTOR('',#3236,1.);
#3236 = DIRECTION('',(-0.,-1.));
#3237 = ( GEOMETRIC_REPRESENTATION_CONTEXT(2) 
PARAMETRIC_REPRESENTATION_CONTEXT() REPRESENTATION_CONTEXT('2D SPACE',''
  ) );
#3238 = PCURVE('',#362,#3239);
#3239 = DEFINITIONAL_REPRESENTATION('',(#3240),#3244);
#3240 = LINE('',#3241,#3242);
#3241 = CARTESIAN_POINT('',(-0.,0.));
#3242 = VECTOR('',#3243,1.);
#3243 = DIRECTION('',(-0.,-1.));
#3244 = ( GEOMETRIC_REPRESENTATION_CONTEXT(2) 
PARAMETRIC_REPRESENTATION_CONTEXT() REPRESENTATION_CONTEXT('2D SPACE',''
  ) );
#3245 = ORIENTED_EDGE('',*,*,#318,.F.);
#3246 = ADVANCED_FACE('',(#3247),#1202,.F.);
#3247 = FACE_BOUND('',#3248,.T.);
#3248 = EDGE_LOOP('',(#3249,#3270,#3271,#3272));
#3249 = ORIENTED_EDGE('',*,*,#3250,.T.);
#3250 = EDGE_CURVE('',#1159,#3049,#3251,.T.);
#3251 = SURFACE_CURVE('',#3252,(#3256,#3263),.PCURVE_S1.);
#3252 = LINE('',#3253,#3254);
#3253 = CARTESIAN_POINT('',(-52.,86.801,-99.787));
#3254 = VECTOR('',#3255,1.);
#3255 = DIRECTION('',(-1.,-0.,-0.));
#3256 = PCURVE('',#1202,#3257);
#3257 = DEFINITIONAL_REPRESENTATION('',(#3258),#3262);
#3258 = LINE('',#3259,#3260);
#3259 = CARTESIAN_POINT('',(0.,-0.));
#3260 = VECTOR('',#3261,1.);
#3261 = DIRECTION('',(-0.,-1.));
#3262 = ( GEOMETRIC_REPRESENTATION_CONTEXT(2) 
PARAMETRIC_REPRESENTATION_CONTEXT() REPRESENTATION_CONTEXT('2D SPACE',''
  ) );
#3263 = PCURVE('',#1174,#3264);
#3264 = DEFINITIONAL_REPRESENTATION('',(#3265),#3269);
#3265 = LINE('',#3266,#3267);
#3266 = CARTESIAN_POINT('',(-3.312088163078,0.));
#3267 = VECTOR('',#3268,1.);
#3268 = DIRECTION('',(-0.,-1.));
#3269 = ( GEOMETRIC_REPRESENTATION_CONTEXT(2) 
PARAMETRIC_REPRESENTATION_CONTEXT() REPRESENTATION_CONTEXT('2D SPACE',''
  ) );
#3270 = ORIENTED_EDGE('',*,*,#3071,.T.);
#3271 = ORIENTED_EDGE('',*,*,#3196,.F.);
#3272 = ORIENTED_EDGE('',*,*,#1186,.F.);
#3273 = ADVANCED_FACE('',(#3274),#362,.F.);
#3274 = FACE_BOUND('',#3275,.T.);
#3275 = EDGE_LOOP('',(#3276,#3277,#3278,#3299));
#3276 = ORIENTED_EDGE('',*,*,#3225,.T.);
#3277 = ORIENTED_EDGE('',*,*,#2381,.T.);
#3278 = ORIENTED_EDGE('',*,*,#3279,.F.);
#3279 = EDGE_CURVE('',#347,#2382,#3280,.T.);
#3280 = SURFACE_CURVE('',#3281,(#3285,#3292),.PCURVE_S1.);
#3281 = LINE('',#3282,#3283);
#3282 = CARTESIAN_POINT('',(-52.,89.143,-126.555));
#3283 = VECTOR('',#3284,1.);
#3284 = DIRECTION('',(-1.,-0.,-0.));
#3285 = PCURVE('',#362,#3286);
#3286 = DEFINITIONAL_REPRESENTATION('',(#3287),#3291);
#3287 = LINE('',#3288,#3289);
#3288 = CARTESIAN_POINT('',(-3.312088163078,0.));
#3289 = VECTOR('',#3290,1.);
#3290 = DIRECTION('',(-0.,-1.));
#3291 = ( GEOMETRIC_REPRESENTATION_CONTEXT(2) 
PARAMETRIC_REPRESENTATION_CONTEXT() REPRESENTATION_CONTEXT('2D SPACE',''
  ) );
#3292 = PCURVE('',#390,#3293);
#3293 = DEFINITIONAL_REPRESENTATION('',(#3294),#3298);
#3294 = LINE('',#3295,#3296);
#3295 = CARTESIAN_POINT('',(-0.,0.));
#3296 = VECTOR('',#3297,1.);
#3297 = DIRECTION('',(-0.,-1.));
#3298 = ( GEOMETRIC_REPRESENTATION_CONTEXT(2) 
PARAMETRIC_REPRESENTATION_CONTEXT() REPRESENTATION_CONTEXT('2D SPACE',''
  ) );
#3299 = ORIENTED_EDGE('',*,*,#346,.F.);
#3300 = ADVANCED_FACE('',(#3301),#1174,.F.);
#3301 = FACE_BOUND('',#3302,.T.);
#3302 = EDGE_LOOP('',(#3303,#3324,#3325,#3326));
#3303 = ORIENTED_EDGE('',*,*,#3304,.T.);
#3304 = EDGE_CURVE('',#1131,#3026,#3305,.T.);
#3305 = SURFACE_CURVE('',#3306,(#3310,#3317),.PCURVE_S1.);
#3306 = LINE('',#3307,#3308);
#3307 = CARTESIAN_POINT('',(-52.,89.143,-97.445));
#3308 = VECTOR('',#3309,1.);
#3309 = DIRECTION('',(-1.,-0.,-0.));
#3310 = PCURVE('',#1174,#3311);
#3311 = DEFINITIONAL_REPRESENTATION('',(#3312),#3316);
#3312 = LINE('',#3313,#3314);
#3313 = CARTESIAN_POINT('',(0.,-0.));
#3314 = VECTOR('',#3315,1.);
#3315 = DIRECTION('',(-0.,-1.));
#3316 = ( GEOMETRIC_REPRESENTATION_CONTEXT(2) 
PARAMETRIC_REPRESENTATION_CONTEXT() REPRESENTATION_CONTEXT('2D SPACE',''
  ) );
#3317 = PCURVE('',#1146,#3318);
#3318 = DEFINITIONAL_REPRESENTATION('',(#3319),#3323);
#3319 = LINE('',#3320,#3321);
#3320 = CARTESIAN_POINT('',(-3.311581193327,0.));
#3321 = VECTOR('',#3322,1.);
#3322 = DIRECTION('',(-0.,-1.));
#3323 = ( GEOMETRIC_REPRESENTATION_CONTEXT(2) 
PARAMETRIC_REPRESENTATION_CONTEXT() REPRESENTATION_CONTEXT('2D SPACE',''
  ) );
#3324 = ORIENTED_EDGE('',*,*,#3048,.T.);
#3325 = ORIENTED_EDGE('',*,*,#3250,.F.);
#3326 = ORIENTED_EDGE('',*,*,#1158,.F.);
#3327 = ADVANCED_FACE('',(#3328),#390,.F.);
#3328 = FACE_BOUND('',#3329,.T.);
#3329 = EDGE_LOOP('',(#3330,#3331,#3332,#3353));
#3330 = ORIENTED_EDGE('',*,*,#3279,.T.);
#3331 = ORIENTED_EDGE('',*,*,#2404,.T.);
#3332 = ORIENTED_EDGE('',*,*,#3333,.F.);
#3333 = EDGE_CURVE('',#375,#2405,#3334,.T.);
#3334 = SURFACE_CURVE('',#3335,(#3339,#3346),.PCURVE_S1.);
#3335 = LINE('',#3336,#3337);
#3336 = CARTESIAN_POINT('',(-52.,91.856,-128.454));
#3337 = VECTOR('',#3338,1.);
#3338 = DIRECTION('',(-1.,-0.,-0.));
#3339 = PCURVE('',#390,#3340);
#3340 = DEFINITIONAL_REPRESENTATION('',(#3341),#3345);
#3341 = LINE('',#3342,#3343);
#3342 = CARTESIAN_POINT('',(-3.311581193327,0.));
#3343 = VECTOR('',#3344,1.);
#3344 = DIRECTION('',(-0.,-1.));
#3345 = ( GEOMETRIC_REPRESENTATION_CONTEXT(2) 
PARAMETRIC_REPRESENTATION_CONTEXT() REPRESENTATION_CONTEXT('2D SPACE',''
  ) );
#3346 = PCURVE('',#418,#3347);
#3347 = DEFINITIONAL_REPRESENTATION('',(#3348),#3352);
#3348 = LINE('',#3349,#3350);
#3349 = CARTESIAN_POINT('',(-0.,0.));
#3350 = VECTOR('',#3351,1.);
#3351 = DIRECTION('',(-0.,-1.));
#3352 = ( GEOMETRIC_REPRESENTATION_CONTEXT(2) 
PARAMETRIC_REPRESENTATION_CONTEXT() REPRESENTATION_CONTEXT('2D SPACE',''
  ) );
#3353 = ORIENTED_EDGE('',*,*,#374,.F.);
#3354 = ADVANCED_FACE('',(#3355),#1146,.F.);
#3355 = FACE_BOUND('',#3356,.T.);
#3356 = EDGE_LOOP('',(#3357,#3378,#3379,#3380));
#3357 = ORIENTED_EDGE('',*,*,#3358,.T.);
#3358 = EDGE_CURVE('',#1103,#3003,#3359,.T.);
#3359 = SURFACE_CURVE('',#3360,(#3364,#3371),.PCURVE_S1.);
#3360 = LINE('',#3361,#3362);
#3361 = CARTESIAN_POINT('',(-52.,91.856,-95.546));
#3362 = VECTOR('',#3363,1.);
#3363 = DIRECTION('',(-1.,-0.,-0.));
#3364 = PCURVE('',#1146,#3365);
#3365 = DEFINITIONAL_REPRESENTATION('',(#3366),#3370);
#3366 = LINE('',#3367,#3368);
#3367 = CARTESIAN_POINT('',(0.,-0.));
#3368 = VECTOR('',#3369,1.);
#3369 = DIRECTION('',(-0.,-1.));
#3370 = ( GEOMETRIC_REPRESENTATION_CONTEXT(2) 
PARAMETRIC_REPRESENTATION_CONTEXT() REPRESENTATION_CONTEXT('2D SPACE',''
  ) );
#3371 = PCURVE('',#1118,#3372);
#3372 = DEFINITIONAL_REPRESENTATION('',(#3373),#3377);
#3373 = LINE('',#3374,#3375);
#3374 = CARTESIAN_POINT('',(-3.311495281591,0.));
#3375 = VECTOR('',#3376,1.);
#3376 = DIRECTION('',(-0.,-1.));
#3377 = ( GEOMETRIC_REPRESENTATION_CONTEXT(2) 
PARAMETRIC_REPRESENTATION_CONTEXT() REPRESENTATION_CONTEXT('2D SPACE',''
  ) );
#3378 = ORIENTED_EDGE('',*,*,#3025,.T.);
#3379 = ORIENTED_EDGE('',*,*,#3304,.F.);
#3380 = ORIENTED_EDGE('',*,*,#1130,.F.);
#3381 = ADVANCED_FACE('',(#3382),#418,.F.);
#3382 = FACE_BOUND('',#3383,.T.);
#3383 = EDGE_LOOP('',(#3384,#3385,#3386,#3407));
#3384 = ORIENTED_EDGE('',*,*,#3333,.T.);
#3385 = ORIENTED_EDGE('',*,*,#2427,.T.);
#3386 = ORIENTED_EDGE('',*,*,#3387,.F.);
#3387 = EDGE_CURVE('',#403,#2428,#3388,.T.);
#3388 = SURFACE_CURVE('',#3389,(#3393,#3400),.PCURVE_S1.);
#3389 = LINE('',#3390,#3391);
#3390 = CARTESIAN_POINT('',(-52.,94.857,-129.854));
#3391 = VECTOR('',#3392,1.);
#3392 = DIRECTION('',(-1.,-0.,-0.));
#3393 = PCURVE('',#418,#3394);
#3394 = DEFINITIONAL_REPRESENTATION('',(#3395),#3399);
#3395 = LINE('',#3396,#3397);
#3396 = CARTESIAN_POINT('',(-3.311495281591,0.));
#3397 = VECTOR('',#3398,1.);
#3398 = DIRECTION('',(-0.,-1.));
#3399 = ( GEOMETRIC_REPRESENTATION_CONTEXT(2) 
PARAMETRIC_REPRESENTATION_CONTEXT() REPRESENTATION_CONTEXT('2D SPACE',''
  ) );
#3400 = PCURVE('',#446,#3401);
#3401 = DEFINITIONAL_REPRESENTATION('',(#3402),#3406);
#3402 = LINE('',#3403,#3404);
#3403 = CARTESIAN_POINT('',(-0.,0.));
#3404 = VECTOR('',#3405,1.);
#3405 = DIRECTION('',(-0.,-1.));
#3406 = ( GEOMETRIC_REPRESENTATION_CONTEXT(2) 
PARAMETRIC_REPRESENTATION_CONTEXT() REPRESENTATION_CONTEXT('2D SPACE',''
  ) );
#3407 = ORIENTED_EDGE('',*,*,#402,.F.);
#3408 = ADVANCED_FACE('',(#3409),#1118,.F.);
#3409 = FACE_BOUND('',#3410,.T.);
#3410 = EDGE_LOOP('',(#3411,#3432,#3433,#3434));
#3411 = ORIENTED_EDGE('',*,*,#3412,.T.);
#3412 = EDGE_CURVE('',#1075,#2980,#3413,.T.);
#3413 = SURFACE_CURVE('',#3414,(#3418,#3425),.PCURVE_S1.);
#3414 = LINE('',#3415,#3416);
#3415 = CARTESIAN_POINT('',(-52.,94.857,-94.146));
#3416 = VECTOR('',#3417,1.);
#3417 = DIRECTION('',(-1.,-0.,-0.));
#3418 = PCURVE('',#1118,#3419);
#3419 = DEFINITIONAL_REPRESENTATION('',(#3420),#3424);
#3420 = LINE('',#3421,#3422);
#3421 = CARTESIAN_POINT('',(0.,-0.));
#3422 = VECTOR('',#3423,1.);
#3423 = DIRECTION('',(-0.,-1.));
#3424 = ( GEOMETRIC_REPRESENTATION_CONTEXT(2) 
PARAMETRIC_REPRESENTATION_CONTEXT() REPRESENTATION_CONTEXT('2D SPACE',''
  ) );
#3425 = PCURVE('',#1090,#3426);
#3426 = DEFINITIONAL_REPRESENTATION('',(#3427),#3431);
#3427 = LINE('',#3428,#3429);
#3428 = CARTESIAN_POINT('',(-3.312770592721,0.));
#3429 = VECTOR('',#3430,1.);
#3430 = DIRECTION('',(-0.,-1.));
#3431 = ( GEOMETRIC_REPRESENTATION_CONTEXT(2) 
PARAMETRIC_REPRESENTATION_CONTEXT() REPRESENTATION_CONTEXT('2D SPACE',''
  ) );
#3432 = ORIENTED_EDGE('',*,*,#3002,.T.);
#3433 = ORIENTED_EDGE('',*,*,#3358,.F.);
#3434 = ORIENTED_EDGE('',*,*,#1102,.F.);
#3435 = ADVANCED_FACE('',(#3436),#446,.F.);
#3436 = FACE_BOUND('',#3437,.T.);
#3437 = EDGE_LOOP('',(#3438,#3439,#3440,#3461));
#3438 = ORIENTED_EDGE('',*,*,#3387,.T.);
#3439 = ORIENTED_EDGE('',*,*,#2450,.T.);
#3440 = ORIENTED_EDGE('',*,*,#3441,.F.);
#3441 = EDGE_CURVE('',#431,#2451,#3442,.T.);
#3442 = SURFACE_CURVE('',#3443,(#3447,#3454),.PCURVE_S1.);
#3443 = LINE('',#3444,#3445);
#3444 = CARTESIAN_POINT('',(-52.,98.057,-130.711));
#3445 = VECTOR('',#3446,1.);
#3446 = DIRECTION('',(-1.,-0.,-0.));
#3447 = PCURVE('',#446,#3448);
#3448 = DEFINITIONAL_REPRESENTATION('',(#3449),#3453);
#3449 = LINE('',#3450,#3451);
#3450 = CARTESIAN_POINT('',(-3.312770592721,0.));
#3451 = VECTOR('',#3452,1.);
#3452 = DIRECTION('',(-0.,-1.));
#3453 = ( GEOMETRIC_REPRESENTATION_CONTEXT(2) 
PARAMETRIC_REPRESENTATION_CONTEXT() REPRESENTATION_CONTEXT('2D SPACE',''
  ) );
#3454 = PCURVE('',#474,#3455);
#3455 = DEFINITIONAL_REPRESENTATION('',(#3456),#3460);
#3456 = LINE('',#3457,#3458);
#3457 = CARTESIAN_POINT('',(-0.,0.));
#3458 = VECTOR('',#3459,1.);
#3459 = DIRECTION('',(-0.,-1.));
#3460 = ( GEOMETRIC_REPRESENTATION_CONTEXT(2) 
PARAMETRIC_REPRESENTATION_CONTEXT() REPRESENTATION_CONTEXT('2D SPACE',''
  ) );
#3461 = ORIENTED_EDGE('',*,*,#430,.F.);
#3462 = ADVANCED_FACE('',(#3463),#1090,.F.);
#3463 = FACE_BOUND('',#3464,.T.);
#3464 = EDGE_LOOP('',(#3465,#3486,#3487,#3488));
#3465 = ORIENTED_EDGE('',*,*,#3466,.T.);
#3466 = EDGE_CURVE('',#1047,#2957,#3467,.T.);
#3467 = SURFACE_CURVE('',#3468,(#3472,#3479),.PCURVE_S1.);
#3468 = LINE('',#3469,#3470);
#3469 = CARTESIAN_POINT('',(-52.,98.057,-93.289));
#3470 = VECTOR('',#3471,1.);
#3471 = DIRECTION('',(-1.,-0.,-0.));
#3472 = PCURVE('',#1090,#3473);
#3473 = DEFINITIONAL_REPRESENTATION('',(#3474),#3478);
#3474 = LINE('',#3475,#3476);
#3475 = CARTESIAN_POINT('',(0.,-0.));
#3476 = VECTOR('',#3477,1.);
#3477 = DIRECTION('',(-0.,-1.));
#3478 = ( GEOMETRIC_REPRESENTATION_CONTEXT(2) 
PARAMETRIC_REPRESENTATION_CONTEXT() REPRESENTATION_CONTEXT('2D SPACE',''
  ) );
#3479 = PCURVE('',#1062,#3480);
#3480 = DEFINITIONAL_REPRESENTATION('',(#3481),#3485);
#3481 = LINE('',#3482,#3483);
#3482 = CARTESIAN_POINT('',(-3.311634339718,0.));
#3483 = VECTOR('',#3484,1.);
#3484 = DIRECTION('',(-0.,-1.));
#3485 = ( GEOMETRIC_REPRESENTATION_CONTEXT(2) 
PARAMETRIC_REPRESENTATION_CONTEXT() REPRESENTATION_CONTEXT('2D SPACE',''
  ) );
#3486 = ORIENTED_EDGE('',*,*,#2979,.T.);
#3487 = ORIENTED_EDGE('',*,*,#3412,.F.);
#3488 = ORIENTED_EDGE('',*,*,#1074,.F.);
#3489 = ADVANCED_FACE('',(#3490),#474,.F.);
#3490 = FACE_BOUND('',#3491,.T.);
#3491 = EDGE_LOOP('',(#3492,#3493,#3494,#3515));
#3492 = ORIENTED_EDGE('',*,*,#3441,.T.);
#3493 = ORIENTED_EDGE('',*,*,#2473,.T.);
#3494 = ORIENTED_EDGE('',*,*,#3495,.F.);
#3495 = EDGE_CURVE('',#459,#2474,#3496,.T.);
#3496 = SURFACE_CURVE('',#3497,(#3501,#3508),.PCURVE_S1.);
#3497 = LINE('',#3498,#3499);
#3498 = CARTESIAN_POINT('',(-52.,101.356,-131.));
#3499 = VECTOR('',#3500,1.);
#3500 = DIRECTION('',(-1.,-0.,-0.));
#3501 = PCURVE('',#474,#3502);
#3502 = DEFINITIONAL_REPRESENTATION('',(#3503),#3507);
#3503 = LINE('',#3504,#3505);
#3504 = CARTESIAN_POINT('',(-3.311634339718,0.));
#3505 = VECTOR('',#3506,1.);
#3506 = DIRECTION('',(-0.,-1.));
#3507 = ( GEOMETRIC_REPRESENTATION_CONTEXT(2) 
PARAMETRIC_REPRESENTATION_CONTEXT() REPRESENTATION_CONTEXT('2D SPACE',''
  ) );
#3508 = PCURVE('',#502,#3509);
#3509 = DEFINITIONAL_REPRESENTATION('',(#3510),#3514);
#3510 = LINE('',#3511,#3512);
#3511 = CARTESIAN_POINT('',(-0.,0.));
#3512 = VECTOR('',#3513,1.);
#3513 = DIRECTION('',(-0.,-1.));
#3514 = ( GEOMETRIC_REPRESENTATION_CONTEXT(2) 
PARAMETRIC_REPRESENTATION_CONTEXT() REPRESENTATION_CONTEXT('2D SPACE',''
  ) );
#3515 = ORIENTED_EDGE('',*,*,#458,.F.);
#3516 = ADVANCED_FACE('',(#3517),#1062,.F.);
#3517 = FACE_BOUND('',#3518,.T.);
#3518 = EDGE_LOOP('',(#3519,#3540,#3541,#3542));
#3519 = ORIENTED_EDGE('',*,*,#3520,.T.);
#3520 = EDGE_CURVE('',#1019,#2934,#3521,.T.);
#3521 = SURFACE_CURVE('',#3522,(#3526,#3533),.PCURVE_S1.);
#3522 = LINE('',#3523,#3524);
#3523 = CARTESIAN_POINT('',(-52.,101.356,-93.));
#3524 = VECTOR('',#3525,1.);
#3525 = DIRECTION('',(-1.,-0.,-0.));
#3526 = PCURVE('',#1062,#3527);
#3527 = DEFINITIONAL_REPRESENTATION('',(#3528),#3532);
#3528 = LINE('',#3529,#3530);
#3529 = CARTESIAN_POINT('',(0.,-0.));
#3530 = VECTOR('',#3531,1.);
#3531 = DIRECTION('',(-0.,-1.));
#3532 = ( GEOMETRIC_REPRESENTATION_CONTEXT(2) 
PARAMETRIC_REPRESENTATION_CONTEXT() REPRESENTATION_CONTEXT('2D SPACE',''
  ) );
#3533 = PCURVE('',#1034,#3534);
#3534 = DEFINITIONAL_REPRESENTATION('',(#3535),#3539);
#3535 = LINE('',#3536,#3537);
#3536 = CARTESIAN_POINT('',(-113.9998190174,0.));
#3537 = VECTOR('',#3538,1.);
#3538 = DIRECTION('',(-0.,-1.));
#3539 = ( GEOMETRIC_REPRESENTATION_CONTEXT(2) 
PARAMETRIC_REPRESENTATION_CONTEXT() REPRESENTATION_CONTEXT('2D SPACE',''
  ) );
#3540 = ORIENTED_EDGE('',*,*,#2956,.T.);
#3541 = ORIENTED_EDGE('',*,*,#3466,.F.);
#3542 = ORIENTED_EDGE('',*,*,#1046,.F.);
#3543 = ADVANCED_FACE('',(#3544),#502,.F.);
#3544 = FACE_BOUND('',#3545,.T.);
#3545 = EDGE_LOOP('',(#3546,#3547,#3548,#3569));
#3546 = ORIENTED_EDGE('',*,*,#3495,.T.);
#3547 = ORIENTED_EDGE('',*,*,#2496,.T.);
#3548 = ORIENTED_EDGE('',*,*,#3549,.F.);
#3549 = EDGE_CURVE('',#487,#2497,#3550,.T.);
#3550 = SURFACE_CURVE('',#3551,(#3555,#3562),.PCURVE_S1.);
#3551 = LINE('',#3552,#3553);
#3552 = CARTESIAN_POINT('',(-52.,215.,-122.));
#3553 = VECTOR('',#3554,1.);
#3554 = DIRECTION('',(-1.,-0.,-0.));
#3555 = PCURVE('',#502,#3556);
#3556 = DEFINITIONAL_REPRESENTATION('',(#3557),#3561);
#3557 = LINE('',#3558,#3559);
#3558 = CARTESIAN_POINT('',(-113.9998190174,0.));
#3559 = VECTOR('',#3560,1.);
#3560 = DIRECTION('',(-0.,-1.));
#3561 = ( GEOMETRIC_REPRESENTATION_CONTEXT(2) 
PARAMETRIC_REPRESENTATION_CONTEXT() REPRESENTATION_CONTEXT('2D SPACE',''
  ) );
#3562 = PCURVE('',#530,#3563);
#3563 = DEFINITIONAL_REPRESENTATION('',(#3564),#3568);
#3564 = LINE('',#3565,#3566);
#3565 = CARTESIAN_POINT('',(-0.,0.));
#3566 = VECTOR('',#3567,1.);
#3567 = DIRECTION('',(-0.,-1.));
#3568 = ( GEOMETRIC_REPRESENTATION_CONTEXT(2) 
PARAMETRIC_REPRESENTATION_CONTEXT() REPRESENTATION_CONTEXT('2D SPACE',''
  ) );
#3569 = ORIENTED_EDGE('',*,*,#486,.F.);
#3570 = ADVANCED_FACE('',(#3571),#1034,.F.);
#3571 = FACE_BOUND('',#3572,.T.);
#3572 = EDGE_LOOP('',(#3573,#3594,#3595,#3596));
#3573 = ORIENTED_EDGE('',*,*,#3574,.T.);
#3574 = EDGE_CURVE('',#991,#2911,#3575,.T.);
#3575 = SURFACE_CURVE('',#3576,(#3580,#3587),.PCURVE_S1.);
#3576 = LINE('',#3577,#3578);
#3577 = CARTESIAN_POINT('',(-52.,215.,-84.));
#3578 = VECTOR('',#3579,1.);
#3579 = DIRECTION('',(-1.,-0.,-0.));
#3580 = PCURVE('',#1034,#3581);
#3581 = DEFINITIONAL_REPRESENTATION('',(#3582),#3586);
#3582 = LINE('',#3583,#3584);
#3583 = CARTESIAN_POINT('',(0.,-0.));
#3584 = VECTOR('',#3585,1.);
#3585 = DIRECTION('',(-0.,-1.));
#3586 = ( GEOMETRIC_REPRESENTATION_CONTEXT(2) 
PARAMETRIC_REPRESENTATION_CONTEXT() REPRESENTATION_CONTEXT('2D SPACE',''
  ) );
#3587 = PCURVE('',#1006,#3588);
#3588 = DEFINITIONAL_REPRESENTATION('',(#3589),#3593);
#3589 = LINE('',#3590,#3591);
#3590 = CARTESIAN_POINT('',(-3.311634339718,0.));
#3591 = VECTOR('',#3592,1.);
#3592 = DIRECTION('',(-0.,-1.));
#3593 = ( GEOMETRIC_REPRESENTATION_CONTEXT(2) 
PARAMETRIC_REPRESENTATION_CONTEXT() REPRESENTATION_CONTEXT('2D SPACE',''
  ) );
#3594 = ORIENTED_EDGE('',*,*,#2933,.T.);
#3595 = ORIENTED_EDGE('',*,*,#3520,.F.);
#3596 = ORIENTED_EDGE('',*,*,#1018,.F.);
#3597 = ADVANCED_FACE('',(#3598),#530,.F.);
#3598 = FACE_BOUND('',#3599,.T.);
#3599 = EDGE_LOOP('',(#3600,#3601,#3602,#3623));
#3600 = ORIENTED_EDGE('',*,*,#3549,.T.);
#3601 = ORIENTED_EDGE('',*,*,#2519,.T.);
#3602 = ORIENTED_EDGE('',*,*,#3603,.F.);
#3603 = EDGE_CURVE('',#515,#2520,#3604,.T.);
#3604 = SURFACE_CURVE('',#3605,(#3609,#3616),.PCURVE_S1.);
#3605 = LINE('',#3606,#3607);
#3606 = CARTESIAN_POINT('',(-52.,218.299,-121.711));
#3607 = VECTOR('',#3608,1.);
#3608 = DIRECTION('',(-1.,-0.,-0.));
#3609 = PCURVE('',#530,#3610);
#3610 = DEFINITIONAL_REPRESENTATION('',(#3611),#3615);
#3611 = LINE('',#3612,#3613);
#3612 = CARTESIAN_POINT('',(-3.311634339718,0.));
#3613 = VECTOR('',#3614,1.);
#3614 = DIRECTION('',(-0.,-1.));
#3615 = ( GEOMETRIC_REPRESENTATION_CONTEXT(2) 
PARAMETRIC_REPRESENTATION_CONTEXT() REPRESENTATION_CONTEXT('2D SPACE',''
  ) );
#3616 = PCURVE('',#558,#3617);
#3617 = DEFINITIONAL_REPRESENTATION('',(#3618),#3622);
#3618 = LINE('',#3619,#3620);
#3619 = CARTESIAN_POINT('',(-0.,0.));
#3620 = VECTOR('',#3621,1.);
#3621 = DIRECTION('',(-0.,-1.));
#3622 = ( GEOMETRIC_REPRESENTATION_CONTEXT(2) 
PARAMETRIC_REPRESENTATION_CONTEXT() REPRESENTATION_CONTEXT('2D SPACE',''
  ) );
#3623 = ORIENTED_EDGE('',*,*,#514,.F.);
#3624 = ADVANCED_FACE('',(#3625),#1006,.F.);
#3625 = FACE_BOUND('',#3626,.T.);
#3626 = EDGE_LOOP('',(#3627,#3648,#3649,#3650));
#3627 = ORIENTED_EDGE('',*,*,#3628,.T.);
#3628 = EDGE_CURVE('',#963,#2888,#3629,.T.);
#3629 = SURFACE_CURVE('',#3630,(#3634,#3641),.PCURVE_S1.);
#3630 = LINE('',#3631,#3632);
#3631 = CARTESIAN_POINT('',(-52.,218.299,-84.289));
#3632 = VECTOR('',#3633,1.);
#3633 = DIRECTION('',(-1.,-0.,-0.));
#3634 = PCURVE('',#1006,#3635);
#3635 = DEFINITIONAL_REPRESENTATION('',(#3636),#3640);
#3636 = LINE('',#3637,#3638);
#3637 = CARTESIAN_POINT('',(-0.,0.));
#3638 = VECTOR('',#3639,1.);
#3639 = DIRECTION('',(-0.,-1.));
#3640 = ( GEOMETRIC_REPRESENTATION_CONTEXT(2) 
PARAMETRIC_REPRESENTATION_CONTEXT() REPRESENTATION_CONTEXT('2D SPACE',''
  ) );
#3641 = PCURVE('',#978,#3642);
#3642 = DEFINITIONAL_REPRESENTATION('',(#3643),#3647);
#3643 = LINE('',#3644,#3645);
#3644 = CARTESIAN_POINT('',(-3.311804643997,0.));
#3645 = VECTOR('',#3646,1.);
#3646 = DIRECTION('',(-0.,-1.));
#3647 = ( GEOMETRIC_REPRESENTATION_CONTEXT(2) 
PARAMETRIC_REPRESENTATION_CONTEXT() REPRESENTATION_CONTEXT('2D SPACE',''
  ) );
#3648 = ORIENTED_EDGE('',*,*,#2910,.T.);
#3649 = ORIENTED_EDGE('',*,*,#3574,.F.);
#3650 = ORIENTED_EDGE('',*,*,#990,.F.);
#3651 = ADVANCED_FACE('',(#3652),#558,.F.);
#3652 = FACE_BOUND('',#3653,.T.);
#3653 = EDGE_LOOP('',(#3654,#3655,#3656,#3677));
#3654 = ORIENTED_EDGE('',*,*,#3603,.T.);
#3655 = ORIENTED_EDGE('',*,*,#2542,.T.);
#3656 = ORIENTED_EDGE('',*,*,#3657,.F.);
#3657 = EDGE_CURVE('',#543,#2543,#3658,.T.);
#3658 = SURFACE_CURVE('',#3659,(#3663,#3670),.PCURVE_S1.);
#3659 = LINE('',#3660,#3661);
#3660 = CARTESIAN_POINT('',(-52.,221.498,-120.854));
#3661 = VECTOR('',#3662,1.);
#3662 = DIRECTION('',(-1.,-0.,-0.));
#3663 = PCURVE('',#558,#3664);
#3664 = DEFINITIONAL_REPRESENTATION('',(#3665),#3669);
#3665 = LINE('',#3666,#3667);
#3666 = CARTESIAN_POINT('',(-3.311804643997,0.));
#3667 = VECTOR('',#3668,1.);
#3668 = DIRECTION('',(-0.,-1.));
#3669 = ( GEOMETRIC_REPRESENTATION_CONTEXT(2) 
PARAMETRIC_REPRESENTATION_CONTEXT() REPRESENTATION_CONTEXT('2D SPACE',''
  ) );
#3670 = PCURVE('',#586,#3671);
#3671 = DEFINITIONAL_REPRESENTATION('',(#3672),#3676);
#3672 = LINE('',#3673,#3674);
#3673 = CARTESIAN_POINT('',(-0.,0.));
#3674 = VECTOR('',#3675,1.);
#3675 = DIRECTION('',(-0.,-1.));
#3676 = ( GEOMETRIC_REPRESENTATION_CONTEXT(2) 
PARAMETRIC_REPRESENTATION_CONTEXT() REPRESENTATION_CONTEXT('2D SPACE',''
  ) );
#3677 = ORIENTED_EDGE('',*,*,#542,.F.);
#3678 = ADVANCED_FACE('',(#3679),#978,.F.);
#3679 = FACE_BOUND('',#3680,.T.);
#3680 = EDGE_LOOP('',(#3681,#3702,#3703,#3704));
#3681 = ORIENTED_EDGE('',*,*,#3682,.T.);
#3682 = EDGE_CURVE('',#935,#2865,#3683,.T.);
#3683 = SURFACE_CURVE('',#3684,(#3688,#3695),.PCURVE_S1.);
#3684 = LINE('',#3685,#3686);
#3685 = CARTESIAN_POINT('',(-52.,221.498,-85.146));
#3686 = VECTOR('',#3687,1.);
#3687 = DIRECTION('',(-1.,-0.,-0.));
#3688 = PCURVE('',#978,#3689);
#3689 = DEFINITIONAL_REPRESENTATION('',(#3690),#3694);
#3690 = LINE('',#3691,#3692);
#3691 = CARTESIAN_POINT('',(-0.,0.));
#3692 = VECTOR('',#3693,1.);
#3693 = DIRECTION('',(-0.,-1.));
#3694 = ( GEOMETRIC_REPRESENTATION_CONTEXT(2) 
PARAMETRIC_REPRESENTATION_CONTEXT() REPRESENTATION_CONTEXT('2D SPACE',''
  ) );
#3695 = PCURVE('',#950,#3696);
#3696 = DEFINITIONAL_REPRESENTATION('',(#3697),#3701);
#3697 = LINE('',#3698,#3699);
#3698 = CARTESIAN_POINT('',(-3.312401545707,0.));
#3699 = VECTOR('',#3700,1.);
#3700 = DIRECTION('',(-0.,-1.));
#3701 = ( GEOMETRIC_REPRESENTATION_CONTEXT(2) 
PARAMETRIC_REPRESENTATION_CONTEXT() REPRESENTATION_CONTEXT('2D SPACE',''
  ) );
#3702 = ORIENTED_EDGE('',*,*,#2887,.T.);
#3703 = ORIENTED_EDGE('',*,*,#3628,.F.);
#3704 = ORIENTED_EDGE('',*,*,#962,.F.);
#3705 = ADVANCED_FACE('',(#3706),#586,.F.);
#3706 = FACE_BOUND('',#3707,.T.);
#3707 = EDGE_LOOP('',(#3708,#3709,#3710,#3731));
#3708 = ORIENTED_EDGE('',*,*,#3657,.T.);
#3709 = ORIENTED_EDGE('',*,*,#2565,.T.);
#3710 = ORIENTED_EDGE('',*,*,#3711,.F.);
#3711 = EDGE_CURVE('',#571,#2566,#3712,.T.);
#3712 = SURFACE_CURVE('',#3713,(#3717,#3724),.PCURVE_S1.);
#3713 = LINE('',#3714,#3715);
#3714 = CARTESIAN_POINT('',(-52.,224.5,-119.454));
#3715 = VECTOR('',#3716,1.);
#3716 = DIRECTION('',(-1.,-0.,-0.));
#3717 = PCURVE('',#586,#3718);
#3718 = DEFINITIONAL_REPRESENTATION('',(#3719),#3723);
#3719 = LINE('',#3720,#3721);
#3720 = CARTESIAN_POINT('',(-3.312401545707,0.));
#3721 = VECTOR('',#3722,1.);
#3722 = DIRECTION('',(-0.,-1.));
#3723 = ( GEOMETRIC_REPRESENTATION_CONTEXT(2) 
PARAMETRIC_REPRESENTATION_CONTEXT() REPRESENTATION_CONTEXT('2D SPACE',''
  ) );
#3724 = PCURVE('',#614,#3725);
#3725 = DEFINITIONAL_REPRESENTATION('',(#3726),#3730);
#3726 = LINE('',#3727,#3728);
#3727 = CARTESIAN_POINT('',(-0.,0.));
#3728 = VECTOR('',#3729,1.);
#3729 = DIRECTION('',(-0.,-1.));
#3730 = ( GEOMETRIC_REPRESENTATION_CONTEXT(2) 
PARAMETRIC_REPRESENTATION_CONTEXT() REPRESENTATION_CONTEXT('2D SPACE',''
  ) );
#3731 = ORIENTED_EDGE('',*,*,#570,.F.);
#3732 = ADVANCED_FACE('',(#3733),#950,.F.);
#3733 = FACE_BOUND('',#3734,.T.);
#3734 = EDGE_LOOP('',(#3735,#3756,#3757,#3758));
#3735 = ORIENTED_EDGE('',*,*,#3736,.T.);
#3736 = EDGE_CURVE('',#907,#2842,#3737,.T.);
#3737 = SURFACE_CURVE('',#3738,(#3742,#3749),.PCURVE_S1.);
#3738 = LINE('',#3739,#3740);
#3739 = CARTESIAN_POINT('',(-52.,224.5,-86.546));
#3740 = VECTOR('',#3741,1.);
#3741 = DIRECTION('',(-1.,-0.,-0.));
#3742 = PCURVE('',#950,#3743);
#3743 = DEFINITIONAL_REPRESENTATION('',(#3744),#3748);
#3744 = LINE('',#3745,#3746);
#3745 = CARTESIAN_POINT('',(-0.,0.));
#3746 = VECTOR('',#3747,1.);
#3747 = DIRECTION('',(-0.,-1.));
#3748 = ( GEOMETRIC_REPRESENTATION_CONTEXT(2) 
PARAMETRIC_REPRESENTATION_CONTEXT() REPRESENTATION_CONTEXT('2D SPACE',''
  ) );
#3749 = PCURVE('',#922,#3750);
#3750 = DEFINITIONAL_REPRESENTATION('',(#3751),#3755);
#3751 = LINE('',#3752,#3753);
#3752 = CARTESIAN_POINT('',(-3.311581193327,0.));
#3753 = VECTOR('',#3754,1.);
#3754 = DIRECTION('',(-0.,-1.));
#3755 = ( GEOMETRIC_REPRESENTATION_CONTEXT(2) 
PARAMETRIC_REPRESENTATION_CONTEXT() REPRESENTATION_CONTEXT('2D SPACE',''
  ) );
#3756 = ORIENTED_EDGE('',*,*,#2864,.T.);
#3757 = ORIENTED_EDGE('',*,*,#3682,.F.);
#3758 = ORIENTED_EDGE('',*,*,#934,.F.);
#3759 = ADVANCED_FACE('',(#3760),#614,.F.);
#3760 = FACE_BOUND('',#3761,.T.);
#3761 = EDGE_LOOP('',(#3762,#3763,#3764,#3785));
#3762 = ORIENTED_EDGE('',*,*,#3711,.T.);
#3763 = ORIENTED_EDGE('',*,*,#2588,.T.);
#3764 = ORIENTED_EDGE('',*,*,#3765,.F.);
#3765 = EDGE_CURVE('',#599,#2589,#3766,.T.);
#3766 = SURFACE_CURVE('',#3767,(#3771,#3778),.PCURVE_S1.);
#3767 = LINE('',#3768,#3769);
#3768 = CARTESIAN_POINT('',(-52.,227.213,-117.555));
#3769 = VECTOR('',#3770,1.);
#3770 = DIRECTION('',(-1.,-0.,-0.));
#3771 = PCURVE('',#614,#3772);
#3772 = DEFINITIONAL_REPRESENTATION('',(#3773),#3777);
#3773 = LINE('',#3774,#3775);
#3774 = CARTESIAN_POINT('',(-3.311581193327,0.));
#3775 = VECTOR('',#3776,1.);
#3776 = DIRECTION('',(-0.,-1.));
#3777 = ( GEOMETRIC_REPRESENTATION_CONTEXT(2) 
PARAMETRIC_REPRESENTATION_CONTEXT() REPRESENTATION_CONTEXT('2D SPACE',''
  ) );
#3778 = PCURVE('',#642,#3779);
#3779 = DEFINITIONAL_REPRESENTATION('',(#3780),#3784);
#3780 = LINE('',#3781,#3782);
#3781 = CARTESIAN_POINT('',(-0.,0.));
#3782 = VECTOR('',#3783,1.);
#3783 = DIRECTION('',(-0.,-1.));
#3784 = ( GEOMETRIC_REPRESENTATION_CONTEXT(2) 
PARAMETRIC_REPRESENTATION_CONTEXT() REPRESENTATION_CONTEXT('2D SPACE',''
  ) );
#3785 = ORIENTED_EDGE('',*,*,#598,.F.);
#3786 = ADVANCED_FACE('',(#3787),#922,.F.);
#3787 = FACE_BOUND('',#3788,.T.);
#3788 = EDGE_LOOP('',(#3789,#3810,#3811,#3812));
#3789 = ORIENTED_EDGE('',*,*,#3790,.T.);
#3790 = EDGE_CURVE('',#879,#2819,#3791,.T.);
#3791 = SURFACE_CURVE('',#3792,(#3796,#3803),.PCURVE_S1.);
#3792 = LINE('',#3793,#3794);
#3793 = CARTESIAN_POINT('',(-52.,227.213,-88.445));
#3794 = VECTOR('',#3795,1.);
#3795 = DIRECTION('',(-1.,-0.,-0.));
#3796 = PCURVE('',#922,#3797);
#3797 = DEFINITIONAL_REPRESENTATION('',(#3798),#3802);
#3798 = LINE('',#3799,#3800);
#3799 = CARTESIAN_POINT('',(-0.,0.));
#3800 = VECTOR('',#3801,1.);
#3801 = DIRECTION('',(-0.,-1.));
#3802 = ( GEOMETRIC_REPRESENTATION_CONTEXT(2) 
PARAMETRIC_REPRESENTATION_CONTEXT() REPRESENTATION_CONTEXT('2D SPACE',''
  ) );
#3803 = PCURVE('',#894,#3804);
#3804 = DEFINITIONAL_REPRESENTATION('',(#3805),#3809);
#3805 = LINE('',#3806,#3807);
#3806 = CARTESIAN_POINT('',(-3.312088163078,0.));
#3807 = VECTOR('',#3808,1.);
#3808 = DIRECTION('',(-0.,-1.));
#3809 = ( GEOMETRIC_REPRESENTATION_CONTEXT(2) 
PARAMETRIC_REPRESENTATION_CONTEXT() REPRESENTATION_CONTEXT('2D SPACE',''
  ) );
#3810 = ORIENTED_EDGE('',*,*,#2841,.T.);
#3811 = ORIENTED_EDGE('',*,*,#3736,.F.);
#3812 = ORIENTED_EDGE('',*,*,#906,.F.);
#3813 = ADVANCED_FACE('',(#3814),#642,.F.);
#3814 = FACE_BOUND('',#3815,.T.);
#3815 = EDGE_LOOP('',(#3816,#3817,#3818,#3839));
#3816 = ORIENTED_EDGE('',*,*,#3765,.T.);
#3817 = ORIENTED_EDGE('',*,*,#2611,.T.);
#3818 = ORIENTED_EDGE('',*,*,#3819,.F.);
#3819 = EDGE_CURVE('',#627,#2612,#3820,.T.);
#3820 = SURFACE_CURVE('',#3821,(#3825,#3832),.PCURVE_S1.);
#3821 = LINE('',#3822,#3823);
#3822 = CARTESIAN_POINT('',(-52.,229.555,-115.213));
#3823 = VECTOR('',#3824,1.);
#3824 = DIRECTION('',(-1.,-0.,-0.));
#3825 = PCURVE('',#642,#3826);
#3826 = DEFINITIONAL_REPRESENTATION('',(#3827),#3831);
#3827 = LINE('',#3828,#3829);
#3828 = CARTESIAN_POINT('',(-3.312088163078,0.));
#3829 = VECTOR('',#3830,1.);
#3830 = DIRECTION('',(-0.,-1.));
#3831 = ( GEOMETRIC_REPRESENTATION_CONTEXT(2) 
PARAMETRIC_REPRESENTATION_CONTEXT() REPRESENTATION_CONTEXT('2D SPACE',''
  ) );
#3832 = PCURVE('',#670,#3833);
#3833 = DEFINITIONAL_REPRESENTATION('',(#3834),#3838);
#3834 = LINE('',#3835,#3836);
#3835 = CARTESIAN_POINT('',(-0.,0.));
#3836 = VECTOR('',#3837,1.);
#3837 = DIRECTION('',(-0.,-1.));
#3838 = ( GEOMETRIC_REPRESENTATION_CONTEXT(2) 
PARAMETRIC_REPRESENTATION_CONTEXT() REPRESENTATION_CONTEXT('2D SPACE',''
  ) );
#3839 = ORIENTED_EDGE('',*,*,#626,.F.);
#3840 = ADVANCED_FACE('',(#3841),#894,.F.);
#3841 = FACE_BOUND('',#3842,.T.);
#3842 = EDGE_LOOP('',(#3843,#3864,#3865,#3866));
#3843 = ORIENTED_EDGE('',*,*,#3844,.T.);
#3844 = EDGE_CURVE('',#851,#2796,#3845,.T.);
#3845 = SURFACE_CURVE('',#3846,(#3850,#3857),.PCURVE_S1.);
#3846 = LINE('',#3847,#3848);
#3847 = CARTESIAN_POINT('',(-52.,229.555,-90.787));
#3848 = VECTOR('',#3849,1.);
#3849 = DIRECTION('',(-1.,-0.,-0.));
#3850 = PCURVE('',#894,#3851);
#3851 = DEFINITIONAL_REPRESENTATION('',(#3852),#3856);
#3852 = LINE('',#3853,#3854);
#3853 = CARTESIAN_POINT('',(-0.,0.));
#3854 = VECTOR('',#3855,1.);
#3855 = DIRECTION('',(-0.,-1.));
#3856 = ( GEOMETRIC_REPRESENTATION_CONTEXT(2) 
PARAMETRIC_REPRESENTATION_CONTEXT() REPRESENTATION_CONTEXT('2D SPACE',''
  ) );
#3857 = PCURVE('',#866,#3858);
#3858 = DEFINITIONAL_REPRESENTATION('',(#3859),#3863);
#3859 = LINE('',#3860,#3861);
#3860 = CARTESIAN_POINT('',(-3.311581193327,0.));
#3861 = VECTOR('',#3862,1.);
#3862 = DIRECTION('',(-0.,-1.));
#3863 = ( GEOMETRIC_REPRESENTATION_CONTEXT(2) 
PARAMETRIC_REPRESENTATION_CONTEXT() REPRESENTATION_CONTEXT('2D SPACE',''
  ) );
#3864 = ORIENTED_EDGE('',*,*,#2818,.T.);
#3865 = ORIENTED_EDGE('',*,*,#3790,.F.);
#3866 = ORIENTED_EDGE('',*,*,#878,.F.);
#3867 = ADVANCED_FACE('',(#3868),#670,.F.);
#3868 = FACE_BOUND('',#3869,.T.);
#3869 = EDGE_LOOP('',(#3870,#3871,#3872,#3893));
#3870 = ORIENTED_EDGE('',*,*,#3819,.T.);
#3871 = ORIENTED_EDGE('',*,*,#2634,.T.);
#3872 = ORIENTED_EDGE('',*,*,#3873,.F.);
#3873 = EDGE_CURVE('',#655,#2635,#3874,.T.);
#3874 = SURFACE_CURVE('',#3875,(#3879,#3886),.PCURVE_S1.);
#3875 = LINE('',#3876,#3877);
#3876 = CARTESIAN_POINT('',(-52.,231.454,-112.5));
#3877 = VECTOR('',#3878,1.);
#3878 = DIRECTION('',(-1.,-0.,-0.));
#3879 = PCURVE('',#670,#3880);
#3880 = DEFINITIONAL_REPRESENTATION('',(#3881),#3885);
#3881 = LINE('',#3882,#3883);
#3882 = CARTESIAN_POINT('',(-3.311581193327,0.));
#3883 = VECTOR('',#3884,1.);
#3884 = DIRECTION('',(-0.,-1.));
#3885 = ( GEOMETRIC_REPRESENTATION_CONTEXT(2) 
PARAMETRIC_REPRESENTATION_CONTEXT() REPRESENTATION_CONTEXT('2D SPACE',''
  ) );
#3886 = PCURVE('',#698,#3887);
#3887 = DEFINITIONAL_REPRESENTATION('',(#3888),#3892);
#3888 = LINE('',#3889,#3890);
#3889 = CARTESIAN_POINT('',(-0.,0.));
#3890 = VECTOR('',#3891,1.);
#3891 = DIRECTION('',(-0.,-1.));
#3892 = ( GEOMETRIC_REPRESENTATION_CONTEXT(2) 
PARAMETRIC_REPRESENTATION_CONTEXT() REPRESENTATION_CONTEXT('2D SPACE',''
  ) );
#3893 = ORIENTED_EDGE('',*,*,#654,.F.);
#3894 = ADVANCED_FACE('',(#3895),#866,.F.);
#3895 = FACE_BOUND('',#3896,.T.);
#3896 = EDGE_LOOP('',(#3897,#3918,#3919,#3920));
#3897 = ORIENTED_EDGE('',*,*,#3898,.T.);
#3898 = EDGE_CURVE('',#823,#2773,#3899,.T.);
#3899 = SURFACE_CURVE('',#3900,(#3904,#3911),.PCURVE_S1.);
#3900 = LINE('',#3901,#3902);
#3901 = CARTESIAN_POINT('',(-52.,231.454,-93.5));
#3902 = VECTOR('',#3903,1.);
#3903 = DIRECTION('',(-1.,-0.,-0.));
#3904 = PCURVE('',#866,#3905);
#3905 = DEFINITIONAL_REPRESENTATION('',(#3906),#3910);
#3906 = LINE('',#3907,#3908);
#3907 = CARTESIAN_POINT('',(-0.,0.));
#3908 = VECTOR('',#3909,1.);
#3909 = DIRECTION('',(-0.,-1.));
#3910 = ( GEOMETRIC_REPRESENTATION_CONTEXT(2) 
PARAMETRIC_REPRESENTATION_CONTEXT() REPRESENTATION_CONTEXT('2D SPACE',''
  ) );
#3911 = PCURVE('',#838,#3912);
#3912 = DEFINITIONAL_REPRESENTATION('',(#3913),#3917);
#3913 = LINE('',#3914,#3915);
#3914 = CARTESIAN_POINT('',(-3.312401545707,0.));
#3915 = VECTOR('',#3916,1.);
#3916 = DIRECTION('',(-0.,-1.));
#3917 = ( GEOMETRIC_REPRESENTATION_CONTEXT(2) 
PARAMETRIC_REPRESENTATION_CONTEXT() REPRESENTATION_CONTEXT('2D SPACE',''
  ) );
#3918 = ORIENTED_EDGE('',*,*,#2795,.T.);
#3919 = ORIENTED_EDGE('',*,*,#3844,.F.);
#3920 = ORIENTED_EDGE('',*,*,#850,.F.);
#3921 = ADVANCED_FACE('',(#3922),#698,.F.);
#3922 = FACE_BOUND('',#3923,.T.);
#3923 = EDGE_LOOP('',(#3924,#3925,#3926,#3947));
#3924 = ORIENTED_EDGE('',*,*,#3873,.T.);
#3925 = ORIENTED_EDGE('',*,*,#2657,.T.);
#3926 = ORIENTED_EDGE('',*,*,#3927,.F.);
#3927 = EDGE_CURVE('',#683,#2658,#3928,.T.);
#3928 = SURFACE_CURVE('',#3929,(#3933,#3940),.PCURVE_S1.);
#3929 = LINE('',#3930,#3931);
#3930 = CARTESIAN_POINT('',(-52.,232.854,-109.498));
#3931 = VECTOR('',#3932,1.);
#3932 = DIRECTION('',(-1.,-0.,-0.));
#3933 = PCURVE('',#698,#3934);
#3934 = DEFINITIONAL_REPRESENTATION('',(#3935),#3939);
#3935 = LINE('',#3936,#3937);
#3936 = CARTESIAN_POINT('',(-3.312401545707,0.));
#3937 = VECTOR('',#3938,1.);
#3938 = DIRECTION('',(-0.,-1.));
#3939 = ( GEOMETRIC_REPRESENTATION_CONTEXT(2) 
PARAMETRIC_REPRESENTATION_CONTEXT() REPRESENTATION_CONTEXT('2D SPACE',''
  ) );
#3940 = PCURVE('',#726,#3941);
#3941 = DEFINITIONAL_REPRESENTATION('',(#3942),#3946);
#3942 = LINE('',#3943,#3944);
#3943 = CARTESIAN_POINT('',(-0.,0.));
#3944 = VECTOR('',#3945,1.);
#3945 = DIRECTION('',(-0.,-1.));
#3946 = ( GEOMETRIC_REPRESENTATION_CONTEXT(2) 
PARAMETRIC_REPRESENTATION_CONTEXT() REPRESENTATION_CONTEXT('2D SPACE',''
  ) );
#3947 = ORIENTED_EDGE('',*,*,#682,.F.);
#3948 = ADVANCED_FACE('',(#3949),#838,.F.);
#3949 = FACE_BOUND('',#3950,.T.);
#3950 = EDGE_LOOP('',(#3951,#3972,#3973,#3974));
#3951 = ORIENTED_EDGE('',*,*,#3952,.T.);
#3952 = EDGE_CURVE('',#795,#2750,#3953,.T.);
#3953 = SURFACE_CURVE('',#3954,(#3958,#3965),.PCURVE_S1.);
#3954 = LINE('',#3955,#3956);
#3955 = CARTESIAN_POINT('',(-52.,232.854,-96.502));
#3956 = VECTOR('',#3957,1.);
#3957 = DIRECTION('',(-1.,-0.,-0.));
#3958 = PCURVE('',#838,#3959);
#3959 = DEFINITIONAL_REPRESENTATION('',(#3960),#3964);
#3960 = LINE('',#3961,#3962);
#3961 = CARTESIAN_POINT('',(-0.,0.));
#3962 = VECTOR('',#3963,1.);
#3963 = DIRECTION('',(-0.,-1.));
#3964 = ( GEOMETRIC_REPRESENTATION_CONTEXT(2) 
PARAMETRIC_REPRESENTATION_CONTEXT() REPRESENTATION_CONTEXT('2D SPACE',''
  ) );
#3965 = PCURVE('',#810,#3966);
#3966 = DEFINITIONAL_REPRESENTATION('',(#3967),#3971);
#3967 = LINE('',#3968,#3969);
#3968 = CARTESIAN_POINT('',(-3.311804643997,0.));
#3969 = VECTOR('',#3970,1.);
#3970 = DIRECTION('',(-0.,-1.));
#3971 = ( GEOMETRIC_REPRESENTATION_CONTEXT(2) 
PARAMETRIC_REPRESENTATION_CONTEXT() REPRESENTATION_CONTEXT('2D SPACE',''
  ) );
#3972 = ORIENTED_EDGE('',*,*,#2772,.T.);
#3973 = ORIENTED_EDGE('',*,*,#3898,.F.);
#3974 = ORIENTED_EDGE('',*,*,#822,.F.);
#3975 = ADVANCED_FACE('',(#3976),#726,.F.);
#3976 = FACE_BOUND('',#3977,.T.);
#3977 = EDGE_LOOP('',(#3978,#3979,#3980,#4001));
#3978 = ORIENTED_EDGE('',*,*,#3927,.T.);
#3979 = ORIENTED_EDGE('',*,*,#2680,.T.);
#3980 = ORIENTED_EDGE('',*,*,#3981,.F.);
#3981 = EDGE_CURVE('',#711,#2681,#3982,.T.);
#3982 = SURFACE_CURVE('',#3983,(#3987,#3994),.PCURVE_S1.);
#3983 = LINE('',#3984,#3985);
#3984 = CARTESIAN_POINT('',(-52.,233.711,-106.299));
#3985 = VECTOR('',#3986,1.);
#3986 = DIRECTION('',(-1.,-0.,-0.));
#3987 = PCURVE('',#726,#3988);
#3988 = DEFINITIONAL_REPRESENTATION('',(#3989),#3993);
#3989 = LINE('',#3990,#3991);
#3990 = CARTESIAN_POINT('',(-3.311804643997,0.));
#3991 = VECTOR('',#3992,1.);
#3992 = DIRECTION('',(-0.,-1.));
#3993 = ( GEOMETRIC_REPRESENTATION_CONTEXT(2) 
PARAMETRIC_REPRESENTATION_CONTEXT() REPRESENTATION_CONTEXT('2D SPACE',''
  ) );
#3994 = PCURVE('',#754,#3995);
#3995 = DEFINITIONAL_REPRESENTATION('',(#3996),#4000);
#3996 = LINE('',#3997,#3998);
#3997 = CARTESIAN_POINT('',(-0.,0.));
#3998 = VECTOR('',#3999,1.);
#3999 = DIRECTION('',(-0.,-1.));
#4000 = ( GEOMETRIC_REPRESENTATION_CONTEXT(2) 
PARAMETRIC_REPRESENTATION_CONTEXT() REPRESENTATION_CONTEXT('2D SPACE',''
  ) );
#4001 = ORIENTED_EDGE('',*,*,#710,.F.);
#4002 = ADVANCED_FACE('',(#4003),#810,.F.);
#4003 = FACE_BOUND('',#4004,.T.);
#4004 = EDGE_LOOP('',(#4005,#4026,#4027,#4028));
#4005 = ORIENTED_EDGE('',*,*,#4006,.T.);
#4006 = EDGE_CURVE('',#767,#2727,#4007,.T.);
#4007 = SURFACE_CURVE('',#4008,(#4012,#4019),.PCURVE_S1.);
#4008 = LINE('',#4009,#4010);
#4009 = CARTESIAN_POINT('',(-52.,233.711,-99.701));
#4010 = VECTOR('',#4011,1.);
#4011 = DIRECTION('',(-1.,-0.,-0.));
#4012 = PCURVE('',#810,#4013);
#4013 = DEFINITIONAL_REPRESENTATION('',(#4014),#4018);
#4014 = LINE('',#4015,#4016);
#4015 = CARTESIAN_POINT('',(-0.,0.));
#4016 = VECTOR('',#4017,1.);
#4017 = DIRECTION('',(-0.,-1.));
#4018 = ( GEOMETRIC_REPRESENTATION_CONTEXT(2) 
PARAMETRIC_REPRESENTATION_CONTEXT() REPRESENTATION_CONTEXT('2D SPACE',''
  ) );
#4019 = PCURVE('',#782,#4020);
#4020 = DEFINITIONAL_REPRESENTATION('',(#4021),#4025);
#4021 = LINE('',#4022,#4023);
#4022 = CARTESIAN_POINT('',(-3.311634339718,0.));
#4023 = VECTOR('',#4024,1.);
#4024 = DIRECTION('',(-0.,-1.));
#4025 = ( GEOMETRIC_REPRESENTATION_CONTEXT(2) 
PARAMETRIC_REPRESENTATION_CONTEXT() REPRESENTATION_CONTEXT('2D SPACE',''
  ) );
#4026 = ORIENTED_EDGE('',*,*,#2749,.T.);
#4027 = ORIENTED_EDGE('',*,*,#3952,.F.);
#4028 = ORIENTED_EDGE('',*,*,#794,.F.);
#4029 = ADVANCED_FACE('',(#4030),#754,.F.);
#4030 = FACE_BOUND('',#4031,.T.);
#4031 = EDGE_LOOP('',(#4032,#4033,#4034,#4055));
#4032 = ORIENTED_EDGE('',*,*,#3981,.T.);
#4033 = ORIENTED_EDGE('',*,*,#2703,.T.);
#4034 = ORIENTED_EDGE('',*,*,#4035,.F.);
#4035 = EDGE_CURVE('',#739,#2704,#4036,.T.);
#4036 = SURFACE_CURVE('',#4037,(#4041,#4048),.PCURVE_S1.);
#4037 = LINE('',#4038,#4039);
#4038 = CARTESIAN_POINT('',(-52.,234.,-103.));
#4039 = VECTOR('',#4040,1.);
#4040 = DIRECTION('',(-1.,-0.,-0.));
#4041 = PCURVE('',#754,#4042);
#4042 = DEFINITIONAL_REPRESENTATION('',(#4043),#4047);
#4043 = LINE('',#4044,#4045);
#4044 = CARTESIAN_POINT('',(-3.311634339718,0.));
#4045 = VECTOR('',#4046,1.);
#4046 = DIRECTION('',(-0.,-1.));
#4047 = ( GEOMETRIC_REPRESENTATION_CONTEXT(2) 
PARAMETRIC_REPRESENTATION_CONTEXT() REPRESENTATION_CONTEXT('2D SPACE',''
  ) );
#4048 = PCURVE('',#782,#4049);
#4049 = DEFINITIONAL_REPRESENTATION('',(#4050),#4054);
#4050 = LINE('',#4051,#4052);
#4051 = CARTESIAN_POINT('',(-0.,0.));
#4052 = VECTOR('',#4053,1.);
#4053 = DIRECTION('',(-0.,-1.));
#4054 = ( GEOMETRIC_REPRESENTATION_CONTEXT(2) 
PARAMETRIC_REPRESENTATION_CONTEXT() REPRESENTATION_CONTEXT('2D SPACE',''
  ) );
#4055 = ORIENTED_EDGE('',*,*,#738,.F.);
#4056 = ADVANCED_FACE('',(#4057),#782,.F.);
#4057 = FACE_BOUND('',#4058,.T.);
#4058 = EDGE_LOOP('',(#4059,#4060,#4061,#4062));
#4059 = ORIENTED_EDGE('',*,*,#4035,.T.);
#4060 = ORIENTED_EDGE('',*,*,#2726,.T.);
#4061 = ORIENTED_EDGE('',*,*,#4006,.F.);
#4062 = ORIENTED_EDGE('',*,*,#766,.F.);
#4063 = ADVANCED_FACE('',(#4064),#1284,.T.);
#4064 = FACE_BOUND('',#4065,.F.);
#4065 = EDGE_LOOP('',(#4066,#4067,#4090,#4118));
#4066 = ORIENTED_EDGE('',*,*,#1266,.T.);
#4067 = ORIENTED_EDGE('',*,*,#4068,.T.);
#4068 = EDGE_CURVE('',#1269,#4069,#4071,.T.);
#4069 = VERTEX_POINT('',#4070);
#4070 = CARTESIAN_POINT('',(-76.,84.614,-114.952));
#4071 = SURFACE_CURVE('',#4072,(#4076,#4083),.PCURVE_S1.);
#4072 = LINE('',#4073,#4074);
#4073 = CARTESIAN_POINT('',(-51.,84.614,-114.952));
#4074 = VECTOR('',#4075,1.);
#4075 = DIRECTION('',(-1.,-0.,-0.));
#4076 = PCURVE('',#1284,#4077);
#4077 = DEFINITIONAL_REPRESENTATION('',(#4078),#4082);
#4078 = LINE('',#4079,#4080);
#4079 = CARTESIAN_POINT('',(-0.,0.));
#4080 = VECTOR('',#4081,1.);
#4081 = DIRECTION('',(-0.,-1.));
#4082 = ( GEOMETRIC_REPRESENTATION_CONTEXT(2) 
PARAMETRIC_REPRESENTATION_CONTEXT() REPRESENTATION_CONTEXT('2D SPACE',''
  ) );
#4083 = PCURVE('',#1312,#4084);
#4084 = DEFINITIONAL_REPRESENTATION('',(#4085),#4089);
#4085 = LINE('',#4086,#4087);
#4086 = CARTESIAN_POINT('',(-2.963252942292,0.));
#4087 = VECTOR('',#4088,1.);
#4088 = DIRECTION('',(-0.,-1.));
#4089 = ( GEOMETRIC_REPRESENTATION_CONTEXT(2) 
PARAMETRIC_REPRESENTATION_CONTEXT() REPRESENTATION_CONTEXT('2D SPACE',''
  ) );
#4090 = ORIENTED_EDGE('',*,*,#4091,.T.);
#4091 = EDGE_CURVE('',#4069,#4092,#4094,.T.);
#4092 = VERTEX_POINT('',#4093);
#4093 = CARTESIAN_POINT('',(-76.,85.381,-117.814));
#4094 = SURFACE_CURVE('',#4095,(#4099,#4106),.PCURVE_S1.);
#4095 = LINE('',#4096,#4097);
#4096 = CARTESIAN_POINT('',(-76.,84.614,-114.952));
#4097 = VECTOR('',#4098,1.);
#4098 = DIRECTION('',(-0.,0.25885979499,-0.965914906468));
#4099 = PCURVE('',#1284,#4100);
#4100 = DEFINITIONAL_REPRESENTATION('',(#4101),#4105);
#4101 = LINE('',#4102,#4103);
#4102 = CARTESIAN_POINT('',(-0.,-25.));
#4103 = VECTOR('',#4104,1.);
#4104 = DIRECTION('',(-1.,0.));
#4105 = ( GEOMETRIC_REPRESENTATION_CONTEXT(2) 
PARAMETRIC_REPRESENTATION_CONTEXT() REPRESENTATION_CONTEXT('2D SPACE',''
  ) );
#4106 = PCURVE('',#4107,#4112);
#4107 = PLANE('',#4108);
#4108 = AXIS2_PLACEMENT_3D('',#4109,#4110,#4111);
#4109 = CARTESIAN_POINT('',(-76.,158.17784492321,-107.5000086843));
#4110 = DIRECTION('',(-1.,-0.,-0.));
#4111 = DIRECTION('',(0.,0.,-1.));
#4112 = DEFINITIONAL_REPRESENTATION('',(#4113),#4117);
#4113 = LINE('',#4114,#4115);
#4114 = CARTESIAN_POINT('',(7.451991315602,73.563844923211));
#4115 = VECTOR('',#4116,1.);
#4116 = DIRECTION('',(0.965914906468,-0.25885979499));
#4117 = ( GEOMETRIC_REPRESENTATION_CONTEXT(2) 
PARAMETRIC_REPRESENTATION_CONTEXT() REPRESENTATION_CONTEXT('2D SPACE',''
  ) );
#4118 = ORIENTED_EDGE('',*,*,#4119,.F.);
#4119 = EDGE_CURVE('',#1267,#4092,#4120,.T.);
#4120 = SURFACE_CURVE('',#4121,(#4125,#4132),.PCURVE_S1.);
#4121 = LINE('',#4122,#4123);
#4122 = CARTESIAN_POINT('',(-51.,85.381,-117.814));
#4123 = VECTOR('',#4124,1.);
#4124 = DIRECTION('',(-1.,-0.,-0.));
#4125 = PCURVE('',#1284,#4126);
#4126 = DEFINITIONAL_REPRESENTATION('',(#4127),#4131);
#4127 = LINE('',#4128,#4129);
#4128 = CARTESIAN_POINT('',(-2.96299392507,0.));
#4129 = VECTOR('',#4130,1.);
#4130 = DIRECTION('',(-0.,-1.));
#4131 = ( GEOMETRIC_REPRESENTATION_CONTEXT(2) 
PARAMETRIC_REPRESENTATION_CONTEXT() REPRESENTATION_CONTEXT('2D SPACE',''
  ) );
#4132 = PCURVE('',#2318,#4133);
#4133 = DEFINITIONAL_REPRESENTATION('',(#4134),#4138);
#4134 = LINE('',#4135,#4136);
#4135 = CARTESIAN_POINT('',(-0.,0.));
#4136 = VECTOR('',#4137,1.);
#4137 = DIRECTION('',(-0.,-1.));
#4138 = ( GEOMETRIC_REPRESENTATION_CONTEXT(2) 
PARAMETRIC_REPRESENTATION_CONTEXT() REPRESENTATION_CONTEXT('2D SPACE',''
  ) );
#4139 = ADVANCED_FACE('',(#4140),#2318,.T.);
#4140 = FACE_BOUND('',#4141,.F.);
#4141 = EDGE_LOOP('',(#4142,#4143,#4144,#4167));
#4142 = ORIENTED_EDGE('',*,*,#2304,.T.);
#4143 = ORIENTED_EDGE('',*,*,#4119,.T.);
#4144 = ORIENTED_EDGE('',*,*,#4145,.T.);
#4145 = EDGE_CURVE('',#4092,#4146,#4148,.T.);
#4146 = VERTEX_POINT('',#4147);
#4147 = CARTESIAN_POINT('',(-76.,86.633,-120.5));
#4148 = SURFACE_CURVE('',#4149,(#4153,#4160),.PCURVE_S1.);
#4149 = LINE('',#4150,#4151);
#4150 = CARTESIAN_POINT('',(-76.,85.381,-117.814));
#4151 = VECTOR('',#4152,1.);
#4152 = DIRECTION('',(-0.,0.422479012987,-0.906372706775));
#4153 = PCURVE('',#2318,#4154);
#4154 = DEFINITIONAL_REPRESENTATION('',(#4155),#4159);
#4155 = LINE('',#4156,#4157);
#4156 = CARTESIAN_POINT('',(-0.,-25.));
#4157 = VECTOR('',#4158,1.);
#4158 = DIRECTION('',(-1.,0.));
#4159 = ( GEOMETRIC_REPRESENTATION_CONTEXT(2) 
PARAMETRIC_REPRESENTATION_CONTEXT() REPRESENTATION_CONTEXT('2D SPACE',''
  ) );
#4160 = PCURVE('',#4107,#4161);
#4161 = DEFINITIONAL_REPRESENTATION('',(#4162),#4166);
#4162 = LINE('',#4163,#4164);
#4163 = CARTESIAN_POINT('',(10.313991315602,72.796844923211));
#4164 = VECTOR('',#4165,1.);
#4165 = DIRECTION('',(0.906372706775,-0.422479012987));
#4166 = ( GEOMETRIC_REPRESENTATION_CONTEXT(2) 
PARAMETRIC_REPRESENTATION_CONTEXT() REPRESENTATION_CONTEXT('2D SPACE',''
  ) );
#4167 = ORIENTED_EDGE('',*,*,#4168,.F.);
#4168 = EDGE_CURVE('',#2277,#4146,#4169,.T.);
#4169 = SURFACE_CURVE('',#4170,(#4174,#4181),.PCURVE_S1.);
#4170 = LINE('',#4171,#4172);
#4171 = CARTESIAN_POINT('',(-51.,86.633,-120.5));
#4172 = VECTOR('',#4173,1.);
#4173 = DIRECTION('',(-1.,-0.,-0.));
#4174 = PCURVE('',#2318,#4175);
#4175 = DEFINITIONAL_REPRESENTATION('',(#4176),#4180);
#4176 = LINE('',#4177,#4178);
#4177 = CARTESIAN_POINT('',(-2.963460814656,0.));
#4178 = VECTOR('',#4179,1.);
#4179 = DIRECTION('',(-0.,-1.));
#4180 = ( GEOMETRIC_REPRESENTATION_CONTEXT(2) 
PARAMETRIC_REPRESENTATION_CONTEXT() REPRESENTATION_CONTEXT('2D SPACE',''
  ) );
#4181 = PCURVE('',#2292,#4182);
#4182 = DEFINITIONAL_REPRESENTATION('',(#4183),#4187);
#4183 = LINE('',#4184,#4185);
#4184 = CARTESIAN_POINT('',(-0.,0.));
#4185 = VECTOR('',#4186,1.);
#4186 = DIRECTION('',(-0.,-1.));
#4187 = ( GEOMETRIC_REPRESENTATION_CONTEXT(2) 
PARAMETRIC_REPRESENTATION_CONTEXT() REPRESENTATION_CONTEXT('2D SPACE',''
  ) );
#4188 = ADVANCED_FACE('',(#4189),#2292,.T.);
#4189 = FACE_BOUND('',#4190,.F.);
#4190 = EDGE_LOOP('',(#4191,#4192,#4193,#4216));
#4191 = ORIENTED_EDGE('',*,*,#2276,.T.);
#4192 = ORIENTED_EDGE('',*,*,#4168,.T.);
#4193 = ORIENTED_EDGE('',*,*,#4194,.T.);
#4194 = EDGE_CURVE('',#4146,#4195,#4197,.T.);
#4195 = VERTEX_POINT('',#4196);
#4196 = CARTESIAN_POINT('',(-76.,88.333,-122.927));
#4197 = SURFACE_CURVE('',#4198,(#4202,#4209),.PCURVE_S1.);
#4198 = LINE('',#4199,#4200);
#4199 = CARTESIAN_POINT('',(-76.,86.633,-120.5));
#4200 = VECTOR('',#4201,1.);
#4201 = DIRECTION('',(-0.,0.573711462182,-0.819057481598));
#4202 = PCURVE('',#2292,#4203);
#4203 = DEFINITIONAL_REPRESENTATION('',(#4204),#4208);
#4204 = LINE('',#4205,#4206);
#4205 = CARTESIAN_POINT('',(-0.,-25.));
#4206 = VECTOR('',#4207,1.);
#4207 = DIRECTION('',(-1.,0.));
#4208 = ( GEOMETRIC_REPRESENTATION_CONTEXT(2) 
PARAMETRIC_REPRESENTATION_CONTEXT() REPRESENTATION_CONTEXT('2D SPACE',''
  ) );
#4209 = PCURVE('',#4107,#4210);
#4210 = DEFINITIONAL_REPRESENTATION('',(#4211),#4215);
#4211 = LINE('',#4212,#4213);
#4212 = CARTESIAN_POINT('',(12.999991315602,71.544844923211));
#4213 = VECTOR('',#4214,1.);
#4214 = DIRECTION('',(0.819057481598,-0.573711462182));
#4215 = ( GEOMETRIC_REPRESENTATION_CONTEXT(2) 
PARAMETRIC_REPRESENTATION_CONTEXT() REPRESENTATION_CONTEXT('2D SPACE',''
  ) );
#4216 = ORIENTED_EDGE('',*,*,#4217,.F.);
#4217 = EDGE_CURVE('',#2249,#4195,#4218,.T.);
#4218 = SURFACE_CURVE('',#4219,(#4223,#4230),.PCURVE_S1.);
#4219 = LINE('',#4220,#4221);
#4220 = CARTESIAN_POINT('',(-51.,88.333,-122.927));
#4221 = VECTOR('',#4222,1.);
#4222 = DIRECTION('',(-1.,-0.,-0.));
#4223 = PCURVE('',#2292,#4224);
#4224 = DEFINITIONAL_REPRESENTATION('',(#4225),#4229);
#4225 = LINE('',#4226,#4227);
#4226 = CARTESIAN_POINT('',(-2.963161993547,0.));
#4227 = VECTOR('',#4228,1.);
#4228 = DIRECTION('',(-0.,-1.));
#4229 = ( GEOMETRIC_REPRESENTATION_CONTEXT(2) 
PARAMETRIC_REPRESENTATION_CONTEXT() REPRESENTATION_CONTEXT('2D SPACE',''
  ) );
#4230 = PCURVE('',#2264,#4231);
#4231 = DEFINITIONAL_REPRESENTATION('',(#4232),#4236);
#4232 = LINE('',#4233,#4234);
#4233 = CARTESIAN_POINT('',(-0.,0.));
#4234 = VECTOR('',#4235,1.);
#4235 = DIRECTION('',(-0.,-1.));
#4236 = ( GEOMETRIC_REPRESENTATION_CONTEXT(2) 
PARAMETRIC_REPRESENTATION_CONTEXT() REPRESENTATION_CONTEXT('2D SPACE',''
  ) );
#4237 = ADVANCED_FACE('',(#4238),#2264,.T.);
#4238 = FACE_BOUND('',#4239,.F.);
#4239 = EDGE_LOOP('',(#4240,#4241,#4242,#4265));
#4240 = ORIENTED_EDGE('',*,*,#2248,.T.);
#4241 = ORIENTED_EDGE('',*,*,#4217,.T.);
#4242 = ORIENTED_EDGE('',*,*,#4243,.T.);
#4243 = EDGE_CURVE('',#4195,#4244,#4246,.T.);
#4244 = VERTEX_POINT('',#4245);
#4245 = CARTESIAN_POINT('',(-76.,90.428,-125.023));
#4246 = SURFACE_CURVE('',#4247,(#4251,#4258),.PCURVE_S1.);
#4247 = LINE('',#4248,#4249);
#4248 = CARTESIAN_POINT('',(-76.,88.333,-122.927));
#4249 = VECTOR('',#4250,1.);
#4250 = DIRECTION('',(-0.,0.706938040762,-0.707275481354));
#4251 = PCURVE('',#2264,#4252);
#4252 = DEFINITIONAL_REPRESENTATION('',(#4253),#4257);
#4253 = LINE('',#4254,#4255);
#4254 = CARTESIAN_POINT('',(-0.,-25.));
#4255 = VECTOR('',#4256,1.);
#4256 = DIRECTION('',(-1.,0.));
#4257 = ( GEOMETRIC_REPRESENTATION_CONTEXT(2) 
PARAMETRIC_REPRESENTATION_CONTEXT() REPRESENTATION_CONTEXT('2D SPACE',''
  ) );
#4258 = PCURVE('',#4107,#4259);
#4259 = DEFINITIONAL_REPRESENTATION('',(#4260),#4264);
#4260 = LINE('',#4261,#4262);
#4261 = CARTESIAN_POINT('',(15.426991315602,69.844844923211));
#4262 = VECTOR('',#4263,1.);
#4263 = DIRECTION('',(0.707275481354,-0.706938040762));
#4264 = ( GEOMETRIC_REPRESENTATION_CONTEXT(2) 
PARAMETRIC_REPRESENTATION_CONTEXT() REPRESENTATION_CONTEXT('2D SPACE',''
  ) );
#4265 = ORIENTED_EDGE('',*,*,#4266,.F.);
#4266 = EDGE_CURVE('',#2221,#4244,#4267,.T.);
#4267 = SURFACE_CURVE('',#4268,(#4272,#4279),.PCURVE_S1.);
#4268 = LINE('',#4269,#4270);
#4269 = CARTESIAN_POINT('',(-51.,90.428,-125.023));
#4270 = VECTOR('',#4271,1.);
#4271 = DIRECTION('',(-1.,-0.,-0.));
#4272 = PCURVE('',#2264,#4273);
#4273 = DEFINITIONAL_REPRESENTATION('',(#4274),#4278);
#4274 = LINE('',#4275,#4276);
#4275 = CARTESIAN_POINT('',(-2.963484604313,0.));
#4276 = VECTOR('',#4277,1.);
#4277 = DIRECTION('',(-0.,-1.));
#4278 = ( GEOMETRIC_REPRESENTATION_CONTEXT(2) 
PARAMETRIC_REPRESENTATION_CONTEXT() REPRESENTATION_CONTEXT('2D SPACE',''
  ) );
#4279 = PCURVE('',#2236,#4280);
#4280 = DEFINITIONAL_REPRESENTATION('',(#4281),#4285);
#4281 = LINE('',#4282,#4283);
#4282 = CARTESIAN_POINT('',(-0.,0.));
#4283 = VECTOR('',#4284,1.);
#4284 = DIRECTION('',(-0.,-1.));
#4285 = ( GEOMETRIC_REPRESENTATION_CONTEXT(2) 
PARAMETRIC_REPRESENTATION_CONTEXT() REPRESENTATION_CONTEXT('2D SPACE',''
  ) );
#4286 = ADVANCED_FACE('',(#4287),#2236,.T.);
#4287 = FACE_BOUND('',#4288,.F.);
#4288 = EDGE_LOOP('',(#4289,#4290,#4291,#4314));
#4289 = ORIENTED_EDGE('',*,*,#2220,.T.);
#4290 = ORIENTED_EDGE('',*,*,#4266,.T.);
#4291 = ORIENTED_EDGE('',*,*,#4292,.T.);
#4292 = EDGE_CURVE('',#4244,#4293,#4295,.T.);
#4293 = VERTEX_POINT('',#4294);
#4294 = CARTESIAN_POINT('',(-76.,92.856,-126.722));
#4295 = SURFACE_CURVE('',#4296,(#4300,#4307),.PCURVE_S1.);
#4296 = LINE('',#4297,#4298);
#4297 = CARTESIAN_POINT('',(-76.,90.428,-125.023));
#4298 = VECTOR('',#4299,1.);
#4299 = DIRECTION('',(-0.,0.819327029201,-0.573326450829));
#4300 = PCURVE('',#2236,#4301);
#4301 = DEFINITIONAL_REPRESENTATION('',(#4302),#4306);
#4302 = LINE('',#4303,#4304);
#4303 = CARTESIAN_POINT('',(-0.,-25.));
#4304 = VECTOR('',#4305,1.);
#4305 = DIRECTION('',(-1.,0.));
#4306 = ( GEOMETRIC_REPRESENTATION_CONTEXT(2) 
PARAMETRIC_REPRESENTATION_CONTEXT() REPRESENTATION_CONTEXT('2D SPACE',''
  ) );
#4307 = PCURVE('',#4107,#4308);
#4308 = DEFINITIONAL_REPRESENTATION('',(#4309),#4313);
#4309 = LINE('',#4310,#4311);
#4310 = CARTESIAN_POINT('',(17.522991315602,67.749844923211));
#4311 = VECTOR('',#4312,1.);
#4312 = DIRECTION('',(0.573326450829,-0.819327029201));
#4313 = ( GEOMETRIC_REPRESENTATION_CONTEXT(2) 
PARAMETRIC_REPRESENTATION_CONTEXT() REPRESENTATION_CONTEXT('2D SPACE',''
  ) );
#4314 = ORIENTED_EDGE('',*,*,#4315,.F.);
#4315 = EDGE_CURVE('',#2193,#4293,#4316,.T.);
#4316 = SURFACE_CURVE('',#4317,(#4321,#4328),.PCURVE_S1.);
#4317 = LINE('',#4318,#4319);
#4318 = CARTESIAN_POINT('',(-51.,92.856,-126.722));
#4319 = VECTOR('',#4320,1.);
#4320 = DIRECTION('',(-1.,-0.,-0.));
#4321 = PCURVE('',#2236,#4322);
#4322 = DEFINITIONAL_REPRESENTATION('',(#4323),#4327);
#4323 = LINE('',#4324,#4325);
#4324 = CARTESIAN_POINT('',(-2.963407666859,0.));
#4325 = VECTOR('',#4326,1.);
#4326 = DIRECTION('',(-0.,-1.));
#4327 = ( GEOMETRIC_REPRESENTATION_CONTEXT(2) 
PARAMETRIC_REPRESENTATION_CONTEXT() REPRESENTATION_CONTEXT('2D SPACE',''
  ) );
#4328 = PCURVE('',#2208,#4329);
#4329 = DEFINITIONAL_REPRESENTATION('',(#4330),#4334);
#4330 = LINE('',#4331,#4332);
#4331 = CARTESIAN_POINT('',(-0.,0.));
#4332 = VECTOR('',#4333,1.);
#4333 = DIRECTION('',(-0.,-1.));
#4334 = ( GEOMETRIC_REPRESENTATION_CONTEXT(2) 
PARAMETRIC_REPRESENTATION_CONTEXT() REPRESENTATION_CONTEXT('2D SPACE',''
  ) );
#4335 = ADVANCED_FACE('',(#4336),#2208,.T.);
#4336 = FACE_BOUND('',#4337,.F.);
#4337 = EDGE_LOOP('',(#4338,#4339,#4340,#4363));
#4338 = ORIENTED_EDGE('',*,*,#2192,.T.);
#4339 = ORIENTED_EDGE('',*,*,#4315,.T.);
#4340 = ORIENTED_EDGE('',*,*,#4341,.T.);
#4341 = EDGE_CURVE('',#4293,#4342,#4344,.T.);
#4342 = VERTEX_POINT('',#4343);
#4343 = CARTESIAN_POINT('',(-76.,95.541,-127.975));
#4344 = SURFACE_CURVE('',#4345,(#4349,#4356),.PCURVE_S1.);
#4345 = LINE('',#4346,#4347);
#4346 = CARTESIAN_POINT('',(-76.,92.856,-126.722));
#4347 = VECTOR('',#4348,1.);
#4348 = DIRECTION('',(-0.,0.906183139995,-0.422885465331));
#4349 = PCURVE('',#2208,#4350);
#4350 = DEFINITIONAL_REPRESENTATION('',(#4351),#4355);
#4351 = LINE('',#4352,#4353);
#4352 = CARTESIAN_POINT('',(-0.,-25.));
#4353 = VECTOR('',#4354,1.);
#4354 = DIRECTION('',(-1.,0.));
#4355 = ( GEOMETRIC_REPRESENTATION_CONTEXT(2) 
PARAMETRIC_REPRESENTATION_CONTEXT() REPRESENTATION_CONTEXT('2D SPACE',''
  ) );
#4356 = PCURVE('',#4107,#4357);
#4357 = DEFINITIONAL_REPRESENTATION('',(#4358),#4362);
#4358 = LINE('',#4359,#4360);
#4359 = CARTESIAN_POINT('',(19.221991315602,65.321844923211));
#4360 = VECTOR('',#4361,1.);
#4361 = DIRECTION('',(0.422885465331,-0.906183139995));
#4362 = ( GEOMETRIC_REPRESENTATION_CONTEXT(2) 
PARAMETRIC_REPRESENTATION_CONTEXT() REPRESENTATION_CONTEXT('2D SPACE',''
  ) );
#4363 = ORIENTED_EDGE('',*,*,#4364,.F.);
#4364 = EDGE_CURVE('',#2165,#4342,#4365,.T.);
#4365 = SURFACE_CURVE('',#4366,(#4370,#4377),.PCURVE_S1.);
#4366 = LINE('',#4367,#4368);
#4367 = CARTESIAN_POINT('',(-51.,95.541,-127.975));
#4368 = VECTOR('',#4369,1.);
#4369 = DIRECTION('',(-1.,-0.,-0.));
#4370 = PCURVE('',#2208,#4371);
#4371 = DEFINITIONAL_REPRESENTATION('',(#4372),#4376);
#4372 = LINE('',#4373,#4374);
#4373 = CARTESIAN_POINT('',(-2.962977218947,0.));
#4374 = VECTOR('',#4375,1.);
#4375 = DIRECTION('',(-0.,-1.));
#4376 = ( GEOMETRIC_REPRESENTATION_CONTEXT(2) 
PARAMETRIC_REPRESENTATION_CONTEXT() REPRESENTATION_CONTEXT('2D SPACE',''
  ) );
#4377 = PCURVE('',#2180,#4378);
#4378 = DEFINITIONAL_REPRESENTATION('',(#4379),#4383);
#4379 = LINE('',#4380,#4381);
#4380 = CARTESIAN_POINT('',(-0.,0.));
#4381 = VECTOR('',#4382,1.);
#4382 = DIRECTION('',(-0.,-1.));
#4383 = ( GEOMETRIC_REPRESENTATION_CONTEXT(2) 
PARAMETRIC_REPRESENTATION_CONTEXT() REPRESENTATION_CONTEXT('2D SPACE',''
  ) );
#4384 = ADVANCED_FACE('',(#4385),#2180,.T.);
#4385 = FACE_BOUND('',#4386,.F.);
#4386 = EDGE_LOOP('',(#4387,#4388,#4389,#4412));
#4387 = ORIENTED_EDGE('',*,*,#2164,.T.);
#4388 = ORIENTED_EDGE('',*,*,#4364,.T.);
#4389 = ORIENTED_EDGE('',*,*,#4390,.T.);
#4390 = EDGE_CURVE('',#4342,#4391,#4393,.T.);
#4391 = VERTEX_POINT('',#4392);
#4392 = CARTESIAN_POINT('',(-76.,98.404,-128.742));
#4393 = SURFACE_CURVE('',#4394,(#4398,#4405),.PCURVE_S1.);
#4394 = LINE('',#4395,#4396);
#4395 = CARTESIAN_POINT('',(-76.,95.541,-127.975));
#4396 = VECTOR('',#4397,1.);
#4397 = DIRECTION('',(-0.,0.965937510511,-0.258775435055));
#4398 = PCURVE('',#2180,#4399);
#4399 = DEFINITIONAL_REPRESENTATION('',(#4400),#4404);
#4400 = LINE('',#4401,#4402);
#4401 = CARTESIAN_POINT('',(-0.,-25.));
#4402 = VECTOR('',#4403,1.);
#4403 = DIRECTION('',(-1.,0.));
#4404 = ( GEOMETRIC_REPRESENTATION_CONTEXT(2) 
PARAMETRIC_REPRESENTATION_CONTEXT() REPRESENTATION_CONTEXT('2D SPACE',''
  ) );
#4405 = PCURVE('',#4107,#4406);
#4406 = DEFINITIONAL_REPRESENTATION('',(#4407),#4411);
#4407 = LINE('',#4408,#4409);
#4408 = CARTESIAN_POINT('',(20.474991315602,62.636844923211));
#4409 = VECTOR('',#4410,1.);
#4410 = DIRECTION('',(0.258775435055,-0.965937510511));
#4411 = ( GEOMETRIC_REPRESENTATION_CONTEXT(2) 
PARAMETRIC_REPRESENTATION_CONTEXT() REPRESENTATION_CONTEXT('2D SPACE',''
  ) );
#4412 = ORIENTED_EDGE('',*,*,#4413,.F.);
#4413 = EDGE_CURVE('',#2137,#4391,#4414,.T.);
#4414 = SURFACE_CURVE('',#4415,(#4419,#4426),.PCURVE_S1.);
#4415 = LINE('',#4416,#4417);
#4416 = CARTESIAN_POINT('',(-51.,98.404,-128.742));
#4417 = VECTOR('',#4418,1.);
#4418 = DIRECTION('',(-1.,-0.,-0.));
#4419 = PCURVE('',#2180,#4420);
#4420 = DEFINITIONAL_REPRESENTATION('',(#4421),#4425);
#4421 = LINE('',#4422,#4423);
#4422 = CARTESIAN_POINT('',(-2.96395985128,0.));
#4423 = VECTOR('',#4424,1.);
#4424 = DIRECTION('',(-0.,-1.));
#4425 = ( GEOMETRIC_REPRESENTATION_CONTEXT(2) 
PARAMETRIC_REPRESENTATION_CONTEXT() REPRESENTATION_CONTEXT('2D SPACE',''
  ) );
#4426 = PCURVE('',#2152,#4427);
#4427 = DEFINITIONAL_REPRESENTATION('',(#4428),#4432);
#4428 = LINE('',#4429,#4430);
#4429 = CARTESIAN_POINT('',(-0.,0.));
#4430 = VECTOR('',#4431,1.);
#4431 = DIRECTION('',(-0.,-1.));
#4432 = ( GEOMETRIC_REPRESENTATION_CONTEXT(2) 
PARAMETRIC_REPRESENTATION_CONTEXT() REPRESENTATION_CONTEXT('2D SPACE',''
  ) );
#4433 = ADVANCED_FACE('',(#4434),#2152,.T.);
#4434 = FACE_BOUND('',#4435,.F.);
#4435 = EDGE_LOOP('',(#4436,#4437,#4438,#4461));
#4436 = ORIENTED_EDGE('',*,*,#2136,.T.);
#4437 = ORIENTED_EDGE('',*,*,#4413,.T.);
#4438 = ORIENTED_EDGE('',*,*,#4439,.T.);
#4439 = EDGE_CURVE('',#4391,#4440,#4442,.T.);
#4440 = VERTEX_POINT('',#4441);
#4441 = CARTESIAN_POINT('',(-76.,101.356,-129.));
#4442 = SURFACE_CURVE('',#4443,(#4447,#4454),.PCURVE_S1.);
#4443 = LINE('',#4444,#4445);
#4444 = CARTESIAN_POINT('',(-76.,98.404,-128.742));
#4445 = VECTOR('',#4446,1.);
#4446 = DIRECTION('',(-0.,0.99620250363,-8.70664789758E-02));
#4447 = PCURVE('',#2152,#4448);
#4448 = DEFINITIONAL_REPRESENTATION('',(#4449),#4453);
#4449 = LINE('',#4450,#4451);
#4450 = CARTESIAN_POINT('',(-0.,-25.));
#4451 = VECTOR('',#4452,1.);
#4452 = DIRECTION('',(-1.,0.));
#4453 = ( GEOMETRIC_REPRESENTATION_CONTEXT(2) 
PARAMETRIC_REPRESENTATION_CONTEXT() REPRESENTATION_CONTEXT('2D SPACE',''
  ) );
#4454 = PCURVE('',#4107,#4455);
#4455 = DEFINITIONAL_REPRESENTATION('',(#4456),#4460);
#4456 = LINE('',#4457,#4458);
#4457 = CARTESIAN_POINT('',(21.241991315602,59.773844923211));
#4458 = VECTOR('',#4459,1.);
#4459 = DIRECTION('',(8.70664789758E-02,-0.99620250363));
#4460 = ( GEOMETRIC_REPRESENTATION_CONTEXT(2) 
PARAMETRIC_REPRESENTATION_CONTEXT() REPRESENTATION_CONTEXT('2D SPACE',''
  ) );
#4461 = ORIENTED_EDGE('',*,*,#4462,.F.);
#4462 = EDGE_CURVE('',#2109,#4440,#4463,.T.);
#4463 = SURFACE_CURVE('',#4464,(#4468,#4475),.PCURVE_S1.);
#4464 = LINE('',#4465,#4466);
#4465 = CARTESIAN_POINT('',(-51.,101.356,-129.));
#4466 = VECTOR('',#4467,1.);
#4467 = DIRECTION('',(-1.,-0.,-0.));
#4468 = PCURVE('',#2152,#4469);
#4469 = DEFINITIONAL_REPRESENTATION('',(#4470),#4474);
#4470 = LINE('',#4471,#4472);
#4471 = CARTESIAN_POINT('',(-2.963252942292,0.));
#4472 = VECTOR('',#4473,1.);
#4473 = DIRECTION('',(-0.,-1.));
#4474 = ( GEOMETRIC_REPRESENTATION_CONTEXT(2) 
PARAMETRIC_REPRESENTATION_CONTEXT() REPRESENTATION_CONTEXT('2D SPACE',''
  ) );
#4475 = PCURVE('',#2124,#4476);
#4476 = DEFINITIONAL_REPRESENTATION('',(#4477),#4481);
#4477 = LINE('',#4478,#4479);
#4478 = CARTESIAN_POINT('',(-0.,0.));
#4479 = VECTOR('',#4480,1.);
#4480 = DIRECTION('',(-0.,-1.));
#4481 = ( GEOMETRIC_REPRESENTATION_CONTEXT(2) 
PARAMETRIC_REPRESENTATION_CONTEXT() REPRESENTATION_CONTEXT('2D SPACE',''
  ) );
#4482 = ADVANCED_FACE('',(#4483),#2124,.T.);
#4483 = FACE_BOUND('',#4484,.F.);
#4484 = EDGE_LOOP('',(#4485,#4486,#4487,#4510));
#4485 = ORIENTED_EDGE('',*,*,#2108,.T.);
#4486 = ORIENTED_EDGE('',*,*,#4462,.T.);
#4487 = ORIENTED_EDGE('',*,*,#4488,.T.);
#4488 = EDGE_CURVE('',#4440,#4489,#4491,.T.);
#4489 = VERTEX_POINT('',#4490);
#4490 = CARTESIAN_POINT('',(-76.,215.,-120.));
#4491 = SURFACE_CURVE('',#4492,(#4496,#4503),.PCURVE_S1.);
#4492 = LINE('',#4493,#4494);
#4493 = CARTESIAN_POINT('',(-76.,101.356,-129.));
#4494 = VECTOR('',#4495,1.);
#4495 = DIRECTION('',(-0.,0.996878775594,7.894749375546E-02));
#4496 = PCURVE('',#2124,#4497);
#4497 = DEFINITIONAL_REPRESENTATION('',(#4498),#4502);
#4498 = LINE('',#4499,#4500);
#4499 = CARTESIAN_POINT('',(-0.,-25.));
#4500 = VECTOR('',#4501,1.);
#4501 = DIRECTION('',(-1.,0.));
#4502 = ( GEOMETRIC_REPRESENTATION_CONTEXT(2) 
PARAMETRIC_REPRESENTATION_CONTEXT() REPRESENTATION_CONTEXT('2D SPACE',''
  ) );
#4503 = PCURVE('',#4107,#4504);
#4504 = DEFINITIONAL_REPRESENTATION('',(#4505),#4509);
#4505 = LINE('',#4506,#4507);
#4506 = CARTESIAN_POINT('',(21.499991315602,56.821844923211));
#4507 = VECTOR('',#4508,1.);
#4508 = DIRECTION('',(-7.894749375546E-02,-0.996878775594));
#4509 = ( GEOMETRIC_REPRESENTATION_CONTEXT(2) 
PARAMETRIC_REPRESENTATION_CONTEXT() REPRESENTATION_CONTEXT('2D SPACE',''
  ) );
#4510 = ORIENTED_EDGE('',*,*,#4511,.F.);
#4511 = EDGE_CURVE('',#2081,#4489,#4512,.T.);
#4512 = SURFACE_CURVE('',#4513,(#4517,#4524),.PCURVE_S1.);
#4513 = LINE('',#4514,#4515);
#4514 = CARTESIAN_POINT('',(-51.,215.,-120.));
#4515 = VECTOR('',#4516,1.);
#4516 = DIRECTION('',(-1.,-0.,-0.));
#4517 = PCURVE('',#2124,#4518);
#4518 = DEFINITIONAL_REPRESENTATION('',(#4519),#4523);
#4519 = LINE('',#4520,#4521);
#4520 = CARTESIAN_POINT('',(-113.9998190174,0.));
#4521 = VECTOR('',#4522,1.);
#4522 = DIRECTION('',(-0.,-1.));
#4523 = ( GEOMETRIC_REPRESENTATION_CONTEXT(2) 
PARAMETRIC_REPRESENTATION_CONTEXT() REPRESENTATION_CONTEXT('2D SPACE',''
  ) );
#4524 = PCURVE('',#2096,#4525);
#4525 = DEFINITIONAL_REPRESENTATION('',(#4526),#4530);
#4526 = LINE('',#4527,#4528);
#4527 = CARTESIAN_POINT('',(-0.,0.));
#4528 = VECTOR('',#4529,1.);
#4529 = DIRECTION('',(-0.,-1.));
#4530 = ( GEOMETRIC_REPRESENTATION_CONTEXT(2) 
PARAMETRIC_REPRESENTATION_CONTEXT() REPRESENTATION_CONTEXT('2D SPACE',''
  ) );
#4531 = ADVANCED_FACE('',(#4532),#2096,.T.);
#4532 = FACE_BOUND('',#4533,.F.);
#4533 = EDGE_LOOP('',(#4534,#4535,#4536,#4559));
#4534 = ORIENTED_EDGE('',*,*,#2080,.T.);
#4535 = ORIENTED_EDGE('',*,*,#4511,.T.);
#4536 = ORIENTED_EDGE('',*,*,#4537,.T.);
#4537 = EDGE_CURVE('',#4489,#4538,#4540,.T.);
#4538 = VERTEX_POINT('',#4539);
#4539 = CARTESIAN_POINT('',(-76.,217.952,-119.742));
#4540 = SURFACE_CURVE('',#4541,(#4545,#4552),.PCURVE_S1.);
#4541 = LINE('',#4542,#4543);
#4542 = CARTESIAN_POINT('',(-76.,215.,-120.));
#4543 = VECTOR('',#4544,1.);
#4544 = DIRECTION('',(-0.,0.99620250363,8.706647897579E-02));
#4545 = PCURVE('',#2096,#4546);
#4546 = DEFINITIONAL_REPRESENTATION('',(#4547),#4551);
#4547 = LINE('',#4548,#4549);
#4548 = CARTESIAN_POINT('',(-0.,-25.));
#4549 = VECTOR('',#4550,1.);
#4550 = DIRECTION('',(-1.,0.));
#4551 = ( GEOMETRIC_REPRESENTATION_CONTEXT(2) 
PARAMETRIC_REPRESENTATION_CONTEXT() REPRESENTATION_CONTEXT('2D SPACE',''
  ) );
#4552 = PCURVE('',#4107,#4553);
#4553 = DEFINITIONAL_REPRESENTATION('',(#4554),#4558);
#4554 = LINE('',#4555,#4556);
#4555 = CARTESIAN_POINT('',(12.499991315602,-56.82215507678));
#4556 = VECTOR('',#4557,1.);
#4557 = DIRECTION('',(-8.706647897579E-02,-0.99620250363));
#4558 = ( GEOMETRIC_REPRESENTATION_CONTEXT(2) 
PARAMETRIC_REPRESENTATION_CONTEXT() REPRESENTATION_CONTEXT('2D SPACE',''
  ) );
#4559 = ORIENTED_EDGE('',*,*,#4560,.F.);
#4560 = EDGE_CURVE('',#2053,#4538,#4561,.T.);
#4561 = SURFACE_CURVE('',#4562,(#4566,#4573),.PCURVE_S1.);
#4562 = LINE('',#4563,#4564);
#4563 = CARTESIAN_POINT('',(-51.,217.952,-119.742));
#4564 = VECTOR('',#4565,1.);
#4565 = DIRECTION('',(-1.,-0.,-0.));
#4566 = PCURVE('',#2096,#4567);
#4567 = DEFINITIONAL_REPRESENTATION('',(#4568),#4572);
#4568 = LINE('',#4569,#4570);
#4569 = CARTESIAN_POINT('',(-2.963252942292,0.));
#4570 = VECTOR('',#4571,1.);
#4571 = DIRECTION('',(-0.,-1.));
#4572 = ( GEOMETRIC_REPRESENTATION_CONTEXT(2) 
PARAMETRIC_REPRESENTATION_CONTEXT() REPRESENTATION_CONTEXT('2D SPACE',''
  ) );
#4573 = PCURVE('',#2068,#4574);
#4574 = DEFINITIONAL_REPRESENTATION('',(#4575),#4579);
#4575 = LINE('',#4576,#4577);
#4576 = CARTESIAN_POINT('',(-0.,0.));
#4577 = VECTOR('',#4578,1.);
#4578 = DIRECTION('',(-0.,-1.));
#4579 = ( GEOMETRIC_REPRESENTATION_CONTEXT(2) 
PARAMETRIC_REPRESENTATION_CONTEXT() REPRESENTATION_CONTEXT('2D SPACE',''
  ) );
#4580 = ADVANCED_FACE('',(#4581),#2068,.T.);
#4581 = FACE_BOUND('',#4582,.F.);
#4582 = EDGE_LOOP('',(#4583,#4584,#4585,#4608));
#4583 = ORIENTED_EDGE('',*,*,#2052,.T.);
#4584 = ORIENTED_EDGE('',*,*,#4560,.T.);
#4585 = ORIENTED_EDGE('',*,*,#4586,.T.);
#4586 = EDGE_CURVE('',#4538,#4587,#4589,.T.);
#4587 = VERTEX_POINT('',#4588);
#4588 = CARTESIAN_POINT('',(-76.,220.814,-118.975));
#4589 = SURFACE_CURVE('',#4590,(#4594,#4601),.PCURVE_S1.);
#4590 = LINE('',#4591,#4592);
#4591 = CARTESIAN_POINT('',(-76.,217.952,-119.742));
#4592 = VECTOR('',#4593,1.);
#4593 = DIRECTION('',(-0.,0.965914906468,0.25885979499));
#4594 = PCURVE('',#2068,#4595);
#4595 = DEFINITIONAL_REPRESENTATION('',(#4596),#4600);
#4596 = LINE('',#4597,#4598);
#4597 = CARTESIAN_POINT('',(-0.,-25.));
#4598 = VECTOR('',#4599,1.);
#4599 = DIRECTION('',(-1.,0.));
#4600 = ( GEOMETRIC_REPRESENTATION_CONTEXT(2) 
PARAMETRIC_REPRESENTATION_CONTEXT() REPRESENTATION_CONTEXT('2D SPACE',''
  ) );
#4601 = PCURVE('',#4107,#4602);
#4602 = DEFINITIONAL_REPRESENTATION('',(#4603),#4607);
#4603 = LINE('',#4604,#4605);
#4604 = CARTESIAN_POINT('',(12.241991315602,-59.77415507678));
#4605 = VECTOR('',#4606,1.);
#4606 = DIRECTION('',(-0.25885979499,-0.965914906468));
#4607 = ( GEOMETRIC_REPRESENTATION_CONTEXT(2) 
PARAMETRIC_REPRESENTATION_CONTEXT() REPRESENTATION_CONTEXT('2D SPACE',''
  ) );
#4608 = ORIENTED_EDGE('',*,*,#4609,.F.);
#4609 = EDGE_CURVE('',#2025,#4587,#4610,.T.);
#4610 = SURFACE_CURVE('',#4611,(#4615,#4622),.PCURVE_S1.);
#4611 = LINE('',#4612,#4613);
#4612 = CARTESIAN_POINT('',(-51.,220.814,-118.975));
#4613 = VECTOR('',#4614,1.);
#4614 = DIRECTION('',(-1.,-0.,-0.));
#4615 = PCURVE('',#2068,#4616);
#4616 = DEFINITIONAL_REPRESENTATION('',(#4617),#4621);
#4617 = LINE('',#4618,#4619);
#4618 = CARTESIAN_POINT('',(-2.96299392507,0.));
#4619 = VECTOR('',#4620,1.);
#4620 = DIRECTION('',(-0.,-1.));
#4621 = ( GEOMETRIC_REPRESENTATION_CONTEXT(2) 
PARAMETRIC_REPRESENTATION_CONTEXT() REPRESENTATION_CONTEXT('2D SPACE',''
  ) );
#4622 = PCURVE('',#2040,#4623);
#4623 = DEFINITIONAL_REPRESENTATION('',(#4624),#4628);
#4624 = LINE('',#4625,#4626);
#4625 = CARTESIAN_POINT('',(-0.,0.));
#4626 = VECTOR('',#4627,1.);
#4627 = DIRECTION('',(-0.,-1.));
#4628 = ( GEOMETRIC_REPRESENTATION_CONTEXT(2) 
PARAMETRIC_REPRESENTATION_CONTEXT() REPRESENTATION_CONTEXT('2D SPACE',''
  ) );
#4629 = ADVANCED_FACE('',(#4630),#2040,.T.);
#4630 = FACE_BOUND('',#4631,.F.);
#4631 = EDGE_LOOP('',(#4632,#4633,#4634,#4657));
#4632 = ORIENTED_EDGE('',*,*,#2024,.T.);
#4633 = ORIENTED_EDGE('',*,*,#4609,.T.);
#4634 = ORIENTED_EDGE('',*,*,#4635,.T.);
#4635 = EDGE_CURVE('',#4587,#4636,#4638,.T.);
#4636 = VERTEX_POINT('',#4637);
#4637 = CARTESIAN_POINT('',(-76.,223.5,-117.722));
#4638 = SURFACE_CURVE('',#4639,(#4643,#4650),.PCURVE_S1.);
#4639 = LINE('',#4640,#4641);
#4640 = CARTESIAN_POINT('',(-76.,220.814,-118.975));
#4641 = VECTOR('',#4642,1.);
#4642 = DIRECTION('',(-0.,0.906243467867,0.422756167251));
#4643 = PCURVE('',#2040,#4644);
#4644 = DEFINITIONAL_REPRESENTATION('',(#4645),#4649);
#4645 = LINE('',#4646,#4647);
#4646 = CARTESIAN_POINT('',(-0.,-25.));
#4647 = VECTOR('',#4648,1.);
#4648 = DIRECTION('',(-1.,0.));
#4649 = ( GEOMETRIC_REPRESENTATION_CONTEXT(2) 
PARAMETRIC_REPRESENTATION_CONTEXT() REPRESENTATION_CONTEXT('2D SPACE',''
  ) );
#4650 = PCURVE('',#4107,#4651);
#4651 = DEFINITIONAL_REPRESENTATION('',(#4652),#4656);
#4652 = LINE('',#4653,#4654);
#4653 = CARTESIAN_POINT('',(11.474991315602,-62.63615507678));
#4654 = VECTOR('',#4655,1.);
#4655 = DIRECTION('',(-0.422756167251,-0.906243467867));
#4656 = ( GEOMETRIC_REPRESENTATION_CONTEXT(2) 
PARAMETRIC_REPRESENTATION_CONTEXT() REPRESENTATION_CONTEXT('2D SPACE',''
  ) );
#4657 = ORIENTED_EDGE('',*,*,#4658,.F.);
#4658 = EDGE_CURVE('',#1997,#4636,#4659,.T.);
#4659 = SURFACE_CURVE('',#4660,(#4664,#4671),.PCURVE_S1.);
#4660 = LINE('',#4661,#4662);
#4661 = CARTESIAN_POINT('',(-51.,223.5,-117.722));
#4662 = VECTOR('',#4663,1.);
#4663 = DIRECTION('',(-1.,-0.,-0.));
#4664 = PCURVE('',#2040,#4665);
#4665 = DEFINITIONAL_REPRESENTATION('',(#4666),#4670);
#4666 = LINE('',#4667,#4668);
#4667 = CARTESIAN_POINT('',(-2.963883432256,0.));
#4668 = VECTOR('',#4669,1.);
#4669 = DIRECTION('',(-0.,-1.));
#4670 = ( GEOMETRIC_REPRESENTATION_CONTEXT(2) 
PARAMETRIC_REPRESENTATION_CONTEXT() REPRESENTATION_CONTEXT('2D SPACE',''
  ) );
#4671 = PCURVE('',#2012,#4672);
#4672 = DEFINITIONAL_REPRESENTATION('',(#4673),#4677);
#4673 = LINE('',#4674,#4675);
#4674 = CARTESIAN_POINT('',(-0.,0.));
#4675 = VECTOR('',#4676,1.);
#4676 = DIRECTION('',(-0.,-1.));
#4677 = ( GEOMETRIC_REPRESENTATION_CONTEXT(2) 
PARAMETRIC_REPRESENTATION_CONTEXT() REPRESENTATION_CONTEXT('2D SPACE',''
  ) );
#4678 = ADVANCED_FACE('',(#4679),#2012,.T.);
#4679 = FACE_BOUND('',#4680,.F.);
#4680 = EDGE_LOOP('',(#4681,#4682,#4683,#4706));
#4681 = ORIENTED_EDGE('',*,*,#1996,.T.);
#4682 = ORIENTED_EDGE('',*,*,#4658,.T.);
#4683 = ORIENTED_EDGE('',*,*,#4684,.T.);
#4684 = EDGE_CURVE('',#4636,#4685,#4687,.T.);
#4685 = VERTEX_POINT('',#4686);
#4686 = CARTESIAN_POINT('',(-76.,225.927,-116.023));
#4687 = SURFACE_CURVE('',#4688,(#4692,#4699),.PCURVE_S1.);
#4688 = LINE('',#4689,#4690);
#4689 = CARTESIAN_POINT('',(-76.,223.5,-117.722));
#4690 = VECTOR('',#4691,1.);
#4691 = DIRECTION('',(-0.,0.819216062496,0.573484998015));
#4692 = PCURVE('',#2012,#4693);
#4693 = DEFINITIONAL_REPRESENTATION('',(#4694),#4698);
#4694 = LINE('',#4695,#4696);
#4695 = CARTESIAN_POINT('',(-0.,-25.));
#4696 = VECTOR('',#4697,1.);
#4697 = DIRECTION('',(-1.,0.));
#4698 = ( GEOMETRIC_REPRESENTATION_CONTEXT(2) 
PARAMETRIC_REPRESENTATION_CONTEXT() REPRESENTATION_CONTEXT('2D SPACE',''
  ) );
#4699 = PCURVE('',#4107,#4700);
#4700 = DEFINITIONAL_REPRESENTATION('',(#4701),#4705);
#4701 = LINE('',#4702,#4703);
#4702 = CARTESIAN_POINT('',(10.221991315602,-65.32215507678));
#4703 = VECTOR('',#4704,1.);
#4704 = DIRECTION('',(-0.573484998015,-0.819216062496));
#4705 = ( GEOMETRIC_REPRESENTATION_CONTEXT(2) 
PARAMETRIC_REPRESENTATION_CONTEXT() REPRESENTATION_CONTEXT('2D SPACE',''
  ) );
#4706 = ORIENTED_EDGE('',*,*,#4707,.F.);
#4707 = EDGE_CURVE('',#1969,#4685,#4708,.T.);
#4708 = SURFACE_CURVE('',#4709,(#4713,#4720),.PCURVE_S1.);
#4709 = LINE('',#4710,#4711);
#4710 = CARTESIAN_POINT('',(-51.,225.927,-116.023));
#4711 = VECTOR('',#4712,1.);
#4712 = DIRECTION('',(-1.,-0.,-0.));
#4713 = PCURVE('',#2012,#4714);
#4714 = DEFINITIONAL_REPRESENTATION('',(#4715),#4719);
#4715 = LINE('',#4716,#4717);
#4716 = CARTESIAN_POINT('',(-2.962588395306,0.));
#4717 = VECTOR('',#4718,1.);
#4718 = DIRECTION('',(-0.,-1.));
#4719 = ( GEOMETRIC_REPRESENTATION_CONTEXT(2) 
PARAMETRIC_REPRESENTATION_CONTEXT() REPRESENTATION_CONTEXT('2D SPACE',''
  ) );
#4720 = PCURVE('',#1984,#4721);
#4721 = DEFINITIONAL_REPRESENTATION('',(#4722),#4726);
#4722 = LINE('',#4723,#4724);
#4723 = CARTESIAN_POINT('',(-0.,0.));
#4724 = VECTOR('',#4725,1.);
#4725 = DIRECTION('',(-0.,-1.));
#4726 = ( GEOMETRIC_REPRESENTATION_CONTEXT(2) 
PARAMETRIC_REPRESENTATION_CONTEXT() REPRESENTATION_CONTEXT('2D SPACE',''
  ) );
#4727 = ADVANCED_FACE('',(#4728),#1984,.T.);
#4728 = FACE_BOUND('',#4729,.F.);
#4729 = EDGE_LOOP('',(#4730,#4731,#4732,#4755));
#4730 = ORIENTED_EDGE('',*,*,#1968,.T.);
#4731 = ORIENTED_EDGE('',*,*,#4707,.T.);
#4732 = ORIENTED_EDGE('',*,*,#4733,.T.);
#4733 = EDGE_CURVE('',#4685,#4734,#4736,.T.);
#4734 = VERTEX_POINT('',#4735);
#4735 = CARTESIAN_POINT('',(-76.,228.023,-113.927));
#4736 = SURFACE_CURVE('',#4737,(#4741,#4748),.PCURVE_S1.);
#4737 = LINE('',#4738,#4739);
#4738 = CARTESIAN_POINT('',(-76.,225.927,-116.023));
#4739 = VECTOR('',#4740,1.);
#4740 = DIRECTION('',(-0.,0.707106781187,0.707106781187));
#4741 = PCURVE('',#1984,#4742);
#4742 = DEFINITIONAL_REPRESENTATION('',(#4743),#4747);
#4743 = LINE('',#4744,#4745);
#4744 = CARTESIAN_POINT('',(-0.,-25.));
#4745 = VECTOR('',#4746,1.);
#4746 = DIRECTION('',(-1.,0.));
#4747 = ( GEOMETRIC_REPRESENTATION_CONTEXT(2) 
PARAMETRIC_REPRESENTATION_CONTEXT() REPRESENTATION_CONTEXT('2D SPACE',''
  ) );
#4748 = PCURVE('',#4107,#4749);
#4749 = DEFINITIONAL_REPRESENTATION('',(#4750),#4754);
#4750 = LINE('',#4751,#4752);
#4751 = CARTESIAN_POINT('',(8.522991315602,-67.74915507678));
#4752 = VECTOR('',#4753,1.);
#4753 = DIRECTION('',(-0.707106781187,-0.707106781187));
#4754 = ( GEOMETRIC_REPRESENTATION_CONTEXT(2) 
PARAMETRIC_REPRESENTATION_CONTEXT() REPRESENTATION_CONTEXT('2D SPACE',''
  ) );
#4755 = ORIENTED_EDGE('',*,*,#4756,.F.);
#4756 = EDGE_CURVE('',#1941,#4734,#4757,.T.);
#4757 = SURFACE_CURVE('',#4758,(#4762,#4769),.PCURVE_S1.);
#4758 = LINE('',#4759,#4760);
#4759 = CARTESIAN_POINT('',(-51.,228.023,-113.927));
#4760 = VECTOR('',#4761,1.);
#4761 = DIRECTION('',(-1.,-0.,-0.));
#4762 = PCURVE('',#1984,#4763);
#4763 = DEFINITIONAL_REPRESENTATION('',(#4764),#4768);
#4764 = LINE('',#4765,#4766);
#4765 = CARTESIAN_POINT('',(-2.964191626734,0.));
#4766 = VECTOR('',#4767,1.);
#4767 = DIRECTION('',(-0.,-1.));
#4768 = ( GEOMETRIC_REPRESENTATION_CONTEXT(2) 
PARAMETRIC_REPRESENTATION_CONTEXT() REPRESENTATION_CONTEXT('2D SPACE',''
  ) );
#4769 = PCURVE('',#1956,#4770);
#4770 = DEFINITIONAL_REPRESENTATION('',(#4771),#4775);
#4771 = LINE('',#4772,#4773);
#4772 = CARTESIAN_POINT('',(-0.,0.));
#4773 = VECTOR('',#4774,1.);
#4774 = DIRECTION('',(-0.,-1.));
#4775 = ( GEOMETRIC_REPRESENTATION_CONTEXT(2) 
PARAMETRIC_REPRESENTATION_CONTEXT() REPRESENTATION_CONTEXT('2D SPACE',''
  ) );
#4776 = ADVANCED_FACE('',(#4777),#1956,.T.);
#4777 = FACE_BOUND('',#4778,.F.);
#4778 = EDGE_LOOP('',(#4779,#4780,#4781,#4804));
#4779 = ORIENTED_EDGE('',*,*,#1940,.T.);
#4780 = ORIENTED_EDGE('',*,*,#4756,.T.);
#4781 = ORIENTED_EDGE('',*,*,#4782,.T.);
#4782 = EDGE_CURVE('',#4734,#4783,#4785,.T.);
#4783 = VERTEX_POINT('',#4784);
#4784 = CARTESIAN_POINT('',(-76.,229.722,-111.5));
#4785 = SURFACE_CURVE('',#4786,(#4790,#4797),.PCURVE_S1.);
#4786 = LINE('',#4787,#4788);
#4787 = CARTESIAN_POINT('',(-76.,228.023,-113.927));
#4788 = VECTOR('',#4789,1.);
#4789 = DIRECTION('',(-0.,0.573484998015,0.819216062496));
#4790 = PCURVE('',#1956,#4791);
#4791 = DEFINITIONAL_REPRESENTATION('',(#4792),#4796);
#4792 = LINE('',#4793,#4794);
#4793 = CARTESIAN_POINT('',(-0.,-25.));
#4794 = VECTOR('',#4795,1.);
#4795 = DIRECTION('',(-1.,0.));
#4796 = ( GEOMETRIC_REPRESENTATION_CONTEXT(2) 
PARAMETRIC_REPRESENTATION_CONTEXT() REPRESENTATION_CONTEXT('2D SPACE',''
  ) );
#4797 = PCURVE('',#4107,#4798);
#4798 = DEFINITIONAL_REPRESENTATION('',(#4799),#4803);
#4799 = LINE('',#4800,#4801);
#4800 = CARTESIAN_POINT('',(6.426991315602,-69.84515507678));
#4801 = VECTOR('',#4802,1.);
#4802 = DIRECTION('',(-0.819216062496,-0.573484998015));
#4803 = ( GEOMETRIC_REPRESENTATION_CONTEXT(2) 
PARAMETRIC_REPRESENTATION_CONTEXT() REPRESENTATION_CONTEXT('2D SPACE',''
  ) );
#4804 = ORIENTED_EDGE('',*,*,#4805,.F.);
#4805 = EDGE_CURVE('',#1913,#4783,#4806,.T.);
#4806 = SURFACE_CURVE('',#4807,(#4811,#4818),.PCURVE_S1.);
#4807 = LINE('',#4808,#4809);
#4808 = CARTESIAN_POINT('',(-51.,229.722,-111.5));
#4809 = VECTOR('',#4810,1.);
#4810 = DIRECTION('',(-1.,-0.,-0.));
#4811 = PCURVE('',#1956,#4812);
#4812 = DEFINITIONAL_REPRESENTATION('',(#4813),#4817);
#4813 = LINE('',#4814,#4815);
#4814 = CARTESIAN_POINT('',(-2.962588395306,0.));
#4815 = VECTOR('',#4816,1.);
#4816 = DIRECTION('',(-0.,-1.));
#4817 = ( GEOMETRIC_REPRESENTATION_CONTEXT(2) 
PARAMETRIC_REPRESENTATION_CONTEXT() REPRESENTATION_CONTEXT('2D SPACE',''
  ) );
#4818 = PCURVE('',#1928,#4819);
#4819 = DEFINITIONAL_REPRESENTATION('',(#4820),#4824);
#4820 = LINE('',#4821,#4822);
#4821 = CARTESIAN_POINT('',(-0.,0.));
#4822 = VECTOR('',#4823,1.);
#4823 = DIRECTION('',(-0.,-1.));
#4824 = ( GEOMETRIC_REPRESENTATION_CONTEXT(2) 
PARAMETRIC_REPRESENTATION_CONTEXT() REPRESENTATION_CONTEXT('2D SPACE',''
  ) );
#4825 = ADVANCED_FACE('',(#4826),#1928,.T.);
#4826 = FACE_BOUND('',#4827,.F.);
#4827 = EDGE_LOOP('',(#4828,#4829,#4830,#4853));
#4828 = ORIENTED_EDGE('',*,*,#1912,.T.);
#4829 = ORIENTED_EDGE('',*,*,#4805,.T.);
#4830 = ORIENTED_EDGE('',*,*,#4831,.T.);
#4831 = EDGE_CURVE('',#4783,#4832,#4834,.T.);
#4832 = VERTEX_POINT('',#4833);
#4833 = CARTESIAN_POINT('',(-76.,230.975,-108.814));
#4834 = SURFACE_CURVE('',#4835,(#4839,#4846),.PCURVE_S1.);
#4835 = LINE('',#4836,#4837);
#4836 = CARTESIAN_POINT('',(-76.,229.722,-111.5));
#4837 = VECTOR('',#4838,1.);
#4838 = DIRECTION('',(-0.,0.422756167251,0.906243467867));
#4839 = PCURVE('',#1928,#4840);
#4840 = DEFINITIONAL_REPRESENTATION('',(#4841),#4845);
#4841 = LINE('',#4842,#4843);
#4842 = CARTESIAN_POINT('',(-0.,-25.));
#4843 = VECTOR('',#4844,1.);
#4844 = DIRECTION('',(-1.,0.));
#4845 = ( GEOMETRIC_REPRESENTATION_CONTEXT(2) 
PARAMETRIC_REPRESENTATION_CONTEXT() REPRESENTATION_CONTEXT('2D SPACE',''
  ) );
#4846 = PCURVE('',#4107,#4847);
#4847 = DEFINITIONAL_REPRESENTATION('',(#4848),#4852);
#4848 = LINE('',#4849,#4850);
#4849 = CARTESIAN_POINT('',(3.999991315602,-71.54415507678));
#4850 = VECTOR('',#4851,1.);
#4851 = DIRECTION('',(-0.906243467867,-0.422756167251));
#4852 = ( GEOMETRIC_REPRESENTATION_CONTEXT(2) 
PARAMETRIC_REPRESENTATION_CONTEXT() REPRESENTATION_CONTEXT('2D SPACE',''
  ) );
#4853 = ORIENTED_EDGE('',*,*,#4854,.F.);
#4854 = EDGE_CURVE('',#1885,#4832,#4855,.T.);
#4855 = SURFACE_CURVE('',#4856,(#4860,#4867),.PCURVE_S1.);
#4856 = LINE('',#4857,#4858);
#4857 = CARTESIAN_POINT('',(-51.,230.975,-108.814));
#4858 = VECTOR('',#4859,1.);
#4859 = DIRECTION('',(-1.,-0.,-0.));
#4860 = PCURVE('',#1928,#4861);
#4861 = DEFINITIONAL_REPRESENTATION('',(#4862),#4866);
#4862 = LINE('',#4863,#4864);
#4863 = CARTESIAN_POINT('',(-2.963883432256,0.));
#4864 = VECTOR('',#4865,1.);
#4865 = DIRECTION('',(-0.,-1.));
#4866 = ( GEOMETRIC_REPRESENTATION_CONTEXT(2) 
PARAMETRIC_REPRESENTATION_CONTEXT() REPRESENTATION_CONTEXT('2D SPACE',''
  ) );
#4867 = PCURVE('',#1900,#4868);
#4868 = DEFINITIONAL_REPRESENTATION('',(#4869),#4873);
#4869 = LINE('',#4870,#4871);
#4870 = CARTESIAN_POINT('',(-0.,0.));
#4871 = VECTOR('',#4872,1.);
#4872 = DIRECTION('',(-0.,-1.));
#4873 = ( GEOMETRIC_REPRESENTATION_CONTEXT(2) 
PARAMETRIC_REPRESENTATION_CONTEXT() REPRESENTATION_CONTEXT('2D SPACE',''
  ) );
#4874 = ADVANCED_FACE('',(#4875),#1900,.T.);
#4875 = FACE_BOUND('',#4876,.F.);
#4876 = EDGE_LOOP('',(#4877,#4878,#4879,#4902));
#4877 = ORIENTED_EDGE('',*,*,#1884,.T.);
#4878 = ORIENTED_EDGE('',*,*,#4854,.T.);
#4879 = ORIENTED_EDGE('',*,*,#4880,.T.);
#4880 = EDGE_CURVE('',#4832,#4881,#4883,.T.);
#4881 = VERTEX_POINT('',#4882);
#4882 = CARTESIAN_POINT('',(-76.,231.742,-105.952));
#4883 = SURFACE_CURVE('',#4884,(#4888,#4895),.PCURVE_S1.);
#4884 = LINE('',#4885,#4886);
#4885 = CARTESIAN_POINT('',(-76.,230.975,-108.814));
#4886 = VECTOR('',#4887,1.);
#4887 = DIRECTION('',(-0.,0.25885979499,0.965914906468));
#4888 = PCURVE('',#1900,#4889);
#4889 = DEFINITIONAL_REPRESENTATION('',(#4890),#4894);
#4890 = LINE('',#4891,#4892);
#4891 = CARTESIAN_POINT('',(-0.,-25.));
#4892 = VECTOR('',#4893,1.);
#4893 = DIRECTION('',(-1.,0.));
#4894 = ( GEOMETRIC_REPRESENTATION_CONTEXT(2) 
PARAMETRIC_REPRESENTATION_CONTEXT() REPRESENTATION_CONTEXT('2D SPACE',''
  ) );
#4895 = PCURVE('',#4107,#4896);
#4896 = DEFINITIONAL_REPRESENTATION('',(#4897),#4901);
#4897 = LINE('',#4898,#4899);
#4898 = CARTESIAN_POINT('',(1.313991315602,-72.79715507678));
#4899 = VECTOR('',#4900,1.);
#4900 = DIRECTION('',(-0.965914906468,-0.25885979499));
#4901 = ( GEOMETRIC_REPRESENTATION_CONTEXT(2) 
PARAMETRIC_REPRESENTATION_CONTEXT() REPRESENTATION_CONTEXT('2D SPACE',''
  ) );
#4902 = ORIENTED_EDGE('',*,*,#4903,.F.);
#4903 = EDGE_CURVE('',#1857,#4881,#4904,.T.);
#4904 = SURFACE_CURVE('',#4905,(#4909,#4916),.PCURVE_S1.);
#4905 = LINE('',#4906,#4907);
#4906 = CARTESIAN_POINT('',(-51.,231.742,-105.952));
#4907 = VECTOR('',#4908,1.);
#4908 = DIRECTION('',(-1.,-0.,-0.));
#4909 = PCURVE('',#1900,#4910);
#4910 = DEFINITIONAL_REPRESENTATION('',(#4911),#4915);
#4911 = LINE('',#4912,#4913);
#4912 = CARTESIAN_POINT('',(-2.96299392507,0.));
#4913 = VECTOR('',#4914,1.);
#4914 = DIRECTION('',(-0.,-1.));
#4915 = ( GEOMETRIC_REPRESENTATION_CONTEXT(2) 
PARAMETRIC_REPRESENTATION_CONTEXT() REPRESENTATION_CONTEXT('2D SPACE',''
  ) );
#4916 = PCURVE('',#1872,#4917);
#4917 = DEFINITIONAL_REPRESENTATION('',(#4918),#4922);
#4918 = LINE('',#4919,#4920);
#4919 = CARTESIAN_POINT('',(-0.,0.));
#4920 = VECTOR('',#4921,1.);
#4921 = DIRECTION('',(-0.,-1.));
#4922 = ( GEOMETRIC_REPRESENTATION_CONTEXT(2) 
PARAMETRIC_REPRESENTATION_CONTEXT() REPRESENTATION_CONTEXT('2D SPACE',''
  ) );
#4923 = ADVANCED_FACE('',(#4924),#1872,.T.);
#4924 = FACE_BOUND('',#4925,.F.);
#4925 = EDGE_LOOP('',(#4926,#4927,#4928,#4951));
#4926 = ORIENTED_EDGE('',*,*,#1856,.T.);
#4927 = ORIENTED_EDGE('',*,*,#4903,.T.);
#4928 = ORIENTED_EDGE('',*,*,#4929,.T.);
#4929 = EDGE_CURVE('',#4881,#4930,#4932,.T.);
#4930 = VERTEX_POINT('',#4931);
#4931 = CARTESIAN_POINT('',(-76.,232.,-103.));
#4932 = SURFACE_CURVE('',#4933,(#4937,#4944),.PCURVE_S1.);
#4933 = LINE('',#4934,#4935);
#4934 = CARTESIAN_POINT('',(-76.,231.742,-105.952));
#4935 = VECTOR('',#4936,1.);
#4936 = DIRECTION('',(-0.,8.70664789758E-02,0.99620250363));
#4937 = PCURVE('',#1872,#4938);
#4938 = DEFINITIONAL_REPRESENTATION('',(#4939),#4943);
#4939 = LINE('',#4940,#4941);
#4940 = CARTESIAN_POINT('',(-0.,-25.));
#4941 = VECTOR('',#4942,1.);
#4942 = DIRECTION('',(-1.,0.));
#4943 = ( GEOMETRIC_REPRESENTATION_CONTEXT(2) 
PARAMETRIC_REPRESENTATION_CONTEXT() REPRESENTATION_CONTEXT('2D SPACE',''
  ) );
#4944 = PCURVE('',#4107,#4945);
#4945 = DEFINITIONAL_REPRESENTATION('',(#4946),#4950);
#4946 = LINE('',#4947,#4948);
#4947 = CARTESIAN_POINT('',(-1.548008684398,-73.56415507678));
#4948 = VECTOR('',#4949,1.);
#4949 = DIRECTION('',(-0.99620250363,-8.70664789758E-02));
#4950 = ( GEOMETRIC_REPRESENTATION_CONTEXT(2) 
PARAMETRIC_REPRESENTATION_CONTEXT() REPRESENTATION_CONTEXT('2D SPACE',''
  ) );
#4951 = ORIENTED_EDGE('',*,*,#4952,.F.);
#4952 = EDGE_CURVE('',#1829,#4930,#4953,.T.);
#4953 = SURFACE_CURVE('',#4954,(#4958,#4965),.PCURVE_S1.);
#4954 = LINE('',#4955,#4956);
#4955 = CARTESIAN_POINT('',(-51.,232.,-103.));
#4956 = VECTOR('',#4957,1.);
#4957 = DIRECTION('',(-1.,-0.,-0.));
#4958 = PCURVE('',#1872,#4959);
#4959 = DEFINITIONAL_REPRESENTATION('',(#4960),#4964);
#4960 = LINE('',#4961,#4962);
#4961 = CARTESIAN_POINT('',(-2.963252942292,0.));
#4962 = VECTOR('',#4963,1.);
#4963 = DIRECTION('',(-0.,-1.));
#4964 = ( GEOMETRIC_REPRESENTATION_CONTEXT(2) 
PARAMETRIC_REPRESENTATION_CONTEXT() REPRESENTATION_CONTEXT('2D SPACE',''
  ) );
#4965 = PCURVE('',#1844,#4966);
#4966 = DEFINITIONAL_REPRESENTATION('',(#4967),#4971);
#4967 = LINE('',#4968,#4969);
#4968 = CARTESIAN_POINT('',(-0.,0.));
#4969 = VECTOR('',#4970,1.);
#4970 = DIRECTION('',(-0.,-1.));
#4971 = ( GEOMETRIC_REPRESENTATION_CONTEXT(2) 
PARAMETRIC_REPRESENTATION_CONTEXT() REPRESENTATION_CONTEXT('2D SPACE',''
  ) );
#4972 = ADVANCED_FACE('',(#4973),#1844,.T.);
#4973 = FACE_BOUND('',#4974,.F.);
#4974 = EDGE_LOOP('',(#4975,#4976,#4977,#5000));
#4975 = ORIENTED_EDGE('',*,*,#1828,.T.);
#4976 = ORIENTED_EDGE('',*,*,#4952,.T.);
#4977 = ORIENTED_EDGE('',*,*,#4978,.T.);
#4978 = EDGE_CURVE('',#4930,#4979,#4981,.T.);
#4979 = VERTEX_POINT('',#4980);
#4980 = CARTESIAN_POINT('',(-76.,231.742,-100.048));
#4981 = SURFACE_CURVE('',#4982,(#4986,#4993),.PCURVE_S1.);
#4982 = LINE('',#4983,#4984);
#4983 = CARTESIAN_POINT('',(-76.,232.,-103.));
#4984 = VECTOR('',#4985,1.);
#4985 = DIRECTION('',(-0.,-8.70664789758E-02,0.99620250363));
#4986 = PCURVE('',#1844,#4987);
#4987 = DEFINITIONAL_REPRESENTATION('',(#4988),#4992);
#4988 = LINE('',#4989,#4990);
#4989 = CARTESIAN_POINT('',(-0.,-25.));
#4990 = VECTOR('',#4991,1.);
#4991 = DIRECTION('',(-1.,0.));
#4992 = ( GEOMETRIC_REPRESENTATION_CONTEXT(2) 
PARAMETRIC_REPRESENTATION_CONTEXT() REPRESENTATION_CONTEXT('2D SPACE',''
  ) );
#4993 = PCURVE('',#4107,#4994);
#4994 = DEFINITIONAL_REPRESENTATION('',(#4995),#4999);
#4995 = LINE('',#4996,#4997);
#4996 = CARTESIAN_POINT('',(-4.500008684398,-73.82215507678));
#4997 = VECTOR('',#4998,1.);
#4998 = DIRECTION('',(-0.99620250363,8.70664789758E-02));
#4999 = ( GEOMETRIC_REPRESENTATION_CONTEXT(2) 
PARAMETRIC_REPRESENTATION_CONTEXT() REPRESENTATION_CONTEXT('2D SPACE',''
  ) );
#5000 = ORIENTED_EDGE('',*,*,#5001,.F.);
#5001 = EDGE_CURVE('',#1801,#4979,#5002,.T.);
#5002 = SURFACE_CURVE('',#5003,(#5007,#5014),.PCURVE_S1.);
#5003 = LINE('',#5004,#5005);
#5004 = CARTESIAN_POINT('',(-51.,231.742,-100.048));
#5005 = VECTOR('',#5006,1.);
#5006 = DIRECTION('',(-1.,-0.,-0.));
#5007 = PCURVE('',#1844,#5008);
#5008 = DEFINITIONAL_REPRESENTATION('',(#5009),#5013);
#5009 = LINE('',#5010,#5011);
#5010 = CARTESIAN_POINT('',(-2.963252942292,0.));
#5011 = VECTOR('',#5012,1.);
#5012 = DIRECTION('',(-0.,-1.));
#5013 = ( GEOMETRIC_REPRESENTATION_CONTEXT(2) 
PARAMETRIC_REPRESENTATION_CONTEXT() REPRESENTATION_CONTEXT('2D SPACE',''
  ) );
#5014 = PCURVE('',#1816,#5015);
#5015 = DEFINITIONAL_REPRESENTATION('',(#5016),#5020);
#5016 = LINE('',#5017,#5018);
#5017 = CARTESIAN_POINT('',(-0.,0.));
#5018 = VECTOR('',#5019,1.);
#5019 = DIRECTION('',(-0.,-1.));
#5020 = ( GEOMETRIC_REPRESENTATION_CONTEXT(2) 
PARAMETRIC_REPRESENTATION_CONTEXT() REPRESENTATION_CONTEXT('2D SPACE',''
  ) );
#5021 = ADVANCED_FACE('',(#5022),#1816,.T.);
#5022 = FACE_BOUND('',#5023,.F.);
#5023 = EDGE_LOOP('',(#5024,#5025,#5026,#5049));
#5024 = ORIENTED_EDGE('',*,*,#1800,.T.);
#5025 = ORIENTED_EDGE('',*,*,#5001,.T.);
#5026 = ORIENTED_EDGE('',*,*,#5027,.T.);
#5027 = EDGE_CURVE('',#4979,#5028,#5030,.T.);
#5028 = VERTEX_POINT('',#5029);
#5029 = CARTESIAN_POINT('',(-76.,230.975,-97.186));
#5030 = SURFACE_CURVE('',#5031,(#5035,#5042),.PCURVE_S1.);
#5031 = LINE('',#5032,#5033);
#5032 = CARTESIAN_POINT('',(-76.,231.742,-100.048));
#5033 = VECTOR('',#5034,1.);
#5034 = DIRECTION('',(-0.,-0.25885979499,0.965914906468));
#5035 = PCURVE('',#1816,#5036);
#5036 = DEFINITIONAL_REPRESENTATION('',(#5037),#5041);
#5037 = LINE('',#5038,#5039);
#5038 = CARTESIAN_POINT('',(-0.,-25.));
#5039 = VECTOR('',#5040,1.);
#5040 = DIRECTION('',(-1.,0.));
#5041 = ( GEOMETRIC_REPRESENTATION_CONTEXT(2) 
PARAMETRIC_REPRESENTATION_CONTEXT() REPRESENTATION_CONTEXT('2D SPACE',''
  ) );
#5042 = PCURVE('',#4107,#5043);
#5043 = DEFINITIONAL_REPRESENTATION('',(#5044),#5048);
#5044 = LINE('',#5045,#5046);
#5045 = CARTESIAN_POINT('',(-7.452008684398,-73.56415507678));
#5046 = VECTOR('',#5047,1.);
#5047 = DIRECTION('',(-0.965914906468,0.25885979499));
#5048 = ( GEOMETRIC_REPRESENTATION_CONTEXT(2) 
PARAMETRIC_REPRESENTATION_CONTEXT() REPRESENTATION_CONTEXT('2D SPACE',''
  ) );
#5049 = ORIENTED_EDGE('',*,*,#5050,.F.);
#5050 = EDGE_CURVE('',#1773,#5028,#5051,.T.);
#5051 = SURFACE_CURVE('',#5052,(#5056,#5063),.PCURVE_S1.);
#5052 = LINE('',#5053,#5054);
#5053 = CARTESIAN_POINT('',(-51.,230.975,-97.186));
#5054 = VECTOR('',#5055,1.);
#5055 = DIRECTION('',(-1.,-0.,-0.));
#5056 = PCURVE('',#1816,#5057);
#5057 = DEFINITIONAL_REPRESENTATION('',(#5058),#5062);
#5058 = LINE('',#5059,#5060);
#5059 = CARTESIAN_POINT('',(-2.96299392507,0.));
#5060 = VECTOR('',#5061,1.);
#5061 = DIRECTION('',(-0.,-1.));
#5062 = ( GEOMETRIC_REPRESENTATION_CONTEXT(2) 
PARAMETRIC_REPRESENTATION_CONTEXT() REPRESENTATION_CONTEXT('2D SPACE',''
  ) );
#5063 = PCURVE('',#1788,#5064);
#5064 = DEFINITIONAL_REPRESENTATION('',(#5065),#5069);
#5065 = LINE('',#5066,#5067);
#5066 = CARTESIAN_POINT('',(-0.,0.));
#5067 = VECTOR('',#5068,1.);
#5068 = DIRECTION('',(-0.,-1.));
#5069 = ( GEOMETRIC_REPRESENTATION_CONTEXT(2) 
PARAMETRIC_REPRESENTATION_CONTEXT() REPRESENTATION_CONTEXT('2D SPACE',''
  ) );
#5070 = ADVANCED_FACE('',(#5071),#1788,.T.);
#5071 = FACE_BOUND('',#5072,.F.);
#5072 = EDGE_LOOP('',(#5073,#5074,#5075,#5098));
#5073 = ORIENTED_EDGE('',*,*,#1772,.T.);
#5074 = ORIENTED_EDGE('',*,*,#5050,.T.);
#5075 = ORIENTED_EDGE('',*,*,#5076,.T.);
#5076 = EDGE_CURVE('',#5028,#5077,#5079,.T.);
#5077 = VERTEX_POINT('',#5078);
#5078 = CARTESIAN_POINT('',(-76.,229.722,-94.5));
#5079 = SURFACE_CURVE('',#5080,(#5084,#5091),.PCURVE_S1.);
#5080 = LINE('',#5081,#5082);
#5081 = CARTESIAN_POINT('',(-76.,230.975,-97.186));
#5082 = VECTOR('',#5083,1.);
#5083 = DIRECTION('',(-0.,-0.422756167251,0.906243467867));
#5084 = PCURVE('',#1788,#5085);
#5085 = DEFINITIONAL_REPRESENTATION('',(#5086),#5090);
#5086 = LINE('',#5087,#5088);
#5087 = CARTESIAN_POINT('',(-0.,-25.));
#5088 = VECTOR('',#5089,1.);
#5089 = DIRECTION('',(-1.,0.));
#5090 = ( GEOMETRIC_REPRESENTATION_CONTEXT(2) 
PARAMETRIC_REPRESENTATION_CONTEXT() REPRESENTATION_CONTEXT('2D SPACE',''
  ) );
#5091 = PCURVE('',#4107,#5092);
#5092 = DEFINITIONAL_REPRESENTATION('',(#5093),#5097);
#5093 = LINE('',#5094,#5095);
#5094 = CARTESIAN_POINT('',(-10.31400868439,-72.79715507678));
#5095 = VECTOR('',#5096,1.);
#5096 = DIRECTION('',(-0.906243467867,0.422756167251));
#5097 = ( GEOMETRIC_REPRESENTATION_CONTEXT(2) 
PARAMETRIC_REPRESENTATION_CONTEXT() REPRESENTATION_CONTEXT('2D SPACE',''
  ) );
#5098 = ORIENTED_EDGE('',*,*,#5099,.F.);
#5099 = EDGE_CURVE('',#1745,#5077,#5100,.T.);
#5100 = SURFACE_CURVE('',#5101,(#5105,#5112),.PCURVE_S1.);
#5101 = LINE('',#5102,#5103);
#5102 = CARTESIAN_POINT('',(-51.,229.722,-94.5));
#5103 = VECTOR('',#5104,1.);
#5104 = DIRECTION('',(-1.,-0.,-0.));
#5105 = PCURVE('',#1788,#5106);
#5106 = DEFINITIONAL_REPRESENTATION('',(#5107),#5111);
#5107 = LINE('',#5108,#5109);
#5108 = CARTESIAN_POINT('',(-2.963883432256,0.));
#5109 = VECTOR('',#5110,1.);
#5110 = DIRECTION('',(-0.,-1.));
#5111 = ( GEOMETRIC_REPRESENTATION_CONTEXT(2) 
PARAMETRIC_REPRESENTATION_CONTEXT() REPRESENTATION_CONTEXT('2D SPACE',''
  ) );
#5112 = PCURVE('',#1760,#5113);
#5113 = DEFINITIONAL_REPRESENTATION('',(#5114),#5118);
#5114 = LINE('',#5115,#5116);
#5115 = CARTESIAN_POINT('',(-0.,0.));
#5116 = VECTOR('',#5117,1.);
#5117 = DIRECTION('',(-0.,-1.));
#5118 = ( GEOMETRIC_REPRESENTATION_CONTEXT(2) 
PARAMETRIC_REPRESENTATION_CONTEXT() REPRESENTATION_CONTEXT('2D SPACE',''
  ) );
#5119 = ADVANCED_FACE('',(#5120),#1760,.T.);
#5120 = FACE_BOUND('',#5121,.F.);
#5121 = EDGE_LOOP('',(#5122,#5123,#5124,#5147));
#5122 = ORIENTED_EDGE('',*,*,#1744,.T.);
#5123 = ORIENTED_EDGE('',*,*,#5099,.T.);
#5124 = ORIENTED_EDGE('',*,*,#5125,.T.);
#5125 = EDGE_CURVE('',#5077,#5126,#5128,.T.);
#5126 = VERTEX_POINT('',#5127);
#5127 = CARTESIAN_POINT('',(-76.,228.023,-92.073));
#5128 = SURFACE_CURVE('',#5129,(#5133,#5140),.PCURVE_S1.);
#5129 = LINE('',#5130,#5131);
#5130 = CARTESIAN_POINT('',(-76.,229.722,-94.5));
#5131 = VECTOR('',#5132,1.);
#5132 = DIRECTION('',(-0.,-0.573484998015,0.819216062496));
#5133 = PCURVE('',#1760,#5134);
#5134 = DEFINITIONAL_REPRESENTATION('',(#5135),#5139);
#5135 = LINE('',#5136,#5137);
#5136 = CARTESIAN_POINT('',(-0.,-25.));
#5137 = VECTOR('',#5138,1.);
#5138 = DIRECTION('',(-1.,0.));
#5139 = ( GEOMETRIC_REPRESENTATION_CONTEXT(2) 
PARAMETRIC_REPRESENTATION_CONTEXT() REPRESENTATION_CONTEXT('2D SPACE',''
  ) );
#5140 = PCURVE('',#4107,#5141);
#5141 = DEFINITIONAL_REPRESENTATION('',(#5142),#5146);
#5142 = LINE('',#5143,#5144);
#5143 = CARTESIAN_POINT('',(-13.00000868439,-71.54415507678));
#5144 = VECTOR('',#5145,1.);
#5145 = DIRECTION('',(-0.819216062496,0.573484998015));
#5146 = ( GEOMETRIC_REPRESENTATION_CONTEXT(2) 
PARAMETRIC_REPRESENTATION_CONTEXT() REPRESENTATION_CONTEXT('2D SPACE',''
  ) );
#5147 = ORIENTED_EDGE('',*,*,#5148,.F.);
#5148 = EDGE_CURVE('',#1717,#5126,#5149,.T.);
#5149 = SURFACE_CURVE('',#5150,(#5154,#5161),.PCURVE_S1.);
#5150 = LINE('',#5151,#5152);
#5151 = CARTESIAN_POINT('',(-51.,228.023,-92.073));
#5152 = VECTOR('',#5153,1.);
#5153 = DIRECTION('',(-1.,-0.,-0.));
#5154 = PCURVE('',#1760,#5155);
#5155 = DEFINITIONAL_REPRESENTATION('',(#5156),#5160);
#5156 = LINE('',#5157,#5158);
#5157 = CARTESIAN_POINT('',(-2.962588395306,0.));
#5158 = VECTOR('',#5159,1.);
#5159 = DIRECTION('',(-0.,-1.));
#5160 = ( GEOMETRIC_REPRESENTATION_CONTEXT(2) 
PARAMETRIC_REPRESENTATION_CONTEXT() REPRESENTATION_CONTEXT('2D SPACE',''
  ) );
#5161 = PCURVE('',#1732,#5162);
#5162 = DEFINITIONAL_REPRESENTATION('',(#5163),#5167);
#5163 = LINE('',#5164,#5165);
#5164 = CARTESIAN_POINT('',(-0.,0.));
#5165 = VECTOR('',#5166,1.);
#5166 = DIRECTION('',(-0.,-1.));
#5167 = ( GEOMETRIC_REPRESENTATION_CONTEXT(2) 
PARAMETRIC_REPRESENTATION_CONTEXT() REPRESENTATION_CONTEXT('2D SPACE',''
  ) );
#5168 = ADVANCED_FACE('',(#5169),#1732,.T.);
#5169 = FACE_BOUND('',#5170,.F.);
#5170 = EDGE_LOOP('',(#5171,#5172,#5173,#5196));
#5171 = ORIENTED_EDGE('',*,*,#1716,.T.);
#5172 = ORIENTED_EDGE('',*,*,#5148,.T.);
#5173 = ORIENTED_EDGE('',*,*,#5174,.T.);
#5174 = EDGE_CURVE('',#5126,#5175,#5177,.T.);
#5175 = VERTEX_POINT('',#5176);
#5176 = CARTESIAN_POINT('',(-76.,225.927,-89.977));
#5177 = SURFACE_CURVE('',#5178,(#5182,#5189),.PCURVE_S1.);
#5178 = LINE('',#5179,#5180);
#5179 = CARTESIAN_POINT('',(-76.,228.023,-92.073));
#5180 = VECTOR('',#5181,1.);
#5181 = DIRECTION('',(-0.,-0.707106781187,0.707106781187));
#5182 = PCURVE('',#1732,#5183);
#5183 = DEFINITIONAL_REPRESENTATION('',(#5184),#5188);
#5184 = LINE('',#5185,#5186);
#5185 = CARTESIAN_POINT('',(-0.,-25.));
#5186 = VECTOR('',#5187,1.);
#5187 = DIRECTION('',(-1.,0.));
#5188 = ( GEOMETRIC_REPRESENTATION_CONTEXT(2) 
PARAMETRIC_REPRESENTATION_CONTEXT() REPRESENTATION_CONTEXT('2D SPACE',''
  ) );
#5189 = PCURVE('',#4107,#5190);
#5190 = DEFINITIONAL_REPRESENTATION('',(#5191),#5195);
#5191 = LINE('',#5192,#5193);
#5192 = CARTESIAN_POINT('',(-15.42700868439,-69.84515507678));
#5193 = VECTOR('',#5194,1.);
#5194 = DIRECTION('',(-0.707106781187,0.707106781187));
#5195 = ( GEOMETRIC_REPRESENTATION_CONTEXT(2) 
PARAMETRIC_REPRESENTATION_CONTEXT() REPRESENTATION_CONTEXT('2D SPACE',''
  ) );
#5196 = ORIENTED_EDGE('',*,*,#5197,.F.);
#5197 = EDGE_CURVE('',#1689,#5175,#5198,.T.);
#5198 = SURFACE_CURVE('',#5199,(#5203,#5210),.PCURVE_S1.);
#5199 = LINE('',#5200,#5201);
#5200 = CARTESIAN_POINT('',(-51.,225.927,-89.977));
#5201 = VECTOR('',#5202,1.);
#5202 = DIRECTION('',(-1.,-0.,-0.));
#5203 = PCURVE('',#1732,#5204);
#5204 = DEFINITIONAL_REPRESENTATION('',(#5205),#5209);
#5205 = LINE('',#5206,#5207);
#5206 = CARTESIAN_POINT('',(-2.964191626734,0.));
#5207 = VECTOR('',#5208,1.);
#5208 = DIRECTION('',(-0.,-1.));
#5209 = ( GEOMETRIC_REPRESENTATION_CONTEXT(2) 
PARAMETRIC_REPRESENTATION_CONTEXT() REPRESENTATION_CONTEXT('2D SPACE',''
  ) );
#5210 = PCURVE('',#1704,#5211);
#5211 = DEFINITIONAL_REPRESENTATION('',(#5212),#5216);
#5212 = LINE('',#5213,#5214);
#5213 = CARTESIAN_POINT('',(-0.,0.));
#5214 = VECTOR('',#5215,1.);
#5215 = DIRECTION('',(-0.,-1.));
#5216 = ( GEOMETRIC_REPRESENTATION_CONTEXT(2) 
PARAMETRIC_REPRESENTATION_CONTEXT() REPRESENTATION_CONTEXT('2D SPACE',''
  ) );
#5217 = ADVANCED_FACE('',(#5218),#1704,.T.);
#5218 = FACE_BOUND('',#5219,.F.);
#5219 = EDGE_LOOP('',(#5220,#5221,#5222,#5245));
#5220 = ORIENTED_EDGE('',*,*,#1688,.T.);
#5221 = ORIENTED_EDGE('',*,*,#5197,.T.);
#5222 = ORIENTED_EDGE('',*,*,#5223,.T.);
#5223 = EDGE_CURVE('',#5175,#5224,#5226,.T.);
#5224 = VERTEX_POINT('',#5225);
#5225 = CARTESIAN_POINT('',(-76.,223.5,-88.278));
#5226 = SURFACE_CURVE('',#5227,(#5231,#5238),.PCURVE_S1.);
#5227 = LINE('',#5228,#5229);
#5228 = CARTESIAN_POINT('',(-76.,225.927,-89.977));
#5229 = VECTOR('',#5230,1.);
#5230 = DIRECTION('',(-0.,-0.819216062496,0.573484998015));
#5231 = PCURVE('',#1704,#5232);
#5232 = DEFINITIONAL_REPRESENTATION('',(#5233),#5237);
#5233 = LINE('',#5234,#5235);
#5234 = CARTESIAN_POINT('',(-0.,-25.));
#5235 = VECTOR('',#5236,1.);
#5236 = DIRECTION('',(-1.,0.));
#5237 = ( GEOMETRIC_REPRESENTATION_CONTEXT(2) 
PARAMETRIC_REPRESENTATION_CONTEXT() REPRESENTATION_CONTEXT('2D SPACE',''
  ) );
#5238 = PCURVE('',#4107,#5239);
#5239 = DEFINITIONAL_REPRESENTATION('',(#5240),#5244);
#5240 = LINE('',#5241,#5242);
#5241 = CARTESIAN_POINT('',(-17.52300868439,-67.74915507678));
#5242 = VECTOR('',#5243,1.);
#5243 = DIRECTION('',(-0.573484998015,0.819216062496));
#5244 = ( GEOMETRIC_REPRESENTATION_CONTEXT(2) 
PARAMETRIC_REPRESENTATION_CONTEXT() REPRESENTATION_CONTEXT('2D SPACE',''
  ) );
#5245 = ORIENTED_EDGE('',*,*,#5246,.F.);
#5246 = EDGE_CURVE('',#1661,#5224,#5247,.T.);
#5247 = SURFACE_CURVE('',#5248,(#5252,#5259),.PCURVE_S1.);
#5248 = LINE('',#5249,#5250);
#5249 = CARTESIAN_POINT('',(-51.,223.5,-88.278));
#5250 = VECTOR('',#5251,1.);
#5251 = DIRECTION('',(-1.,-0.,-0.));
#5252 = PCURVE('',#1704,#5253);
#5253 = DEFINITIONAL_REPRESENTATION('',(#5254),#5258);
#5254 = LINE('',#5255,#5256);
#5255 = CARTESIAN_POINT('',(-2.962588395306,0.));
#5256 = VECTOR('',#5257,1.);
#5257 = DIRECTION('',(-0.,-1.));
#5258 = ( GEOMETRIC_REPRESENTATION_CONTEXT(2) 
PARAMETRIC_REPRESENTATION_CONTEXT() REPRESENTATION_CONTEXT('2D SPACE',''
  ) );
#5259 = PCURVE('',#1676,#5260);
#5260 = DEFINITIONAL_REPRESENTATION('',(#5261),#5265);
#5261 = LINE('',#5262,#5263);
#5262 = CARTESIAN_POINT('',(-0.,0.));
#5263 = VECTOR('',#5264,1.);
#5264 = DIRECTION('',(-0.,-1.));
#5265 = ( GEOMETRIC_REPRESENTATION_CONTEXT(2) 
PARAMETRIC_REPRESENTATION_CONTEXT() REPRESENTATION_CONTEXT('2D SPACE',''
  ) );
#5266 = ADVANCED_FACE('',(#5267),#1676,.T.);
#5267 = FACE_BOUND('',#5268,.F.);
#5268 = EDGE_LOOP('',(#5269,#5270,#5271,#5294));
#5269 = ORIENTED_EDGE('',*,*,#1660,.T.);
#5270 = ORIENTED_EDGE('',*,*,#5246,.T.);
#5271 = ORIENTED_EDGE('',*,*,#5272,.T.);
#5272 = EDGE_CURVE('',#5224,#5273,#5275,.T.);
#5273 = VERTEX_POINT('',#5274);
#5274 = CARTESIAN_POINT('',(-76.,220.814,-87.025));
#5275 = SURFACE_CURVE('',#5276,(#5280,#5287),.PCURVE_S1.);
#5276 = LINE('',#5277,#5278);
#5277 = CARTESIAN_POINT('',(-76.,223.5,-88.278));
#5278 = VECTOR('',#5279,1.);
#5279 = DIRECTION('',(-0.,-0.906243467867,0.422756167251));
#5280 = PCURVE('',#1676,#5281);
#5281 = DEFINITIONAL_REPRESENTATION('',(#5282),#5286);
#5282 = LINE('',#5283,#5284);
#5283 = CARTESIAN_POINT('',(-0.,-25.));
#5284 = VECTOR('',#5285,1.);
#5285 = DIRECTION('',(-1.,0.));
#5286 = ( GEOMETRIC_REPRESENTATION_CONTEXT(2) 
PARAMETRIC_REPRESENTATION_CONTEXT() REPRESENTATION_CONTEXT('2D SPACE',''
  ) );
#5287 = PCURVE('',#4107,#5288);
#5288 = DEFINITIONAL_REPRESENTATION('',(#5289),#5293);
#5289 = LINE('',#5290,#5291);
#5290 = CARTESIAN_POINT('',(-19.22200868439,-65.32215507678));
#5291 = VECTOR('',#5292,1.);
#5292 = DIRECTION('',(-0.422756167251,0.906243467867));
#5293 = ( GEOMETRIC_REPRESENTATION_CONTEXT(2) 
PARAMETRIC_REPRESENTATION_CONTEXT() REPRESENTATION_CONTEXT('2D SPACE',''
  ) );
#5294 = ORIENTED_EDGE('',*,*,#5295,.F.);
#5295 = EDGE_CURVE('',#1633,#5273,#5296,.T.);
#5296 = SURFACE_CURVE('',#5297,(#5301,#5308),.PCURVE_S1.);
#5297 = LINE('',#5298,#5299);
#5298 = CARTESIAN_POINT('',(-51.,220.814,-87.025));
#5299 = VECTOR('',#5300,1.);
#5300 = DIRECTION('',(-1.,-0.,-0.));
#5301 = PCURVE('',#1676,#5302);
#5302 = DEFINITIONAL_REPRESENTATION('',(#5303),#5307);
#5303 = LINE('',#5304,#5305);
#5304 = CARTESIAN_POINT('',(-2.963883432256,0.));
#5305 = VECTOR('',#5306,1.);
#5306 = DIRECTION('',(-0.,-1.));
#5307 = ( GEOMETRIC_REPRESENTATION_CONTEXT(2) 
PARAMETRIC_REPRESENTATION_CONTEXT() REPRESENTATION_CONTEXT('2D SPACE',''
  ) );
#5308 = PCURVE('',#1648,#5309);
#5309 = DEFINITIONAL_REPRESENTATION('',(#5310),#5314);
#5310 = LINE('',#5311,#5312);
#5311 = CARTESIAN_POINT('',(-0.,0.));
#5312 = VECTOR('',#5313,1.);
#5313 = DIRECTION('',(-0.,-1.));
#5314 = ( GEOMETRIC_REPRESENTATION_CONTEXT(2) 
PARAMETRIC_REPRESENTATION_CONTEXT() REPRESENTATION_CONTEXT('2D SPACE',''
  ) );
#5315 = ADVANCED_FACE('',(#5316),#1648,.T.);
#5316 = FACE_BOUND('',#5317,.F.);
#5317 = EDGE_LOOP('',(#5318,#5319,#5320,#5343));
#5318 = ORIENTED_EDGE('',*,*,#1632,.T.);
#5319 = ORIENTED_EDGE('',*,*,#5295,.T.);
#5320 = ORIENTED_EDGE('',*,*,#5321,.T.);
#5321 = EDGE_CURVE('',#5273,#5322,#5324,.T.);
#5322 = VERTEX_POINT('',#5323);
#5323 = CARTESIAN_POINT('',(-76.,217.952,-86.258));
#5324 = SURFACE_CURVE('',#5325,(#5329,#5336),.PCURVE_S1.);
#5325 = LINE('',#5326,#5327);
#5326 = CARTESIAN_POINT('',(-76.,220.814,-87.025));
#5327 = VECTOR('',#5328,1.);
#5328 = DIRECTION('',(-0.,-0.965914906468,0.25885979499));
#5329 = PCURVE('',#1648,#5330);
#5330 = DEFINITIONAL_REPRESENTATION('',(#5331),#5335);
#5331 = LINE('',#5332,#5333);
#5332 = CARTESIAN_POINT('',(-0.,-25.));
#5333 = VECTOR('',#5334,1.);
#5334 = DIRECTION('',(-1.,0.));
#5335 = ( GEOMETRIC_REPRESENTATION_CONTEXT(2) 
PARAMETRIC_REPRESENTATION_CONTEXT() REPRESENTATION_CONTEXT('2D SPACE',''
  ) );
#5336 = PCURVE('',#4107,#5337);
#5337 = DEFINITIONAL_REPRESENTATION('',(#5338),#5342);
#5338 = LINE('',#5339,#5340);
#5339 = CARTESIAN_POINT('',(-20.47500868439,-62.63615507678));
#5340 = VECTOR('',#5341,1.);
#5341 = DIRECTION('',(-0.25885979499,0.965914906468));
#5342 = ( GEOMETRIC_REPRESENTATION_CONTEXT(2) 
PARAMETRIC_REPRESENTATION_CONTEXT() REPRESENTATION_CONTEXT('2D SPACE',''
  ) );
#5343 = ORIENTED_EDGE('',*,*,#5344,.F.);
#5344 = EDGE_CURVE('',#1605,#5322,#5345,.T.);
#5345 = SURFACE_CURVE('',#5346,(#5350,#5357),.PCURVE_S1.);
#5346 = LINE('',#5347,#5348);
#5347 = CARTESIAN_POINT('',(-51.,217.952,-86.258));
#5348 = VECTOR('',#5349,1.);
#5349 = DIRECTION('',(-1.,-0.,-0.));
#5350 = PCURVE('',#1648,#5351);
#5351 = DEFINITIONAL_REPRESENTATION('',(#5352),#5356);
#5352 = LINE('',#5353,#5354);
#5353 = CARTESIAN_POINT('',(-2.96299392507,0.));
#5354 = VECTOR('',#5355,1.);
#5355 = DIRECTION('',(-0.,-1.));
#5356 = ( GEOMETRIC_REPRESENTATION_CONTEXT(2) 
PARAMETRIC_REPRESENTATION_CONTEXT() REPRESENTATION_CONTEXT('2D SPACE',''
  ) );
#5357 = PCURVE('',#1620,#5358);
#5358 = DEFINITIONAL_REPRESENTATION('',(#5359),#5363);
#5359 = LINE('',#5360,#5361);
#5360 = CARTESIAN_POINT('',(-0.,0.));
#5361 = VECTOR('',#5362,1.);
#5362 = DIRECTION('',(-0.,-1.));
#5363 = ( GEOMETRIC_REPRESENTATION_CONTEXT(2) 
PARAMETRIC_REPRESENTATION_CONTEXT() REPRESENTATION_CONTEXT('2D SPACE',''
  ) );
#5364 = ADVANCED_FACE('',(#5365),#1620,.T.);
#5365 = FACE_BOUND('',#5366,.F.);
#5366 = EDGE_LOOP('',(#5367,#5368,#5369,#5392));
#5367 = ORIENTED_EDGE('',*,*,#1604,.T.);
#5368 = ORIENTED_EDGE('',*,*,#5344,.T.);
#5369 = ORIENTED_EDGE('',*,*,#5370,.T.);
#5370 = EDGE_CURVE('',#5322,#5371,#5373,.T.);
#5371 = VERTEX_POINT('',#5372);
#5372 = CARTESIAN_POINT('',(-76.,215.,-86.));
#5373 = SURFACE_CURVE('',#5374,(#5378,#5385),.PCURVE_S1.);
#5374 = LINE('',#5375,#5376);
#5375 = CARTESIAN_POINT('',(-76.,217.952,-86.258));
#5376 = VECTOR('',#5377,1.);
#5377 = DIRECTION('',(-0.,-0.99620250363,8.706647897579E-02));
#5378 = PCURVE('',#1620,#5379);
#5379 = DEFINITIONAL_REPRESENTATION('',(#5380),#5384);
#5380 = LINE('',#5381,#5382);
#5381 = CARTESIAN_POINT('',(-0.,-25.));
#5382 = VECTOR('',#5383,1.);
#5383 = DIRECTION('',(-1.,0.));
#5384 = ( GEOMETRIC_REPRESENTATION_CONTEXT(2) 
PARAMETRIC_REPRESENTATION_CONTEXT() REPRESENTATION_CONTEXT('2D SPACE',''
  ) );
#5385 = PCURVE('',#4107,#5386);
#5386 = DEFINITIONAL_REPRESENTATION('',(#5387),#5391);
#5387 = LINE('',#5388,#5389);
#5388 = CARTESIAN_POINT('',(-21.24200868439,-59.77415507678));
#5389 = VECTOR('',#5390,1.);
#5390 = DIRECTION('',(-8.706647897579E-02,0.99620250363));
#5391 = ( GEOMETRIC_REPRESENTATION_CONTEXT(2) 
PARAMETRIC_REPRESENTATION_CONTEXT() REPRESENTATION_CONTEXT('2D SPACE',''
  ) );
#5392 = ORIENTED_EDGE('',*,*,#5393,.F.);
#5393 = EDGE_CURVE('',#1577,#5371,#5394,.T.);
#5394 = SURFACE_CURVE('',#5395,(#5399,#5406),.PCURVE_S1.);
#5395 = LINE('',#5396,#5397);
#5396 = CARTESIAN_POINT('',(-51.,215.,-86.));
#5397 = VECTOR('',#5398,1.);
#5398 = DIRECTION('',(-1.,-0.,-0.));
#5399 = PCURVE('',#1620,#5400);
#5400 = DEFINITIONAL_REPRESENTATION('',(#5401),#5405);
#5401 = LINE('',#5402,#5403);
#5402 = CARTESIAN_POINT('',(-2.963252942292,0.));
#5403 = VECTOR('',#5404,1.);
#5404 = DIRECTION('',(-0.,-1.));
#5405 = ( GEOMETRIC_REPRESENTATION_CONTEXT(2) 
PARAMETRIC_REPRESENTATION_CONTEXT() REPRESENTATION_CONTEXT('2D SPACE',''
  ) );
#5406 = PCURVE('',#1592,#5407);
#5407 = DEFINITIONAL_REPRESENTATION('',(#5408),#5412);
#5408 = LINE('',#5409,#5410);
#5409 = CARTESIAN_POINT('',(0.,-0.));
#5410 = VECTOR('',#5411,1.);
#5411 = DIRECTION('',(-0.,-1.));
#5412 = ( GEOMETRIC_REPRESENTATION_CONTEXT(2) 
PARAMETRIC_REPRESENTATION_CONTEXT() REPRESENTATION_CONTEXT('2D SPACE',''
  ) );
#5413 = ADVANCED_FACE('',(#5414),#1592,.T.);
#5414 = FACE_BOUND('',#5415,.F.);
#5415 = EDGE_LOOP('',(#5416,#5417,#5418,#5441));
#5416 = ORIENTED_EDGE('',*,*,#1576,.T.);
#5417 = ORIENTED_EDGE('',*,*,#5393,.T.);
#5418 = ORIENTED_EDGE('',*,*,#5419,.T.);
#5419 = EDGE_CURVE('',#5371,#5420,#5422,.T.);
#5420 = VERTEX_POINT('',#5421);
#5421 = CARTESIAN_POINT('',(-76.,101.356,-95.));
#5422 = SURFACE_CURVE('',#5423,(#5427,#5434),.PCURVE_S1.);
#5423 = LINE('',#5424,#5425);
#5424 = CARTESIAN_POINT('',(-76.,215.,-86.));
#5425 = VECTOR('',#5426,1.);
#5426 = DIRECTION('',(-0.,-0.996878775594,-7.894749375546E-02));
#5427 = PCURVE('',#1592,#5428);
#5428 = DEFINITIONAL_REPRESENTATION('',(#5429),#5433);
#5429 = LINE('',#5430,#5431);
#5430 = CARTESIAN_POINT('',(-0.,-25.));
#5431 = VECTOR('',#5432,1.);
#5432 = DIRECTION('',(-1.,0.));
#5433 = ( GEOMETRIC_REPRESENTATION_CONTEXT(2) 
PARAMETRIC_REPRESENTATION_CONTEXT() REPRESENTATION_CONTEXT('2D SPACE',''
  ) );
#5434 = PCURVE('',#4107,#5435);
#5435 = DEFINITIONAL_REPRESENTATION('',(#5436),#5440);
#5436 = LINE('',#5437,#5438);
#5437 = CARTESIAN_POINT('',(-21.50000868439,-56.82215507678));
#5438 = VECTOR('',#5439,1.);
#5439 = DIRECTION('',(7.894749375546E-02,0.996878775594));
#5440 = ( GEOMETRIC_REPRESENTATION_CONTEXT(2) 
PARAMETRIC_REPRESENTATION_CONTEXT() REPRESENTATION_CONTEXT('2D SPACE',''
  ) );
#5441 = ORIENTED_EDGE('',*,*,#5442,.F.);
#5442 = EDGE_CURVE('',#1549,#5420,#5443,.T.);
#5443 = SURFACE_CURVE('',#5444,(#5448,#5455),.PCURVE_S1.);
#5444 = LINE('',#5445,#5446);
#5445 = CARTESIAN_POINT('',(-51.,101.356,-95.));
#5446 = VECTOR('',#5447,1.);
#5447 = DIRECTION('',(-1.,-0.,-0.));
#5448 = PCURVE('',#1592,#5449);
#5449 = DEFINITIONAL_REPRESENTATION('',(#5450),#5454);
#5450 = LINE('',#5451,#5452);
#5451 = CARTESIAN_POINT('',(-113.9998190174,0.));
#5452 = VECTOR('',#5453,1.);
#5453 = DIRECTION('',(-0.,-1.));
#5454 = ( GEOMETRIC_REPRESENTATION_CONTEXT(2) 
PARAMETRIC_REPRESENTATION_CONTEXT() REPRESENTATION_CONTEXT('2D SPACE',''
  ) );
#5455 = PCURVE('',#1564,#5456);
#5456 = DEFINITIONAL_REPRESENTATION('',(#5457),#5461);
#5457 = LINE('',#5458,#5459);
#5458 = CARTESIAN_POINT('',(0.,-0.));
#5459 = VECTOR('',#5460,1.);
#5460 = DIRECTION('',(-0.,-1.));
#5461 = ( GEOMETRIC_REPRESENTATION_CONTEXT(2) 
PARAMETRIC_REPRESENTATION_CONTEXT() REPRESENTATION_CONTEXT('2D SPACE',''
  ) );
#5462 = ADVANCED_FACE('',(#5463),#1564,.T.);
#5463 = FACE_BOUND('',#5464,.F.);
#5464 = EDGE_LOOP('',(#5465,#5466,#5467,#5490));
#5465 = ORIENTED_EDGE('',*,*,#1548,.T.);
#5466 = ORIENTED_EDGE('',*,*,#5442,.T.);
#5467 = ORIENTED_EDGE('',*,*,#5468,.T.);
#5468 = EDGE_CURVE('',#5420,#5469,#5471,.T.);
#5469 = VERTEX_POINT('',#5470);
#5470 = CARTESIAN_POINT('',(-76.,98.404,-95.258));
#5471 = SURFACE_CURVE('',#5472,(#5476,#5483),.PCURVE_S1.);
#5472 = LINE('',#5473,#5474);
#5473 = CARTESIAN_POINT('',(-76.,101.356,-95.));
#5474 = VECTOR('',#5475,1.);
#5475 = DIRECTION('',(-0.,-0.99620250363,-8.706647897579E-02));
#5476 = PCURVE('',#1564,#5477);
#5477 = DEFINITIONAL_REPRESENTATION('',(#5478),#5482);
#5478 = LINE('',#5479,#5480);
#5479 = CARTESIAN_POINT('',(-0.,-25.));
#5480 = VECTOR('',#5481,1.);
#5481 = DIRECTION('',(-1.,0.));
#5482 = ( GEOMETRIC_REPRESENTATION_CONTEXT(2) 
PARAMETRIC_REPRESENTATION_CONTEXT() REPRESENTATION_CONTEXT('2D SPACE',''
  ) );
#5483 = PCURVE('',#4107,#5484);
#5484 = DEFINITIONAL_REPRESENTATION('',(#5485),#5489);
#5485 = LINE('',#5486,#5487);
#5486 = CARTESIAN_POINT('',(-12.50000868439,56.821844923211));
#5487 = VECTOR('',#5488,1.);
#5488 = DIRECTION('',(8.706647897579E-02,0.99620250363));
#5489 = ( GEOMETRIC_REPRESENTATION_CONTEXT(2) 
PARAMETRIC_REPRESENTATION_CONTEXT() REPRESENTATION_CONTEXT('2D SPACE',''
  ) );
#5490 = ORIENTED_EDGE('',*,*,#5491,.F.);
#5491 = EDGE_CURVE('',#1521,#5469,#5492,.T.);
#5492 = SURFACE_CURVE('',#5493,(#5497,#5504),.PCURVE_S1.);
#5493 = LINE('',#5494,#5495);
#5494 = CARTESIAN_POINT('',(-51.,98.404,-95.258));
#5495 = VECTOR('',#5496,1.);
#5496 = DIRECTION('',(-1.,-0.,-0.));
#5497 = PCURVE('',#1564,#5498);
#5498 = DEFINITIONAL_REPRESENTATION('',(#5499),#5503);
#5499 = LINE('',#5500,#5501);
#5500 = CARTESIAN_POINT('',(-2.963252942292,0.));
#5501 = VECTOR('',#5502,1.);
#5502 = DIRECTION('',(-0.,-1.));
#5503 = ( GEOMETRIC_REPRESENTATION_CONTEXT(2) 
PARAMETRIC_REPRESENTATION_CONTEXT() REPRESENTATION_CONTEXT('2D SPACE',''
  ) );
#5504 = PCURVE('',#1536,#5505);
#5505 = DEFINITIONAL_REPRESENTATION('',(#5506),#5510);
#5506 = LINE('',#5507,#5508);
#5507 = CARTESIAN_POINT('',(0.,-0.));
#5508 = VECTOR('',#5509,1.);
#5509 = DIRECTION('',(-0.,-1.));
#5510 = ( GEOMETRIC_REPRESENTATION_CONTEXT(2) 
PARAMETRIC_REPRESENTATION_CONTEXT() REPRESENTATION_CONTEXT('2D SPACE',''
  ) );
#5511 = ADVANCED_FACE('',(#5512),#1536,.T.);
#5512 = FACE_BOUND('',#5513,.F.);
#5513 = EDGE_LOOP('',(#5514,#5515,#5516,#5539));
#5514 = ORIENTED_EDGE('',*,*,#1520,.T.);
#5515 = ORIENTED_EDGE('',*,*,#5491,.T.);
#5516 = ORIENTED_EDGE('',*,*,#5517,.T.);
#5517 = EDGE_CURVE('',#5469,#5518,#5520,.T.);
#5518 = VERTEX_POINT('',#5519);
#5519 = CARTESIAN_POINT('',(-76.,95.541,-96.025));
#5520 = SURFACE_CURVE('',#5521,(#5525,#5532),.PCURVE_S1.);
#5521 = LINE('',#5522,#5523);
#5522 = CARTESIAN_POINT('',(-76.,98.404,-95.258));
#5523 = VECTOR('',#5524,1.);
#5524 = DIRECTION('',(-0.,-0.965937510511,-0.258775435055));
#5525 = PCURVE('',#1536,#5526);
#5526 = DEFINITIONAL_REPRESENTATION('',(#5527),#5531);
#5527 = LINE('',#5528,#5529);
#5528 = CARTESIAN_POINT('',(-0.,-25.));
#5529 = VECTOR('',#5530,1.);
#5530 = DIRECTION('',(-1.,0.));
#5531 = ( GEOMETRIC_REPRESENTATION_CONTEXT(2) 
PARAMETRIC_REPRESENTATION_CONTEXT() REPRESENTATION_CONTEXT('2D SPACE',''
  ) );
#5532 = PCURVE('',#4107,#5533);
#5533 = DEFINITIONAL_REPRESENTATION('',(#5534),#5538);
#5534 = LINE('',#5535,#5536);
#5535 = CARTESIAN_POINT('',(-12.24200868439,59.773844923211));
#5536 = VECTOR('',#5537,1.);
#5537 = DIRECTION('',(0.258775435055,0.965937510511));
#5538 = ( GEOMETRIC_REPRESENTATION_CONTEXT(2) 
PARAMETRIC_REPRESENTATION_CONTEXT() REPRESENTATION_CONTEXT('2D SPACE',''
  ) );
#5539 = ORIENTED_EDGE('',*,*,#5540,.F.);
#5540 = EDGE_CURVE('',#1493,#5518,#5541,.T.);
#5541 = SURFACE_CURVE('',#5542,(#5546,#5553),.PCURVE_S1.);
#5542 = LINE('',#5543,#5544);
#5543 = CARTESIAN_POINT('',(-51.,95.541,-96.025));
#5544 = VECTOR('',#5545,1.);
#5545 = DIRECTION('',(-1.,-0.,-0.));
#5546 = PCURVE('',#1536,#5547);
#5547 = DEFINITIONAL_REPRESENTATION('',(#5548),#5552);
#5548 = LINE('',#5549,#5550);
#5549 = CARTESIAN_POINT('',(-2.96395985128,0.));
#5550 = VECTOR('',#5551,1.);
#5551 = DIRECTION('',(-0.,-1.));
#5552 = ( GEOMETRIC_REPRESENTATION_CONTEXT(2) 
PARAMETRIC_REPRESENTATION_CONTEXT() REPRESENTATION_CONTEXT('2D SPACE',''
  ) );
#5553 = PCURVE('',#1508,#5554);
#5554 = DEFINITIONAL_REPRESENTATION('',(#5555),#5559);
#5555 = LINE('',#5556,#5557);
#5556 = CARTESIAN_POINT('',(0.,-0.));
#5557 = VECTOR('',#5558,1.);
#5558 = DIRECTION('',(-0.,-1.));
#5559 = ( GEOMETRIC_REPRESENTATION_CONTEXT(2) 
PARAMETRIC_REPRESENTATION_CONTEXT() REPRESENTATION_CONTEXT('2D SPACE',''
  ) );
#5560 = ADVANCED_FACE('',(#5561),#1508,.T.);
#5561 = FACE_BOUND('',#5562,.F.);
#5562 = EDGE_LOOP('',(#5563,#5564,#5565,#5588));
#5563 = ORIENTED_EDGE('',*,*,#1492,.T.);
#5564 = ORIENTED_EDGE('',*,*,#5540,.T.);
#5565 = ORIENTED_EDGE('',*,*,#5566,.T.);
#5566 = EDGE_CURVE('',#5518,#5567,#5569,.T.);
#5567 = VERTEX_POINT('',#5568);
#5568 = CARTESIAN_POINT('',(-76.,92.856,-97.278));
#5569 = SURFACE_CURVE('',#5570,(#5574,#5581),.PCURVE_S1.);
#5570 = LINE('',#5571,#5572);
#5571 = CARTESIAN_POINT('',(-76.,95.541,-96.025));
#5572 = VECTOR('',#5573,1.);
#5573 = DIRECTION('',(-0.,-0.906183139995,-0.422885465331));
#5574 = PCURVE('',#1508,#5575);
#5575 = DEFINITIONAL_REPRESENTATION('',(#5576),#5580);
#5576 = LINE('',#5577,#5578);
#5577 = CARTESIAN_POINT('',(-0.,-25.));
#5578 = VECTOR('',#5579,1.);
#5579 = DIRECTION('',(-1.,0.));
#5580 = ( GEOMETRIC_REPRESENTATION_CONTEXT(2) 
PARAMETRIC_REPRESENTATION_CONTEXT() REPRESENTATION_CONTEXT('2D SPACE',''
  ) );
#5581 = PCURVE('',#4107,#5582);
#5582 = DEFINITIONAL_REPRESENTATION('',(#5583),#5587);
#5583 = LINE('',#5584,#5585);
#5584 = CARTESIAN_POINT('',(-11.47500868439,62.636844923211));
#5585 = VECTOR('',#5586,1.);
#5586 = DIRECTION('',(0.422885465331,0.906183139995));
#5587 = ( GEOMETRIC_REPRESENTATION_CONTEXT(2) 
PARAMETRIC_REPRESENTATION_CONTEXT() REPRESENTATION_CONTEXT('2D SPACE',''
  ) );
#5588 = ORIENTED_EDGE('',*,*,#5589,.F.);
#5589 = EDGE_CURVE('',#1465,#5567,#5590,.T.);
#5590 = SURFACE_CURVE('',#5591,(#5595,#5602),.PCURVE_S1.);
#5591 = LINE('',#5592,#5593);
#5592 = CARTESIAN_POINT('',(-51.,92.856,-97.278));
#5593 = VECTOR('',#5594,1.);
#5594 = DIRECTION('',(-1.,-0.,-0.));
#5595 = PCURVE('',#1508,#5596);
#5596 = DEFINITIONAL_REPRESENTATION('',(#5597),#5601);
#5597 = LINE('',#5598,#5599);
#5598 = CARTESIAN_POINT('',(-2.962977218947,0.));
#5599 = VECTOR('',#5600,1.);
#5600 = DIRECTION('',(-0.,-1.));
#5601 = ( GEOMETRIC_REPRESENTATION_CONTEXT(2) 
PARAMETRIC_REPRESENTATION_CONTEXT() REPRESENTATION_CONTEXT('2D SPACE',''
  ) );
#5602 = PCURVE('',#1480,#5603);
#5603 = DEFINITIONAL_REPRESENTATION('',(#5604),#5608);
#5604 = LINE('',#5605,#5606);
#5605 = CARTESIAN_POINT('',(0.,-0.));
#5606 = VECTOR('',#5607,1.);
#5607 = DIRECTION('',(-0.,-1.));
#5608 = ( GEOMETRIC_REPRESENTATION_CONTEXT(2) 
PARAMETRIC_REPRESENTATION_CONTEXT() REPRESENTATION_CONTEXT('2D SPACE',''
  ) );
#5609 = ADVANCED_FACE('',(#5610),#1480,.T.);
#5610 = FACE_BOUND('',#5611,.F.);
#5611 = EDGE_LOOP('',(#5612,#5613,#5614,#5637));
#5612 = ORIENTED_EDGE('',*,*,#1464,.T.);
#5613 = ORIENTED_EDGE('',*,*,#5589,.T.);
#5614 = ORIENTED_EDGE('',*,*,#5615,.T.);
#5615 = EDGE_CURVE('',#5567,#5616,#5618,.T.);
#5616 = VERTEX_POINT('',#5617);
#5617 = CARTESIAN_POINT('',(-76.,90.428,-98.977));
#5618 = SURFACE_CURVE('',#5619,(#5623,#5630),.PCURVE_S1.);
#5619 = LINE('',#5620,#5621);
#5620 = CARTESIAN_POINT('',(-76.,92.856,-97.278));
#5621 = VECTOR('',#5622,1.);
#5622 = DIRECTION('',(-0.,-0.819327029201,-0.573326450829));
#5623 = PCURVE('',#1480,#5624);
#5624 = DEFINITIONAL_REPRESENTATION('',(#5625),#5629);
#5625 = LINE('',#5626,#5627);
#5626 = CARTESIAN_POINT('',(-0.,-25.));
#5627 = VECTOR('',#5628,1.);
#5628 = DIRECTION('',(-1.,0.));
#5629 = ( GEOMETRIC_REPRESENTATION_CONTEXT(2) 
PARAMETRIC_REPRESENTATION_CONTEXT() REPRESENTATION_CONTEXT('2D SPACE',''
  ) );
#5630 = PCURVE('',#4107,#5631);
#5631 = DEFINITIONAL_REPRESENTATION('',(#5632),#5636);
#5632 = LINE('',#5633,#5634);
#5633 = CARTESIAN_POINT('',(-10.22200868439,65.321844923211));
#5634 = VECTOR('',#5635,1.);
#5635 = DIRECTION('',(0.573326450829,0.819327029201));
#5636 = ( GEOMETRIC_REPRESENTATION_CONTEXT(2) 
PARAMETRIC_REPRESENTATION_CONTEXT() REPRESENTATION_CONTEXT('2D SPACE',''
  ) );
#5637 = ORIENTED_EDGE('',*,*,#5638,.F.);
#5638 = EDGE_CURVE('',#1437,#5616,#5639,.T.);
#5639 = SURFACE_CURVE('',#5640,(#5644,#5651),.PCURVE_S1.);
#5640 = LINE('',#5641,#5642);
#5641 = CARTESIAN_POINT('',(-51.,90.428,-98.977));
#5642 = VECTOR('',#5643,1.);
#5643 = DIRECTION('',(-1.,-0.,-0.));
#5644 = PCURVE('',#1480,#5645);
#5645 = DEFINITIONAL_REPRESENTATION('',(#5646),#5650);
#5646 = LINE('',#5647,#5648);
#5647 = CARTESIAN_POINT('',(-2.963407666859,0.));
#5648 = VECTOR('',#5649,1.);
#5649 = DIRECTION('',(-0.,-1.));
#5650 = ( GEOMETRIC_REPRESENTATION_CONTEXT(2) 
PARAMETRIC_REPRESENTATION_CONTEXT() REPRESENTATION_CONTEXT('2D SPACE',''
  ) );
#5651 = PCURVE('',#1452,#5652);
#5652 = DEFINITIONAL_REPRESENTATION('',(#5653),#5657);
#5653 = LINE('',#5654,#5655);
#5654 = CARTESIAN_POINT('',(0.,-0.));
#5655 = VECTOR('',#5656,1.);
#5656 = DIRECTION('',(-0.,-1.));
#5657 = ( GEOMETRIC_REPRESENTATION_CONTEXT(2) 
PARAMETRIC_REPRESENTATION_CONTEXT() REPRESENTATION_CONTEXT('2D SPACE',''
  ) );
#5658 = ADVANCED_FACE('',(#5659),#1452,.T.);
#5659 = FACE_BOUND('',#5660,.F.);
#5660 = EDGE_LOOP('',(#5661,#5662,#5663,#5686));
#5661 = ORIENTED_EDGE('',*,*,#1436,.T.);
#5662 = ORIENTED_EDGE('',*,*,#5638,.T.);
#5663 = ORIENTED_EDGE('',*,*,#5664,.T.);
#5664 = EDGE_CURVE('',#5616,#5665,#5667,.T.);
#5665 = VERTEX_POINT('',#5666);
#5666 = CARTESIAN_POINT('',(-76.,88.333,-101.073));
#5667 = SURFACE_CURVE('',#5668,(#5672,#5679),.PCURVE_S1.);
#5668 = LINE('',#5669,#5670);
#5669 = CARTESIAN_POINT('',(-76.,90.428,-98.977));
#5670 = VECTOR('',#5671,1.);
#5671 = DIRECTION('',(-0.,-0.706938040762,-0.707275481354));
#5672 = PCURVE('',#1452,#5673);
#5673 = DEFINITIONAL_REPRESENTATION('',(#5674),#5678);
#5674 = LINE('',#5675,#5676);
#5675 = CARTESIAN_POINT('',(-0.,-25.));
#5676 = VECTOR('',#5677,1.);
#5677 = DIRECTION('',(-1.,0.));
#5678 = ( GEOMETRIC_REPRESENTATION_CONTEXT(2) 
PARAMETRIC_REPRESENTATION_CONTEXT() REPRESENTATION_CONTEXT('2D SPACE',''
  ) );
#5679 = PCURVE('',#4107,#5680);
#5680 = DEFINITIONAL_REPRESENTATION('',(#5681),#5685);
#5681 = LINE('',#5682,#5683);
#5682 = CARTESIAN_POINT('',(-8.523008684398,67.749844923211));
#5683 = VECTOR('',#5684,1.);
#5684 = DIRECTION('',(0.707275481354,0.706938040762));
#5685 = ( GEOMETRIC_REPRESENTATION_CONTEXT(2) 
PARAMETRIC_REPRESENTATION_CONTEXT() REPRESENTATION_CONTEXT('2D SPACE',''
  ) );
#5686 = ORIENTED_EDGE('',*,*,#5687,.F.);
#5687 = EDGE_CURVE('',#1409,#5665,#5688,.T.);
#5688 = SURFACE_CURVE('',#5689,(#5693,#5700),.PCURVE_S1.);
#5689 = LINE('',#5690,#5691);
#5690 = CARTESIAN_POINT('',(-51.,88.333,-101.073));
#5691 = VECTOR('',#5692,1.);
#5692 = DIRECTION('',(-1.,-0.,-0.));
#5693 = PCURVE('',#1452,#5694);
#5694 = DEFINITIONAL_REPRESENTATION('',(#5695),#5699);
#5695 = LINE('',#5696,#5697);
#5696 = CARTESIAN_POINT('',(-2.963484604313,0.));
#5697 = VECTOR('',#5698,1.);
#5698 = DIRECTION('',(-0.,-1.));
#5699 = ( GEOMETRIC_REPRESENTATION_CONTEXT(2) 
PARAMETRIC_REPRESENTATION_CONTEXT() REPRESENTATION_CONTEXT('2D SPACE',''
  ) );
#5700 = PCURVE('',#1424,#5701);
#5701 = DEFINITIONAL_REPRESENTATION('',(#5702),#5706);
#5702 = LINE('',#5703,#5704);
#5703 = CARTESIAN_POINT('',(0.,-0.));
#5704 = VECTOR('',#5705,1.);
#5705 = DIRECTION('',(-0.,-1.));
#5706 = ( GEOMETRIC_REPRESENTATION_CONTEXT(2) 
PARAMETRIC_REPRESENTATION_CONTEXT() REPRESENTATION_CONTEXT('2D SPACE',''
  ) );
#5707 = ADVANCED_FACE('',(#5708),#1424,.T.);
#5708 = FACE_BOUND('',#5709,.F.);
#5709 = EDGE_LOOP('',(#5710,#5711,#5712,#5735));
#5710 = ORIENTED_EDGE('',*,*,#1408,.T.);
#5711 = ORIENTED_EDGE('',*,*,#5687,.T.);
#5712 = ORIENTED_EDGE('',*,*,#5713,.T.);
#5713 = EDGE_CURVE('',#5665,#5714,#5716,.T.);
#5714 = VERTEX_POINT('',#5715);
#5715 = CARTESIAN_POINT('',(-76.,86.633,-103.5));
#5716 = SURFACE_CURVE('',#5717,(#5721,#5728),.PCURVE_S1.);
#5717 = LINE('',#5718,#5719);
#5718 = CARTESIAN_POINT('',(-76.,88.333,-101.073));
#5719 = VECTOR('',#5720,1.);
#5720 = DIRECTION('',(-0.,-0.573711462182,-0.819057481598));
#5721 = PCURVE('',#1424,#5722);
#5722 = DEFINITIONAL_REPRESENTATION('',(#5723),#5727);
#5723 = LINE('',#5724,#5725);
#5724 = CARTESIAN_POINT('',(-0.,-25.));
#5725 = VECTOR('',#5726,1.);
#5726 = DIRECTION('',(-1.,0.));
#5727 = ( GEOMETRIC_REPRESENTATION_CONTEXT(2) 
PARAMETRIC_REPRESENTATION_CONTEXT() REPRESENTATION_CONTEXT('2D SPACE',''
  ) );
#5728 = PCURVE('',#4107,#5729);
#5729 = DEFINITIONAL_REPRESENTATION('',(#5730),#5734);
#5730 = LINE('',#5731,#5732);
#5731 = CARTESIAN_POINT('',(-6.427008684398,69.844844923211));
#5732 = VECTOR('',#5733,1.);
#5733 = DIRECTION('',(0.819057481598,0.573711462182));
#5734 = ( GEOMETRIC_REPRESENTATION_CONTEXT(2) 
PARAMETRIC_REPRESENTATION_CONTEXT() REPRESENTATION_CONTEXT('2D SPACE',''
  ) );
#5735 = ORIENTED_EDGE('',*,*,#5736,.F.);
#5736 = EDGE_CURVE('',#1381,#5714,#5737,.T.);
#5737 = SURFACE_CURVE('',#5738,(#5742,#5749),.PCURVE_S1.);
#5738 = LINE('',#5739,#5740);
#5739 = CARTESIAN_POINT('',(-51.,86.633,-103.5));
#5740 = VECTOR('',#5741,1.);
#5741 = DIRECTION('',(-1.,-0.,-0.));
#5742 = PCURVE('',#1424,#5743);
#5743 = DEFINITIONAL_REPRESENTATION('',(#5744),#5748);
#5744 = LINE('',#5745,#5746);
#5745 = CARTESIAN_POINT('',(-2.963161993547,0.));
#5746 = VECTOR('',#5747,1.);
#5747 = DIRECTION('',(-0.,-1.));
#5748 = ( GEOMETRIC_REPRESENTATION_CONTEXT(2) 
PARAMETRIC_REPRESENTATION_CONTEXT() REPRESENTATION_CONTEXT('2D SPACE',''
  ) );
#5749 = PCURVE('',#1396,#5750);
#5750 = DEFINITIONAL_REPRESENTATION('',(#5751),#5755);
#5751 = LINE('',#5752,#5753);
#5752 = CARTESIAN_POINT('',(0.,-0.));
#5753 = VECTOR('',#5754,1.);
#5754 = DIRECTION('',(-0.,-1.));
#5755 = ( GEOMETRIC_REPRESENTATION_CONTEXT(2) 
PARAMETRIC_REPRESENTATION_CONTEXT() REPRESENTATION_CONTEXT('2D SPACE',''
  ) );
#5756 = ADVANCED_FACE('',(#5757),#1396,.T.);
#5757 = FACE_BOUND('',#5758,.F.);
#5758 = EDGE_LOOP('',(#5759,#5760,#5761,#5784));
#5759 = ORIENTED_EDGE('',*,*,#1380,.T.);
#5760 = ORIENTED_EDGE('',*,*,#5736,.T.);
#5761 = ORIENTED_EDGE('',*,*,#5762,.T.);
#5762 = EDGE_CURVE('',#5714,#5763,#5765,.T.);
#5763 = VERTEX_POINT('',#5764);
#5764 = CARTESIAN_POINT('',(-76.,85.381,-106.186));
#5765 = SURFACE_CURVE('',#5766,(#5770,#5777),.PCURVE_S1.);
#5766 = LINE('',#5767,#5768);
#5767 = CARTESIAN_POINT('',(-76.,86.633,-103.5));
#5768 = VECTOR('',#5769,1.);
#5769 = DIRECTION('',(-0.,-0.422479012987,-0.906372706775));
#5770 = PCURVE('',#1396,#5771);
#5771 = DEFINITIONAL_REPRESENTATION('',(#5772),#5776);
#5772 = LINE('',#5773,#5774);
#5773 = CARTESIAN_POINT('',(-0.,-25.));
#5774 = VECTOR('',#5775,1.);
#5775 = DIRECTION('',(-1.,0.));
#5776 = ( GEOMETRIC_REPRESENTATION_CONTEXT(2) 
PARAMETRIC_REPRESENTATION_CONTEXT() REPRESENTATION_CONTEXT('2D SPACE',''
  ) );
#5777 = PCURVE('',#4107,#5778);
#5778 = DEFINITIONAL_REPRESENTATION('',(#5779),#5783);
#5779 = LINE('',#5780,#5781);
#5780 = CARTESIAN_POINT('',(-4.000008684398,71.544844923211));
#5781 = VECTOR('',#5782,1.);
#5782 = DIRECTION('',(0.906372706775,0.422479012987));
#5783 = ( GEOMETRIC_REPRESENTATION_CONTEXT(2) 
PARAMETRIC_REPRESENTATION_CONTEXT() REPRESENTATION_CONTEXT('2D SPACE',''
  ) );
#5784 = ORIENTED_EDGE('',*,*,#5785,.F.);
#5785 = EDGE_CURVE('',#1353,#5763,#5786,.T.);
#5786 = SURFACE_CURVE('',#5787,(#5791,#5798),.PCURVE_S1.);
#5787 = LINE('',#5788,#5789);
#5788 = CARTESIAN_POINT('',(-51.,85.381,-106.186));
#5789 = VECTOR('',#5790,1.);
#5790 = DIRECTION('',(-1.,-0.,-0.));
#5791 = PCURVE('',#1396,#5792);
#5792 = DEFINITIONAL_REPRESENTATION('',(#5793),#5797);
#5793 = LINE('',#5794,#5795);
#5794 = CARTESIAN_POINT('',(-2.963460814656,0.));
#5795 = VECTOR('',#5796,1.);
#5796 = DIRECTION('',(-0.,-1.));
#5797 = ( GEOMETRIC_REPRESENTATION_CONTEXT(2) 
PARAMETRIC_REPRESENTATION_CONTEXT() REPRESENTATION_CONTEXT('2D SPACE',''
  ) );
#5798 = PCURVE('',#1368,#5799);
#5799 = DEFINITIONAL_REPRESENTATION('',(#5800),#5804);
#5800 = LINE('',#5801,#5802);
#5801 = CARTESIAN_POINT('',(0.,-0.));
#5802 = VECTOR('',#5803,1.);
#5803 = DIRECTION('',(-0.,-1.));
#5804 = ( GEOMETRIC_REPRESENTATION_CONTEXT(2) 
PARAMETRIC_REPRESENTATION_CONTEXT() REPRESENTATION_CONTEXT('2D SPACE',''
  ) );
#5805 = ADVANCED_FACE('',(#5806),#1368,.T.);
#5806 = FACE_BOUND('',#5807,.F.);
#5807 = EDGE_LOOP('',(#5808,#5809,#5810,#5833));
#5808 = ORIENTED_EDGE('',*,*,#1352,.T.);
#5809 = ORIENTED_EDGE('',*,*,#5785,.T.);
#5810 = ORIENTED_EDGE('',*,*,#5811,.T.);
#5811 = EDGE_CURVE('',#5763,#5812,#5814,.T.);
#5812 = VERTEX_POINT('',#5813);
#5813 = CARTESIAN_POINT('',(-76.,84.614,-109.048));
#5814 = SURFACE_CURVE('',#5815,(#5819,#5826),.PCURVE_S1.);
#5815 = LINE('',#5816,#5817);
#5816 = CARTESIAN_POINT('',(-76.,85.381,-106.186));
#5817 = VECTOR('',#5818,1.);
#5818 = DIRECTION('',(-0.,-0.25885979499,-0.965914906468));
#5819 = PCURVE('',#1368,#5820);
#5820 = DEFINITIONAL_REPRESENTATION('',(#5821),#5825);
#5821 = LINE('',#5822,#5823);
#5822 = CARTESIAN_POINT('',(-0.,-25.));
#5823 = VECTOR('',#5824,1.);
#5824 = DIRECTION('',(-1.,0.));
#5825 = ( GEOMETRIC_REPRESENTATION_CONTEXT(2) 
PARAMETRIC_REPRESENTATION_CONTEXT() REPRESENTATION_CONTEXT('2D SPACE',''
  ) );
#5826 = PCURVE('',#4107,#5827);
#5827 = DEFINITIONAL_REPRESENTATION('',(#5828),#5832);
#5828 = LINE('',#5829,#5830);
#5829 = CARTESIAN_POINT('',(-1.314008684398,72.796844923211));
#5830 = VECTOR('',#5831,1.);
#5831 = DIRECTION('',(0.965914906468,0.25885979499));
#5832 = ( GEOMETRIC_REPRESENTATION_CONTEXT(2) 
PARAMETRIC_REPRESENTATION_CONTEXT() REPRESENTATION_CONTEXT('2D SPACE',''
  ) );
#5833 = ORIENTED_EDGE('',*,*,#5834,.F.);
#5834 = EDGE_CURVE('',#1325,#5812,#5835,.T.);
#5835 = SURFACE_CURVE('',#5836,(#5840,#5847),.PCURVE_S1.);
#5836 = LINE('',#5837,#5838);
#5837 = CARTESIAN_POINT('',(-51.,84.614,-109.048));
#5838 = VECTOR('',#5839,1.);
#5839 = DIRECTION('',(-1.,-0.,-0.));
#5840 = PCURVE('',#1368,#5841);
#5841 = DEFINITIONAL_REPRESENTATION('',(#5842),#5846);
#5842 = LINE('',#5843,#5844);
#5843 = CARTESIAN_POINT('',(-2.96299392507,0.));
#5844 = VECTOR('',#5845,1.);
#5845 = DIRECTION('',(-0.,-1.));
#5846 = ( GEOMETRIC_REPRESENTATION_CONTEXT(2) 
PARAMETRIC_REPRESENTATION_CONTEXT() REPRESENTATION_CONTEXT('2D SPACE',''
  ) );
#5847 = PCURVE('',#1340,#5848);
#5848 = DEFINITIONAL_REPRESENTATION('',(#5849),#5853);
#5849 = LINE('',#5850,#5851);
#5850 = CARTESIAN_POINT('',(0.,-0.));
#5851 = VECTOR('',#5852,1.);
#5852 = DIRECTION('',(-0.,-1.));
#5853 = ( GEOMETRIC_REPRESENTATION_CONTEXT(2) 
PARAMETRIC_REPRESENTATION_CONTEXT() REPRESENTATION_CONTEXT('2D SPACE',''
  ) );
#5854 = ADVANCED_FACE('',(#5855),#1340,.T.);
#5855 = FACE_BOUND('',#5856,.F.);
#5856 = EDGE_LOOP('',(#5857,#5858,#5859,#5882));
#5857 = ORIENTED_EDGE('',*,*,#1324,.T.);
#5858 = ORIENTED_EDGE('',*,*,#5834,.T.);
#5859 = ORIENTED_EDGE('',*,*,#5860,.T.);
#5860 = EDGE_CURVE('',#5812,#5861,#5863,.T.);
#5861 = VERTEX_POINT('',#5862);
#5862 = CARTESIAN_POINT('',(-76.,84.356,-112.));
#5863 = SURFACE_CURVE('',#5864,(#5868,#5875),.PCURVE_S1.);
#5864 = LINE('',#5865,#5866);
#5865 = CARTESIAN_POINT('',(-76.,84.614,-109.048));
#5866 = VECTOR('',#5867,1.);
#5867 = DIRECTION('',(-0.,-8.70664789758E-02,-0.99620250363));
#5868 = PCURVE('',#1340,#5869);
#5869 = DEFINITIONAL_REPRESENTATION('',(#5870),#5874);
#5870 = LINE('',#5871,#5872);
#5871 = CARTESIAN_POINT('',(-0.,-25.));
#5872 = VECTOR('',#5873,1.);
#5873 = DIRECTION('',(-1.,0.));
#5874 = ( GEOMETRIC_REPRESENTATION_CONTEXT(2) 
PARAMETRIC_REPRESENTATION_CONTEXT() REPRESENTATION_CONTEXT('2D SPACE',''
  ) );
#5875 = PCURVE('',#4107,#5876);
#5876 = DEFINITIONAL_REPRESENTATION('',(#5877),#5881);
#5877 = LINE('',#5878,#5879);
#5878 = CARTESIAN_POINT('',(1.547991315602,73.563844923211));
#5879 = VECTOR('',#5880,1.);
#5880 = DIRECTION('',(0.99620250363,8.70664789758E-02));
#5881 = ( GEOMETRIC_REPRESENTATION_CONTEXT(2) 
PARAMETRIC_REPRESENTATION_CONTEXT() REPRESENTATION_CONTEXT('2D SPACE',''
  ) );
#5882 = ORIENTED_EDGE('',*,*,#5883,.F.);
#5883 = EDGE_CURVE('',#1297,#5861,#5884,.T.);
#5884 = SURFACE_CURVE('',#5885,(#5889,#5896),.PCURVE_S1.);
#5885 = LINE('',#5886,#5887);
#5886 = CARTESIAN_POINT('',(-51.,84.356,-112.));
#5887 = VECTOR('',#5888,1.);
#5888 = DIRECTION('',(-1.,-0.,-0.));
#5889 = PCURVE('',#1340,#5890);
#5890 = DEFINITIONAL_REPRESENTATION('',(#5891),#5895);
#5891 = LINE('',#5892,#5893);
#5892 = CARTESIAN_POINT('',(-2.963252942292,0.));
#5893 = VECTOR('',#5894,1.);
#5894 = DIRECTION('',(-0.,-1.));
#5895 = ( GEOMETRIC_REPRESENTATION_CONTEXT(2) 
PARAMETRIC_REPRESENTATION_CONTEXT() REPRESENTATION_CONTEXT('2D SPACE',''
  ) );
#5896 = PCURVE('',#1312,#5897);
#5897 = DEFINITIONAL_REPRESENTATION('',(#5898),#5902);
#5898 = LINE('',#5899,#5900);
#5899 = CARTESIAN_POINT('',(-0.,0.));
#5900 = VECTOR('',#5901,1.);
#5901 = DIRECTION('',(-0.,-1.));
#5902 = ( GEOMETRIC_REPRESENTATION_CONTEXT(2) 
PARAMETRIC_REPRESENTATION_CONTEXT() REPRESENTATION_CONTEXT('2D SPACE',''
  ) );
#5903 = ADVANCED_FACE('',(#5904),#1312,.T.);
#5904 = FACE_BOUND('',#5905,.F.);
#5905 = EDGE_LOOP('',(#5906,#5907,#5908,#5929));
#5906 = ORIENTED_EDGE('',*,*,#1296,.T.);
#5907 = ORIENTED_EDGE('',*,*,#5883,.T.);
#5908 = ORIENTED_EDGE('',*,*,#5909,.T.);
#5909 = EDGE_CURVE('',#5861,#4069,#5910,.T.);
#5910 = SURFACE_CURVE('',#5911,(#5915,#5922),.PCURVE_S1.);
#5911 = LINE('',#5912,#5913);
#5912 = CARTESIAN_POINT('',(-76.,84.356,-112.));
#5913 = VECTOR('',#5914,1.);
#5914 = DIRECTION('',(-0.,8.70664789758E-02,-0.99620250363));
#5915 = PCURVE('',#1312,#5916);
#5916 = DEFINITIONAL_REPRESENTATION('',(#5917),#5921);
#5917 = LINE('',#5918,#5919);
#5918 = CARTESIAN_POINT('',(-0.,-25.));
#5919 = VECTOR('',#5920,1.);
#5920 = DIRECTION('',(-1.,0.));
#5921 = ( GEOMETRIC_REPRESENTATION_CONTEXT(2) 
PARAMETRIC_REPRESENTATION_CONTEXT() REPRESENTATION_CONTEXT('2D SPACE',''
  ) );
#5922 = PCURVE('',#4107,#5923);
#5923 = DEFINITIONAL_REPRESENTATION('',(#5924),#5928);
#5924 = LINE('',#5925,#5926);
#5925 = CARTESIAN_POINT('',(4.499991315602,73.821844923211));
#5926 = VECTOR('',#5927,1.);
#5927 = DIRECTION('',(0.99620250363,-8.70664789758E-02));
#5928 = ( GEOMETRIC_REPRESENTATION_CONTEXT(2) 
PARAMETRIC_REPRESENTATION_CONTEXT() REPRESENTATION_CONTEXT('2D SPACE',''
  ) );
#5929 = ORIENTED_EDGE('',*,*,#4068,.F.);
#5930 = ADVANCED_FACE('',(#5931,#5971,#6002),#4107,.F.);
#5931 = FACE_BOUND('',#5932,.T.);
#5932 = EDGE_LOOP('',(#5933,#5934,#5935,#5936,#5937,#5938,#5939,#5940,
    #5941,#5942,#5943,#5944,#5945,#5946,#5947,#5948,#5949,#5950,#5951,
    #5952,#5953,#5954,#5955,#5956,#5957,#5958,#5959,#5960,#5961,#5962,
    #5963,#5964,#5965,#5966,#5967,#5968,#5969,#5970));
#5933 = ORIENTED_EDGE('',*,*,#5909,.T.);
#5934 = ORIENTED_EDGE('',*,*,#4091,.T.);
#5935 = ORIENTED_EDGE('',*,*,#4145,.T.);
#5936 = ORIENTED_EDGE('',*,*,#4194,.T.);
#5937 = ORIENTED_EDGE('',*,*,#4243,.T.);
#5938 = ORIENTED_EDGE('',*,*,#4292,.T.);
#5939 = ORIENTED_EDGE('',*,*,#4341,.T.);
#5940 = ORIENTED_EDGE('',*,*,#4390,.T.);
#5941 = ORIENTED_EDGE('',*,*,#4439,.T.);
#5942 = ORIENTED_EDGE('',*,*,#4488,.T.);
#5943 = ORIENTED_EDGE('',*,*,#4537,.T.);
#5944 = ORIENTED_EDGE('',*,*,#4586,.T.);
#5945 = ORIENTED_EDGE('',*,*,#4635,.T.);
#5946 = ORIENTED_EDGE('',*,*,#4684,.T.);
#5947 = ORIENTED_EDGE('',*,*,#4733,.T.);
#5948 = ORIENTED_EDGE('',*,*,#4782,.T.);
#5949 = ORIENTED_EDGE('',*,*,#4831,.T.);
#5950 = ORIENTED_EDGE('',*,*,#4880,.T.);
#5951 = ORIENTED_EDGE('',*,*,#4929,.T.);
#5952 = ORIENTED_EDGE('',*,*,#4978,.T.);
#5953 = ORIENTED_EDGE('',*,*,#5027,.T.);
#5954 = ORIENTED_EDGE('',*,*,#5076,.T.);
#5955 = ORIENTED_EDGE('',*,*,#5125,.T.);
#5956 = ORIENTED_EDGE('',*,*,#5174,.T.);
#5957 = ORIENTED_EDGE('',*,*,#5223,.T.);
#5958 = ORIENTED_EDGE('',*,*,#5272,.T.);
#5959 = ORIENTED_EDGE('',*,*,#5321,.T.);
#5960 = ORIENTED_EDGE('',*,*,#5370,.T.);
#5961 = ORIENTED_EDGE('',*,*,#5419,.T.);
#5962 = ORIENTED_EDGE('',*,*,#5468,.T.);
#5963 = ORIENTED_EDGE('',*,*,#5517,.T.);
#5964 = ORIENTED_EDGE('',*,*,#5566,.T.);
#5965 = ORIENTED_EDGE('',*,*,#5615,.T.);
#5966 = ORIENTED_EDGE('',*,*,#5664,.T.);
#5967 = ORIENTED_EDGE('',*,*,#5713,.T.);
#5968 = ORIENTED_EDGE('',*,*,#5762,.T.);
#5969 = ORIENTED_EDGE('',*,*,#5811,.T.);
#5970 = ORIENTED_EDGE('',*,*,#5860,.T.);
#5971 = FACE_BOUND('',#5972,.T.);
#5972 = EDGE_LOOP('',(#5973));
#5973 = ORIENTED_EDGE('',*,*,#5974,.T.);
#5974 = EDGE_CURVE('',#5975,#5975,#5977,.T.);
#5975 = VERTEX_POINT('',#5976);
#5976 = CARTESIAN_POINT('',(-76.,179.22453645776,-106.15));
#5977 = SURFACE_CURVE('',#5978,(#5983,#5990),.PCURVE_S1.);
#5978 = CIRCLE('',#5979,4.);
#5979 = AXIS2_PLACEMENT_3D('',#5980,#5981,#5982);
#5980 = CARTESIAN_POINT('',(-76.,175.22453645776,-106.15));
#5981 = DIRECTION('',(-1.,0.,0.));
#5982 = DIRECTION('',(-0.,1.,-0.));
#5983 = PCURVE('',#4107,#5984);
#5984 = DEFINITIONAL_REPRESENTATION('',(#5985),#5989);
#5985 = CIRCLE('',#5986,4.);
#5986 = AXIS2_PLACEMENT_2D('',#5987,#5988);
#5987 = CARTESIAN_POINT('',(-1.350008684398,-17.04669153455));
#5988 = DIRECTION('',(-0.,-1.));
#5989 = ( GEOMETRIC_REPRESENTATION_CONTEXT(2) 
PARAMETRIC_REPRESENTATION_CONTEXT() REPRESENTATION_CONTEXT('2D SPACE',''
  ) );
#5990 = PCURVE('',#5991,#5996);
#5991 = CYLINDRICAL_SURFACE('',#5992,4.);
#5992 = AXIS2_PLACEMENT_3D('',#5993,#5994,#5995);
#5993 = CARTESIAN_POINT('',(-51.,175.22453645776,-106.15));
#5994 = DIRECTION('',(1.,-0.,-0.));
#5995 = DIRECTION('',(-0.,1.,-0.));
#5996 = DEFINITIONAL_REPRESENTATION('',(#5997),#6001);
#5997 = LINE('',#5998,#5999);
#5998 = CARTESIAN_POINT('',(6.28318530718,-25.));
#5999 = VECTOR('',#6000,1.);
#6000 = DIRECTION('',(-1.,0.));
#6001 = ( GEOMETRIC_REPRESENTATION_CONTEXT(2) 
PARAMETRIC_REPRESENTATION_CONTEXT() REPRESENTATION_CONTEXT('2D SPACE',''
  ) );
#6002 = FACE_BOUND('',#6003,.T.);
#6003 = EDGE_LOOP('',(#6004));
#6004 = ORIENTED_EDGE('',*,*,#6005,.T.);
#6005 = EDGE_CURVE('',#6006,#6006,#6008,.T.);
#6006 = VERTEX_POINT('',#6007);
#6007 = CARTESIAN_POINT('',(-76.,145.13128199298,-108.85));
#6008 = SURFACE_CURVE('',#6009,(#6014,#6021),.PCURVE_S1.);
#6009 = CIRCLE('',#6010,4.);
#6010 = AXIS2_PLACEMENT_3D('',#6011,#6012,#6013);
#6011 = CARTESIAN_POINT('',(-76.,141.13128199298,-108.85));
#6012 = DIRECTION('',(-1.,0.,0.));
#6013 = DIRECTION('',(-0.,1.,-0.));
#6014 = PCURVE('',#4107,#6015);
#6015 = DEFINITIONAL_REPRESENTATION('',(#6016),#6020);
#6016 = CIRCLE('',#6017,4.);
#6017 = AXIS2_PLACEMENT_2D('',#6018,#6019);
#6018 = CARTESIAN_POINT('',(1.349991315602,17.046562930227));
#6019 = DIRECTION('',(-0.,-1.));
#6020 = ( GEOMETRIC_REPRESENTATION_CONTEXT(2) 
PARAMETRIC_REPRESENTATION_CONTEXT() REPRESENTATION_CONTEXT('2D SPACE',''
  ) );
#6021 = PCURVE('',#6022,#6027);
#6022 = CYLINDRICAL_SURFACE('',#6023,4.);
#6023 = AXIS2_PLACEMENT_3D('',#6024,#6025,#6026);
#6024 = CARTESIAN_POINT('',(-51.,141.13128199298,-108.85));
#6025 = DIRECTION('',(1.,-0.,-0.));
#6026 = DIRECTION('',(-0.,1.,-0.));
#6027 = DEFINITIONAL_REPRESENTATION('',(#6028),#6032);
#6028 = LINE('',#6029,#6030);
#6029 = CARTESIAN_POINT('',(6.28318530718,-25.));
#6030 = VECTOR('',#6031,1.);
#6031 = DIRECTION('',(-1.,0.));
#6032 = ( GEOMETRIC_REPRESENTATION_CONTEXT(2) 
PARAMETRIC_REPRESENTATION_CONTEXT() REPRESENTATION_CONTEXT('2D SPACE',''
  ) );
#6033 = ADVANCED_FACE('',(#6034),#5991,.T.);
#6034 = FACE_BOUND('',#6035,.T.);
#6035 = EDGE_LOOP('',(#6036,#6069,#6090,#6091));
#6036 = ORIENTED_EDGE('',*,*,#6037,.F.);
#6037 = EDGE_CURVE('',#6038,#6038,#6040,.T.);
#6038 = VERTEX_POINT('',#6039);
#6039 = CARTESIAN_POINT('',(-51.,179.22453645776,-106.15));
#6040 = SURFACE_CURVE('',#6041,(#6046,#6053),.PCURVE_S1.);
#6041 = CIRCLE('',#6042,4.);
#6042 = AXIS2_PLACEMENT_3D('',#6043,#6044,#6045);
#6043 = CARTESIAN_POINT('',(-51.,175.22453645776,-106.15));
#6044 = DIRECTION('',(1.,0.,0.));
#6045 = DIRECTION('',(-0.,1.,-0.));
#6046 = PCURVE('',#5991,#6047);
#6047 = DEFINITIONAL_REPRESENTATION('',(#6048),#6052);
#6048 = LINE('',#6049,#6050);
#6049 = CARTESIAN_POINT('',(0.,0.));
#6050 = VECTOR('',#6051,1.);
#6051 = DIRECTION('',(1.,0.));
#6052 = ( GEOMETRIC_REPRESENTATION_CONTEXT(2) 
PARAMETRIC_REPRESENTATION_CONTEXT() REPRESENTATION_CONTEXT('2D SPACE',''
  ) );
#6053 = PCURVE('',#6054,#6059);
#6054 = PLANE('',#6055);
#6055 = AXIS2_PLACEMENT_3D('',#6056,#6057,#6058);
#6056 = CARTESIAN_POINT('',(-51.,175.22453645776,-106.15));
#6057 = DIRECTION('',(-1.,-0.,-0.));
#6058 = DIRECTION('',(0.,0.,-1.));
#6059 = DEFINITIONAL_REPRESENTATION('',(#6060),#6068);
#6060 = ( BOUNDED_CURVE() B_SPLINE_CURVE(2,(#6061,#6062,#6063,#6064,
#6065,#6066,#6067),.UNSPECIFIED.,.T.,.F.) B_SPLINE_CURVE_WITH_KNOTS((1,2
    ,2,2,2,1),(-2.094395102393,0.,2.094395102393,4.188790204786,
6.28318530718,8.377580409573),.UNSPECIFIED.) CURVE() 
GEOMETRIC_REPRESENTATION_ITEM() RATIONAL_B_SPLINE_CURVE((1.,0.5,1.,0.5,
1.,0.5,1.)) REPRESENTATION_ITEM('') );
#6061 = CARTESIAN_POINT('',(0.,-4.));
#6062 = CARTESIAN_POINT('',(-6.928203230276,-4.));
#6063 = CARTESIAN_POINT('',(-3.464101615138,2.));
#6064 = CARTESIAN_POINT('',(-9.797174393179E-16,8.));
#6065 = CARTESIAN_POINT('',(3.464101615138,2.));
#6066 = CARTESIAN_POINT('',(6.928203230276,-4.));
#6067 = CARTESIAN_POINT('',(0.,-4.));
#6068 = ( GEOMETRIC_REPRESENTATION_CONTEXT(2) 
PARAMETRIC_REPRESENTATION_CONTEXT() REPRESENTATION_CONTEXT('2D SPACE',''
  ) );
#6069 = ORIENTED_EDGE('',*,*,#6070,.T.);
#6070 = EDGE_CURVE('',#6038,#5975,#6071,.T.);
#6071 = SEAM_CURVE('',#6072,(#6076,#6083),.PCURVE_S1.);
#6072 = LINE('',#6073,#6074);
#6073 = CARTESIAN_POINT('',(-51.,179.22453645776,-106.15));
#6074 = VECTOR('',#6075,1.);
#6075 = DIRECTION('',(-1.,-0.,-0.));
#6076 = PCURVE('',#5991,#6077);
#6077 = DEFINITIONAL_REPRESENTATION('',(#6078),#6082);
#6078 = LINE('',#6079,#6080);
#6079 = CARTESIAN_POINT('',(6.28318530718,0.));
#6080 = VECTOR('',#6081,1.);
#6081 = DIRECTION('',(0.,-1.));
#6082 = ( GEOMETRIC_REPRESENTATION_CONTEXT(2) 
PARAMETRIC_REPRESENTATION_CONTEXT() REPRESENTATION_CONTEXT('2D SPACE',''
  ) );
#6083 = PCURVE('',#5991,#6084);
#6084 = DEFINITIONAL_REPRESENTATION('',(#6085),#6089);
#6085 = LINE('',#6086,#6087);
#6086 = CARTESIAN_POINT('',(0.,0.));
#6087 = VECTOR('',#6088,1.);
#6088 = DIRECTION('',(0.,-1.));
#6089 = ( GEOMETRIC_REPRESENTATION_CONTEXT(2) 
PARAMETRIC_REPRESENTATION_CONTEXT() REPRESENTATION_CONTEXT('2D SPACE',''
  ) );
#6090 = ORIENTED_EDGE('',*,*,#5974,.F.);
#6091 = ORIENTED_EDGE('',*,*,#6070,.F.);
#6092 = ADVANCED_FACE('',(#6093),#6022,.T.);
#6093 = FACE_BOUND('',#6094,.T.);
#6094 = EDGE_LOOP('',(#6095,#6128,#6149,#6150));
#6095 = ORIENTED_EDGE('',*,*,#6096,.F.);
#6096 = EDGE_CURVE('',#6097,#6097,#6099,.T.);
#6097 = VERTEX_POINT('',#6098);
#6098 = CARTESIAN_POINT('',(-51.,145.13128199298,-108.85));
#6099 = SURFACE_CURVE('',#6100,(#6105,#6112),.PCURVE_S1.);
#6100 = CIRCLE('',#6101,4.);
#6101 = AXIS2_PLACEMENT_3D('',#6102,#6103,#6104);
#6102 = CARTESIAN_POINT('',(-51.,141.13128199298,-108.85));
#6103 = DIRECTION('',(1.,0.,0.));
#6104 = DIRECTION('',(-0.,1.,-0.));
#6105 = PCURVE('',#6022,#6106);
#6106 = DEFINITIONAL_REPRESENTATION('',(#6107),#6111);
#6107 = LINE('',#6108,#6109);
#6108 = CARTESIAN_POINT('',(0.,0.));
#6109 = VECTOR('',#6110,1.);
#6110 = DIRECTION('',(1.,0.));
#6111 = ( GEOMETRIC_REPRESENTATION_CONTEXT(2) 
PARAMETRIC_REPRESENTATION_CONTEXT() REPRESENTATION_CONTEXT('2D SPACE',''
  ) );
#6112 = PCURVE('',#6113,#6118);
#6113 = PLANE('',#6114);
#6114 = AXIS2_PLACEMENT_3D('',#6115,#6116,#6117);
#6115 = CARTESIAN_POINT('',(-51.,141.13128199298,-108.85));
#6116 = DIRECTION('',(-1.,-0.,-0.));
#6117 = DIRECTION('',(0.,0.,-1.));
#6118 = DEFINITIONAL_REPRESENTATION('',(#6119),#6127);
#6119 = ( BOUNDED_CURVE() B_SPLINE_CURVE(2,(#6120,#6121,#6122,#6123,
#6124,#6125,#6126),.UNSPECIFIED.,.T.,.F.) B_SPLINE_CURVE_WITH_KNOTS((1,2
    ,2,2,2,1),(-2.094395102393,0.,2.094395102393,4.188790204786,
6.28318530718,8.377580409573),.UNSPECIFIED.) CURVE() 
GEOMETRIC_REPRESENTATION_ITEM() RATIONAL_B_SPLINE_CURVE((1.,0.5,1.,0.5,
1.,0.5,1.)) REPRESENTATION_ITEM('') );
#6120 = CARTESIAN_POINT('',(1.42108547152E-14,-4.));
#6121 = CARTESIAN_POINT('',(-6.928203230275,-4.));
#6122 = CARTESIAN_POINT('',(-3.464101615138,2.));
#6123 = CARTESIAN_POINT('',(1.323113727588E-14,8.));
#6124 = CARTESIAN_POINT('',(3.464101615138,2.));
#6125 = CARTESIAN_POINT('',(6.928203230276,-4.));
#6126 = CARTESIAN_POINT('',(1.42108547152E-14,-4.));
#6127 = ( GEOMETRIC_REPRESENTATION_CONTEXT(2) 
PARAMETRIC_REPRESENTATION_CONTEXT() REPRESENTATION_CONTEXT('2D SPACE',''
  ) );
#6128 = ORIENTED_EDGE('',*,*,#6129,.T.);
#6129 = EDGE_CURVE('',#6097,#6006,#6130,.T.);
#6130 = SEAM_CURVE('',#6131,(#6135,#6142),.PCURVE_S1.);
#6131 = LINE('',#6132,#6133);
#6132 = CARTESIAN_POINT('',(-51.,145.13128199298,-108.85));
#6133 = VECTOR('',#6134,1.);
#6134 = DIRECTION('',(-1.,-0.,-0.));
#6135 = PCURVE('',#6022,#6136);
#6136 = DEFINITIONAL_REPRESENTATION('',(#6137),#6141);
#6137 = LINE('',#6138,#6139);
#6138 = CARTESIAN_POINT('',(6.28318530718,0.));
#6139 = VECTOR('',#6140,1.);
#6140 = DIRECTION('',(0.,-1.));
#6141 = ( GEOMETRIC_REPRESENTATION_CONTEXT(2) 
PARAMETRIC_REPRESENTATION_CONTEXT() REPRESENTATION_CONTEXT('2D SPACE',''
  ) );
#6142 = PCURVE('',#6022,#6143);
#6143 = DEFINITIONAL_REPRESENTATION('',(#6144),#6148);
#6144 = LINE('',#6145,#6146);
#6145 = CARTESIAN_POINT('',(0.,0.));
#6146 = VECTOR('',#6147,1.);
#6147 = DIRECTION('',(0.,-1.));
#6148 = ( GEOMETRIC_REPRESENTATION_CONTEXT(2) 
PARAMETRIC_REPRESENTATION_CONTEXT() REPRESENTATION_CONTEXT('2D SPACE',''
  ) );
#6149 = ORIENTED_EDGE('',*,*,#6005,.F.);
#6150 = ORIENTED_EDGE('',*,*,#6129,.F.);
#6151 = ADVANCED_FACE('',(#6152,#6155),#6054,.F.);
#6152 = FACE_BOUND('',#6153,.T.);
#6153 = EDGE_LOOP('',(#6154));
#6154 = ORIENTED_EDGE('',*,*,#6037,.T.);
#6155 = FACE_BOUND('',#6156,.T.);
#6156 = EDGE_LOOP('',(#6157));
#6157 = ORIENTED_EDGE('',*,*,#6158,.F.);
#6158 = EDGE_CURVE('',#6159,#6159,#6161,.T.);
#6159 = VERTEX_POINT('',#6160);
#6160 = CARTESIAN_POINT('',(-51.,176.92453645776,-106.15));
#6161 = SURFACE_CURVE('',#6162,(#6167,#6178),.PCURVE_S1.);
#6162 = CIRCLE('',#6163,1.7);
#6163 = AXIS2_PLACEMENT_3D('',#6164,#6165,#6166);
#6164 = CARTESIAN_POINT('',(-51.,175.22453645776,-106.15));
#6165 = DIRECTION('',(1.,0.,0.));
#6166 = DIRECTION('',(-0.,1.,-0.));
#6167 = PCURVE('',#6054,#6168);
#6168 = DEFINITIONAL_REPRESENTATION('',(#6169),#6177);
#6169 = ( BOUNDED_CURVE() B_SPLINE_CURVE(2,(#6170,#6171,#6172,#6173,
#6174,#6175,#6176),.UNSPECIFIED.,.T.,.F.) B_SPLINE_CURVE_WITH_KNOTS((1,2
    ,2,2,2,1),(-2.094395102393,0.,2.094395102393,4.188790204786,
6.28318530718,8.377580409573),.UNSPECIFIED.) CURVE() 
GEOMETRIC_REPRESENTATION_ITEM() RATIONAL_B_SPLINE_CURVE((1.,0.5,1.,0.5,
1.,0.5,1.)) REPRESENTATION_ITEM('') );
#6170 = CARTESIAN_POINT('',(0.,-1.7));
#6171 = CARTESIAN_POINT('',(-2.944486372867,-1.7));
#6172 = CARTESIAN_POINT('',(-1.472243186434,0.85));
#6173 = CARTESIAN_POINT('',(-4.163799117101E-16,3.4));
#6174 = CARTESIAN_POINT('',(1.472243186434,0.85));
#6175 = CARTESIAN_POINT('',(2.944486372867,-1.7));
#6176 = CARTESIAN_POINT('',(0.,-1.7));
#6177 = ( GEOMETRIC_REPRESENTATION_CONTEXT(2) 
PARAMETRIC_REPRESENTATION_CONTEXT() REPRESENTATION_CONTEXT('2D SPACE',''
  ) );
#6178 = PCURVE('',#6179,#6184);
#6179 = CYLINDRICAL_SURFACE('',#6180,1.7);
#6180 = AXIS2_PLACEMENT_3D('',#6181,#6182,#6183);
#6181 = CARTESIAN_POINT('',(-51.,175.22453645776,-106.15));
#6182 = DIRECTION('',(1.,-0.,-0.));
#6183 = DIRECTION('',(-0.,1.,-0.));
#6184 = DEFINITIONAL_REPRESENTATION('',(#6185),#6189);
#6185 = LINE('',#6186,#6187);
#6186 = CARTESIAN_POINT('',(0.,0.));
#6187 = VECTOR('',#6188,1.);
#6188 = DIRECTION('',(1.,0.));
#6189 = ( GEOMETRIC_REPRESENTATION_CONTEXT(2) 
PARAMETRIC_REPRESENTATION_CONTEXT() REPRESENTATION_CONTEXT('2D SPACE',''
  ) );
#6190 = ADVANCED_FACE('',(#6191,#6194),#6113,.F.);
#6191 = FACE_BOUND('',#6192,.T.);
#6192 = EDGE_LOOP('',(#6193));
#6193 = ORIENTED_EDGE('',*,*,#6096,.T.);
#6194 = FACE_BOUND('',#6195,.T.);
#6195 = EDGE_LOOP('',(#6196));
#6196 = ORIENTED_EDGE('',*,*,#6197,.F.);
#6197 = EDGE_CURVE('',#6198,#6198,#6200,.T.);
#6198 = VERTEX_POINT('',#6199);
#6199 = CARTESIAN_POINT('',(-51.,142.83128199298,-108.85));
#6200 = SURFACE_CURVE('',#6201,(#6206,#6217),.PCURVE_S1.);
#6201 = CIRCLE('',#6202,1.7);
#6202 = AXIS2_PLACEMENT_3D('',#6203,#6204,#6205);
#6203 = CARTESIAN_POINT('',(-51.,141.13128199298,-108.85));
#6204 = DIRECTION('',(1.,0.,0.));
#6205 = DIRECTION('',(-0.,1.,-0.));
#6206 = PCURVE('',#6113,#6207);
#6207 = DEFINITIONAL_REPRESENTATION('',(#6208),#6216);
#6208 = ( BOUNDED_CURVE() B_SPLINE_CURVE(2,(#6209,#6210,#6211,#6212,
#6213,#6214,#6215),.UNSPECIFIED.,.T.,.F.) B_SPLINE_CURVE_WITH_KNOTS((1,2
    ,2,2,2,1),(-2.094395102393,0.,2.094395102393,4.188790204786,
6.28318530718,8.377580409573),.UNSPECIFIED.) CURVE() 
GEOMETRIC_REPRESENTATION_ITEM() RATIONAL_B_SPLINE_CURVE((1.,0.5,1.,0.5,
1.,0.5,1.)) REPRESENTATION_ITEM('') );
#6209 = CARTESIAN_POINT('',(1.42108547152E-14,-1.7));
#6210 = CARTESIAN_POINT('',(-2.944486372867,-1.7));
#6211 = CARTESIAN_POINT('',(-1.472243186434,0.85));
#6212 = CARTESIAN_POINT('',(1.379447480349E-14,3.4));
#6213 = CARTESIAN_POINT('',(1.472243186434,0.85));
#6214 = CARTESIAN_POINT('',(2.944486372867,-1.7));
#6215 = CARTESIAN_POINT('',(1.42108547152E-14,-1.7));
#6216 = ( GEOMETRIC_REPRESENTATION_CONTEXT(2) 
PARAMETRIC_REPRESENTATION_CONTEXT() REPRESENTATION_CONTEXT('2D SPACE',''
  ) );
#6217 = PCURVE('',#6218,#6223);
#6218 = CYLINDRICAL_SURFACE('',#6219,1.7);
#6219 = AXIS2_PLACEMENT_3D('',#6220,#6221,#6222);
#6220 = CARTESIAN_POINT('',(-51.,141.13128199298,-108.85));
#6221 = DIRECTION('',(1.,-0.,-0.));
#6222 = DIRECTION('',(-0.,1.,-0.));
#6223 = DEFINITIONAL_REPRESENTATION('',(#6224),#6228);
#6224 = LINE('',#6225,#6226);
#6225 = CARTESIAN_POINT('',(0.,0.));
#6226 = VECTOR('',#6227,1.);
#6227 = DIRECTION('',(1.,0.));
#6228 = ( GEOMETRIC_REPRESENTATION_CONTEXT(2) 
PARAMETRIC_REPRESENTATION_CONTEXT() REPRESENTATION_CONTEXT('2D SPACE',''
  ) );
#6229 = ADVANCED_FACE('',(#6230),#6179,.F.);
#6230 = FACE_BOUND('',#6231,.F.);
#6231 = EDGE_LOOP('',(#6232,#6233,#6256,#6283));
#6232 = ORIENTED_EDGE('',*,*,#6158,.F.);
#6233 = ORIENTED_EDGE('',*,*,#6234,.T.);
#6234 = EDGE_CURVE('',#6159,#6235,#6237,.T.);
#6235 = VERTEX_POINT('',#6236);
#6236 = CARTESIAN_POINT('',(-76.,176.92453645776,-106.15));
#6237 = SEAM_CURVE('',#6238,(#6242,#6249),.PCURVE_S1.);
#6238 = LINE('',#6239,#6240);
#6239 = CARTESIAN_POINT('',(-51.,176.92453645776,-106.15));
#6240 = VECTOR('',#6241,1.);
#6241 = DIRECTION('',(-1.,-0.,-0.));
#6242 = PCURVE('',#6179,#6243);
#6243 = DEFINITIONAL_REPRESENTATION('',(#6244),#6248);
#6244 = LINE('',#6245,#6246);
#6245 = CARTESIAN_POINT('',(6.28318530718,0.));
#6246 = VECTOR('',#6247,1.);
#6247 = DIRECTION('',(0.,-1.));
#6248 = ( GEOMETRIC_REPRESENTATION_CONTEXT(2) 
PARAMETRIC_REPRESENTATION_CONTEXT() REPRESENTATION_CONTEXT('2D SPACE',''
  ) );
#6249 = PCURVE('',#6179,#6250);
#6250 = DEFINITIONAL_REPRESENTATION('',(#6251),#6255);
#6251 = LINE('',#6252,#6253);
#6252 = CARTESIAN_POINT('',(0.,0.));
#6253 = VECTOR('',#6254,1.);
#6254 = DIRECTION('',(0.,-1.));
#6255 = ( GEOMETRIC_REPRESENTATION_CONTEXT(2) 
PARAMETRIC_REPRESENTATION_CONTEXT() REPRESENTATION_CONTEXT('2D SPACE',''
  ) );
#6256 = ORIENTED_EDGE('',*,*,#6257,.F.);
#6257 = EDGE_CURVE('',#6235,#6235,#6258,.T.);
#6258 = SURFACE_CURVE('',#6259,(#6264,#6271),.PCURVE_S1.);
#6259 = CIRCLE('',#6260,1.7);
#6260 = AXIS2_PLACEMENT_3D('',#6261,#6262,#6263);
#6261 = CARTESIAN_POINT('',(-76.,175.22453645776,-106.15));
#6262 = DIRECTION('',(-1.,0.,0.));
#6263 = DIRECTION('',(-0.,1.,-0.));
#6264 = PCURVE('',#6179,#6265);
#6265 = DEFINITIONAL_REPRESENTATION('',(#6266),#6270);
#6266 = LINE('',#6267,#6268);
#6267 = CARTESIAN_POINT('',(6.28318530718,-25.));
#6268 = VECTOR('',#6269,1.);
#6269 = DIRECTION('',(-1.,0.));
#6270 = ( GEOMETRIC_REPRESENTATION_CONTEXT(2) 
PARAMETRIC_REPRESENTATION_CONTEXT() REPRESENTATION_CONTEXT('2D SPACE',''
  ) );
#6271 = PCURVE('',#6272,#6277);
#6272 = PLANE('',#6273);
#6273 = AXIS2_PLACEMENT_3D('',#6274,#6275,#6276);
#6274 = CARTESIAN_POINT('',(-76.,158.17784492321,-107.5000086843));
#6275 = DIRECTION('',(-1.,-0.,-0.));
#6276 = DIRECTION('',(0.,0.,-1.));
#6277 = DEFINITIONAL_REPRESENTATION('',(#6278),#6282);
#6278 = CIRCLE('',#6279,1.7);
#6279 = AXIS2_PLACEMENT_2D('',#6280,#6281);
#6280 = CARTESIAN_POINT('',(-1.350008684398,-17.04669153455));
#6281 = DIRECTION('',(-0.,-1.));
#6282 = ( GEOMETRIC_REPRESENTATION_CONTEXT(2) 
PARAMETRIC_REPRESENTATION_CONTEXT() REPRESENTATION_CONTEXT('2D SPACE',''
  ) );
#6283 = ORIENTED_EDGE('',*,*,#6234,.F.);
#6284 = ADVANCED_FACE('',(#6285),#6218,.F.);
#6285 = FACE_BOUND('',#6286,.F.);
#6286 = EDGE_LOOP('',(#6287,#6288,#6311,#6338));
#6287 = ORIENTED_EDGE('',*,*,#6197,.F.);
#6288 = ORIENTED_EDGE('',*,*,#6289,.T.);
#6289 = EDGE_CURVE('',#6198,#6290,#6292,.T.);
#6290 = VERTEX_POINT('',#6291);
#6291 = CARTESIAN_POINT('',(-76.,142.83128199298,-108.85));
#6292 = SEAM_CURVE('',#6293,(#6297,#6304),.PCURVE_S1.);
#6293 = LINE('',#6294,#6295);
#6294 = CARTESIAN_POINT('',(-51.,142.83128199298,-108.85));
#6295 = VECTOR('',#6296,1.);
#6296 = DIRECTION('',(-1.,-0.,-0.));
#6297 = PCURVE('',#6218,#6298);
#6298 = DEFINITIONAL_REPRESENTATION('',(#6299),#6303);
#6299 = LINE('',#6300,#6301);
#6300 = CARTESIAN_POINT('',(6.28318530718,0.));
#6301 = VECTOR('',#6302,1.);
#6302 = DIRECTION('',(0.,-1.));
#6303 = ( GEOMETRIC_REPRESENTATION_CONTEXT(2) 
PARAMETRIC_REPRESENTATION_CONTEXT() REPRESENTATION_CONTEXT('2D SPACE',''
  ) );
#6304 = PCURVE('',#6218,#6305);
#6305 = DEFINITIONAL_REPRESENTATION('',(#6306),#6310);
#6306 = LINE('',#6307,#6308);
#6307 = CARTESIAN_POINT('',(0.,0.));
#6308 = VECTOR('',#6309,1.);
#6309 = DIRECTION('',(0.,-1.));
#6310 = ( GEOMETRIC_REPRESENTATION_CONTEXT(2) 
PARAMETRIC_REPRESENTATION_CONTEXT() REPRESENTATION_CONTEXT('2D SPACE',''
  ) );
#6311 = ORIENTED_EDGE('',*,*,#6312,.F.);
#6312 = EDGE_CURVE('',#6290,#6290,#6313,.T.);
#6313 = SURFACE_CURVE('',#6314,(#6319,#6326),.PCURVE_S1.);
#6314 = CIRCLE('',#6315,1.7);
#6315 = AXIS2_PLACEMENT_3D('',#6316,#6317,#6318);
#6316 = CARTESIAN_POINT('',(-76.,141.13128199298,-108.85));
#6317 = DIRECTION('',(-1.,0.,0.));
#6318 = DIRECTION('',(-0.,1.,-0.));
#6319 = PCURVE('',#6218,#6320);
#6320 = DEFINITIONAL_REPRESENTATION('',(#6321),#6325);
#6321 = LINE('',#6322,#6323);
#6322 = CARTESIAN_POINT('',(6.28318530718,-25.));
#6323 = VECTOR('',#6324,1.);
#6324 = DIRECTION('',(-1.,0.));
#6325 = ( GEOMETRIC_REPRESENTATION_CONTEXT(2) 
PARAMETRIC_REPRESENTATION_CONTEXT() REPRESENTATION_CONTEXT('2D SPACE',''
  ) );
#6326 = PCURVE('',#6327,#6332);
#6327 = PLANE('',#6328);
#6328 = AXIS2_PLACEMENT_3D('',#6329,#6330,#6331);
#6329 = CARTESIAN_POINT('',(-76.,158.17784492321,-107.5000086843));
#6330 = DIRECTION('',(-1.,-0.,-0.));
#6331 = DIRECTION('',(0.,0.,-1.));
#6332 = DEFINITIONAL_REPRESENTATION('',(#6333),#6337);
#6333 = CIRCLE('',#6334,1.7);
#6334 = AXIS2_PLACEMENT_2D('',#6335,#6336);
#6335 = CARTESIAN_POINT('',(1.349991315602,17.046562930227));
#6336 = DIRECTION('',(-0.,-1.));
#6337 = ( GEOMETRIC_REPRESENTATION_CONTEXT(2) 
PARAMETRIC_REPRESENTATION_CONTEXT() REPRESENTATION_CONTEXT('2D SPACE',''
  ) );
#6338 = ORIENTED_EDGE('',*,*,#6289,.F.);
#6339 = ADVANCED_FACE('',(#6340),#6272,.F.);
#6340 = FACE_BOUND('',#6341,.T.);
#6341 = EDGE_LOOP('',(#6342));
#6342 = ORIENTED_EDGE('',*,*,#6257,.F.);
#6343 = ADVANCED_FACE('',(#6344),#6327,.F.);
#6344 = FACE_BOUND('',#6345,.T.);
#6345 = EDGE_LOOP('',(#6346));
#6346 = ORIENTED_EDGE('',*,*,#6312,.F.);
#6347 = ( GEOMETRIC_REPRESENTATION_CONTEXT(3) 
GLOBAL_UNCERTAINTY_ASSIGNED_CONTEXT((#6351)) 
GLOBAL_UNIT_ASSIGNED_CONTEXT((#6348,#6349,#6350)) REPRESENTATION_CONTEXT
('Context #1','3D Context with UNIT and UNCERTAINTY') );
#6348 = ( LENGTH_UNIT() NAMED_UNIT(*) SI_UNIT(.MILLI.,.METRE.) );
#6349 = ( NAMED_UNIT(*) PLANE_ANGLE_UNIT() SI_UNIT($,.RADIAN.) );
#6350 = ( NAMED_UNIT(*) SI_UNIT($,.STERADIAN.) SOLID_ANGLE_UNIT() );
#6351 = UNCERTAINTY_MEASURE_WITH_UNIT(LENGTH_MEASURE(1.E-07),#6348,
  'distance_accuracy_value','confusion accuracy');
#6352 = PRODUCT_RELATED_PRODUCT_CATEGORY('part',$,(#7));
ENDSEC;
END-ISO-10303-21;
